사고번호,사고일시,요일,시군구,사고내용,사망자수,중상자수,경상자수,부상신고자수,사고유형,법규위반,노면상태,기상상태,도로형태,가해운전자 차종,가해운전자 성별,가해운전자 연령,가해운전자 상해정도,피해운전자 차종,피해운전자 성별,피해운전자 연령,피해운전자 상해정도
2019010800100176,2019년 1월 8일 10시,화요일,강원도 평창군 평창읍,중상사고,0,1,0,0,차대사람 - 기타,안전운전불이행,건조,맑음,단일로 - 기타,화물,남,33세,상해없음,보행자,여,90세 이상,중상
2019010800100201,2019년 1월 8일 11시,화요일,강원도 춘천시 근화동,중상사고,0,1,1,0,차대차 - 측면충돌,교차로운행방법위반,건조,맑음,교차로 - 교차로안,승용,남,63세,상해없음,승용,남,71세,중상
2019010800100202,2019년 1월 8일 11시,화요일,강원도 철원군 서면,경상사고,0,0,1,0,차대차 - 기타,직진우회전진행방해,건조,맑음,교차로 - 교차로안,승용,남,46세,상해없음,승용,여,53세,경상
2019010800100256,2019년 1월 8일 13시,화요일,강원도 삼척시 사직동,중상사고,0,1,0,0,차대차 - 정면충돌,직진우회전진행방해,건조,맑음,교차로 - 교차로안,승용,남,71세,상해없음,이륜,남,75세,중상
2019010800100257,2019년 1월 8일 13시,화요일,강원도 태백시 황지동,경상사고,0,0,1,0,차대차 - 측면충돌,교차로운행방법위반,건조,맑음,교차로 - 교차로안,화물,남,67세,상해없음,승용,여,43세,경상
2019010800100258,2019년 1월 8일 13시,화요일,강원도 횡성군 횡성읍,경상사고,0,0,2,0,차대차 - 측면충돌,안전운전불이행,건조,맑음,교차로 - 교차로안,승용,여,49세,상해없음,승용,남,43세,경상
2019010800100345,2019년 1월 8일 16시,화요일,강원도 원주시 중앙동,경상사고,0,0,1,0,차량단독 - 기타,안전운전불이행,건조,기타,교차로 - 교차로부근,승합,남,40세,상해없음,,,,
2019010800100346,2019년 1월 8일 16시,화요일,강원도 동해시 송정동,경상사고,0,0,2,0,차대차 - 측면충돌,안전거리미확보,건조,맑음,교차로 - 교차로부근,승용,남,53세,상해없음,승용,여,63세,경상
2019010800100370,2019년 1월 8일 17시,화요일,강원도 춘천시 후평동,경상사고,0,0,1,0,차대차 - 측면충돌,차로위반,건조,맑음,교차로 - 교차로부근,승용,남,64세,상해없음,승용,여,66세,경상
2019010800100371,2019년 1월 8일 17시,화요일,강원도 태백시 황지동,중상사고,0,1,0,0,차대사람 - 기타,안전운전불이행,건조,맑음,교차로 - 교차로부근,승용,여,37세,상해없음,보행자,여,74세,중상
2019010800100413,2019년 1월 8일 18시,화요일,강원도 강릉시 주문진읍,중상사고,0,1,0,0,차대차 - 기타,안전운전불이행,건조,맑음,단일로 - 기타,승용,남,71세,상해없음,자전거,남,23세,중상
2019010800100414,2019년 1월 8일 18시,화요일,강원도 원주시 일산동,경상사고,0,0,1,1,차대차 - 측면충돌,안전운전불이행,건조,기타,단일로 - 기타,원동기,남,58세,부상신고,승용,남,55세,상해없음
2019010800100451,2019년 1월 8일 19시,화요일,강원도 속초시 조양동,경상사고,0,0,2,0,차대차 - 측면충돌,직진우회전진행방해,건조,맑음,교차로 - 교차로안,승용,여,50세,상해없음,승용,남,49세,경상
2019010800100531,2019년 1월 8일 22시,화요일,강원도 춘천시 석사동,경상사고,0,0,1,0,차량단독 - 기타,안전운전불이행,건조,맑음,단일로 - 기타,승합,남,50세,상해없음,,,,
2019010900100053,2019년 1월 9일 04시,수요일,강원도 삼척시 도계읍,경상사고,0,0,1,0,차대차 - 측면충돌,직진우회전진행방해,건조,맑음,교차로 - 교차로안,승용,여,60세,상해없음,승용,남,51세,경상
2019010900100110,2019년 1월 9일 08시,수요일,강원도 원주시 관설동,경상사고,0,0,1,0,차대차 - 측면충돌,직진우회전진행방해,건조,맑음,교차로 - 교차로안,화물,남,52세,상해없음,승용,남,40세,경상
2019010900100131,2019년 1월 9일 09시,수요일,강원도 속초시 영랑동,경상사고,0,0,1,0,차대차 - 측면충돌,안전운전불이행,건조,맑음,기타 - 기타,승용,남,26세,상해없음,승용,남,44세,경상
2019010900100181,2019년 1월 9일 11시,수요일,강원도 영월군 북면,경상사고,0,0,2,0,차대차 - 추돌,안전운전불이행,건조,맑음,단일로 - 기타,승용,여,48세,상해없음,승용,여,58세,경상
2019010900100218,2019년 1월 9일 12시,수요일,강원도 원주시 단구동,경상사고,0,0,1,0,차대차 - 측면충돌,안전운전불이행,건조,맑음,단일로 - 지하차도(도로)내,승용,여,61세,상해없음,승용,남,34세,상해없음
2019010900100219,2019년 1월 9일 12시,수요일,강원도 홍천군 홍천읍,경상사고,0,0,1,0,차대사람 - 횡단중,신호위반,건조,맑음,교차로 - 교차로횡단보도내,승용,남,80세,상해없음,보행자,남,20세,경상
2019010900100299,2019년 1월 9일 15시,수요일,강원도 춘천시 신동면,경상사고,0,0,3,0,차대차 - 측면충돌,신호위반,건조,맑음,교차로 - 교차로안,승용,여,65세,상해없음,승용,남,28세,경상
2019010900100300,2019년 1월 9일 15시,수요일,강원도 원주시 인동,중상사고,0,1,0,0,차대사람 - 횡단중,보행자보호의무위반,건조,맑음,단일로 - 기타,승용,여,42세,상해없음,보행자,여,71세,중상
2019010900100334,2019년 1월 9일 16시,수요일,강원도 원주시 문막읍,경상사고,0,0,1,0,차대차 - 측면충돌,안전운전불이행,건조,맑음,단일로 - 기타,승합,남,38세,상해없음,승용,남,46세,경상
2019010900100366,2019년 1월 9일 17시,수요일,강원도 춘천시 신북읍,경상사고,0,0,1,0,차대차 - 추돌,안전운전불이행,건조,맑음,교차로 - 교차로부근,승용,여,42세,상해없음,승용,여,66세,경상
2019010900100367,2019년 1월 9일 17시,수요일,강원도 평창군 평창읍,중상사고,0,1,0,0,차대차 - 정면충돌,안전운전불이행,기타,맑음,교차로 - 교차로안,승용,남,37세,상해없음,승용,여,34세,중상
2019010900100368,2019년 1월 9일 17시,수요일,강원도 정선군 여량면,경상사고,0,0,2,0,차대차 - 측면충돌,교차로운행방법위반,건조,맑음,교차로 - 교차로안,승용,남,66세,경상,화물,남,55세,경상
2019010900100409,2019년 1월 9일 18시,수요일,강원도 춘천시 후평동,경상사고,0,0,1,0,차대차 - 추돌,안전거리미확보,건조,맑음,교차로 - 교차로부근,승용,여,51세,상해없음,승용,여,32세,경상
2019010900100410,2019년 1월 9일 18시,수요일,강원도 강릉시 교동,중상사고,0,1,0,0,차대차 - 측면충돌,안전운전불이행,건조,맑음,기타 - 기타,승용,남,38세,상해없음,이륜,남,59세,중상
2019010900100411,2019년 1월 9일 18시,수요일,강원도 속초시 조양동,경상사고,0,0,1,0,차대차 - 측면충돌,신호위반,건조,맑음,교차로 - 교차로안,승용,남,60세,상해없음,승용,남,82세,경상
2019010900100412,2019년 1월 9일 18시,수요일,강원도 삼척시 남양동,경상사고,0,0,2,0,차대차 - 후진중충돌,안전운전불이행,건조,흐림,교차로 - 교차로부근,승용,남,63세,상해없음,화물,남,59세,경상
2019010900100413,2019년 1월 9일 18시,수요일,강원도 삼척시 당저동,중상사고,0,1,0,0,차대차 - 측면충돌,교차로운행방법위반,건조,흐림,교차로 - 교차로안,자전거,여,56세,중상,승용,여,61세,상해없음
2019010900100503,2019년 1월 9일 21시,수요일,강원도 원주시 명륜동,경상사고,0,0,2,0,차대차 - 추돌,안전운전불이행,건조,맑음,교차로 - 교차로안,승용,남,20세,상해없음,승용,남,29세,경상
2019011000100020,2019년 1월 10일 00시,목요일,강원도 춘천시 후평동,중상사고,0,2,2,0,차대차 - 측면충돌,교차로운행방법위반,건조,맑음,교차로 - 교차로안,승용,남,29세,상해없음,승합,여,43세,경상
2019011000100021,2019년 1월 10일 00시,목요일,강원도 강릉시 죽헌동,중상사고,0,1,0,0,차대사람 - 횡단중,보행자보호의무위반,건조,맑음,교차로 - 교차로횡단보도내,승용,남,43세,상해없음,보행자,남,19세,중상
2019011000100068,2019년 1월 10일 06시,목요일,강원도 홍천군 홍천읍,중상사고,0,1,1,0,차대차 - 측면충돌,직진우회전진행방해,건조,맑음,교차로 - 교차로안,승용,여,57세,상해없음,승합,남,61세,상해없음
2019011000100087,2019년 1월 10일 07시,목요일,강원도 춘천시 우두동,중상사고,0,2,0,0,차대차 - 측면충돌,신호위반,건조,맑음,교차로 - 교차로안,화물,남,54세,기타불명,화물,남,40세,중상
2019011000100132,2019년 1월 10일 09시,목요일,강원도 춘천시 교동,경상사고,0,0,1,0,차대사람 - 길가장자리구역통행중,안전운전불이행,건조,맑음,단일로 - 기타,승용,여,31세,상해없음,보행자,여,66세,경상
2019011000100174,2019년 1월 10일 11시,목요일,강원도 춘천시 퇴계동,경상사고,0,0,1,0,차대차 - 측면충돌,차로위반,건조,맑음,단일로 - 기타,승용,남,44세,상해없음,이륜,남,55세,경상
2019011000100175,2019년 1월 10일 11시,목요일,강원도 춘천시 중앙로3가,중상사고,0,1,0,0,차량단독 - 기타,안전운전불이행,건조,맑음,단일로 - 기타,승합,남,57세,상해없음,,,,
2019011000100203,2019년 1월 10일 12시,목요일,강원도 강릉시 교동,중상사고,0,1,0,0,차대사람 - 횡단중,보행자보호의무위반,건조,맑음,교차로 - 교차로횡단보도내,승용,여,54세,상해없음,보행자,여,71세,중상
2019011000100204,2019년 1월 10일 12시,목요일,강원도 원주시 우산동,경상사고,0,0,1,0,차대사람 - 횡단중,기타,건조,맑음,기타 - 기타,이륜,남,49세,상해없음,보행자,남,26세,경상
2019011000100205,2019년 1월 10일 12시,목요일,강원도 삼척시 우지동,경상사고,0,0,2,0,차대차 - 후진중충돌,안전운전불이행,건조,맑음,단일로 - 기타,승용,남,45세,상해없음,승용,여,48세,경상
2019011000100221,2019년 1월 10일 13시,목요일,강원도 고성군 토성면,중상사고,0,1,3,0,차대차 - 추돌,안전운전불이행,건조,맑음,교차로 - 교차로안,승용,남,21세,상해없음,승용,여,53세,경상
2019011000100241,2019년 1월 10일 14시,목요일,강원도 춘천시 신북읍,경상사고,0,0,1,0,차대차 - 측면충돌,안전운전불이행,건조,맑음,교차로 - 교차로부근,승용,남,82세,상해없음,승용,여,45세,경상
2019011000100387,2019년 1월 10일 18시,목요일,강원도 횡성군 횡성읍,경상사고,0,0,1,0,차대사람 - 횡단중,안전운전불이행,건조,맑음,교차로 - 교차로안,승용,남,77세,상해없음,보행자,남,71세,경상
2019011000100501,2019년 1월 10일 21시,목요일,강원도 춘천시 효자동,경상사고,0,0,1,0,차대차 - 측면충돌,차로위반,건조,맑음,단일로 - 기타,승용,여,56세,상해없음,원동기,남,16세,경상
2019011000100538,2019년 1월 10일 23시,목요일,강원도 강릉시 입암동,경상사고,0,0,1,0,차대차 - 기타,안전운전불이행,건조,맑음,교차로 - 교차로안,승용,여,42세,상해없음,원동기,남,26세,경상
2019011100100033,2019년 1월 11일 00시,금요일,강원도 춘천시 효자동,중상사고,0,1,0,0,차대사람 - 기타,안전운전불이행,건조,맑음,단일로 - 기타,승용,남,24세,상해없음,보행자,남,22세,중상
2019011100100073,2019년 1월 11일 04시,금요일,강원도 원주시 일산동,중상사고,0,1,0,0,차대사람 - 기타,안전운전불이행,건조,맑음,단일로 - 기타,승용,남,25세,상해없음,보행자,남,41세,중상
2019011100100074,2019년 1월 11일 04시,금요일,강원도 삼척시 남양동,경상사고,0,0,1,0,차대사람 - 길가장자리구역통행중,안전운전불이행,건조,맑음,교차로 - 교차로안,승용,남,66세,상해없음,보행자,여,32세,경상
2019011100100081,2019년 1월 11일 05시,금요일,강원도 삼척시 남양동,경상사고,0,0,3,0,차대차 - 측면충돌,신호위반,건조,맑음,교차로 - 교차로안,승용,여,47세,경상,승용,남,26세,경상
2019011100100098,2019년 1월 11일 06시,금요일,강원도 양양군 현남면,중상사고,0,1,0,0,차대차 - 정면충돌,중앙선침범,건조,맑음,교차로 - 교차로부근,승용,남,26세,상해없음,승용,남,33세,중상
2019011100100126,2019년 1월 11일 07시,금요일,강원도 삼척시 정상동,경상사고,0,0,1,0,차대차 - 측면충돌,안전운전불이행,건조,맑음,교차로 - 교차로부근,자전거,여,66세,경상,승용,남,66세,상해없음
2019011100100171,2019년 1월 11일 09시,금요일,강원도 양구군 양구읍,경상사고,0,0,1,0,차대차 - 측면충돌,안전운전불이행,건조,맑음,교차로 - 교차로안,승용,남,50세,상해없음,승용,남,61세,경상
2019011100100228,2019년 1월 11일 11시,금요일,강원도 속초시 교동,경상사고,0,0,2,0,차대차 - 측면충돌,신호위반,건조,맑음,교차로 - 교차로안,화물,남,68세,상해없음,승용,남,62세,경상
2019011100100229,2019년 1월 11일 11시,금요일,강원도 태백시 문곡동,경상사고,0,0,2,0,차대차 - 추돌,안전운전불이행,건조,맑음,단일로 - 기타,승용,남,63세,상해없음,승용,남,36세,상해없음
2019011100100230,2019년 1월 11일 11시,금요일,강원도 고성군 거진읍,경상사고,0,0,1,0,차대사람 - 차도통행중,안전운전불이행,건조,맑음,교차로 - 교차로부근,승용,남,49세,기타불명,보행자,남,78세,경상
2019011100100286,2019년 1월 11일 13시,금요일,강원도 강릉시 교동,경상사고,0,0,6,0,차대차 - 추돌,안전운전불이행,건조,맑음,단일로 - 기타,화물,남,59세,상해없음,승용,남,23세,경상
2019011100100287,2019년 1월 11일 13시,금요일,강원도 인제군 인제읍,경상사고,0,0,1,0,차대차 - 측면충돌,안전운전불이행,건조,맑음,기타 - 기타,승용,남,49세,상해없음,승용,여,46세,경상
2019011100100343,2019년 1월 11일 15시,금요일,강원도 원주시 단계동,경상사고,0,0,2,0,차대차 - 추돌,안전거리미확보,건조,맑음,교차로 - 교차로횡단보도내,화물,남,69세,상해없음,승용,여,31세,경상
2019011100100371,2019년 1월 11일 16시,금요일,강원도 강릉시 임당동,경상사고,0,0,1,0,차대사람 - 횡단중,신호위반,건조,맑음,단일로 - 기타,승용,여,30세,상해없음,보행자,남,16세,경상
2019011100100448,2019년 1월 11일 18시,금요일,강원도 춘천시 동면,경상사고,0,0,1,0,차대차 - 추돌,안전거리미확보,건조,맑음,단일로 - 기타,화물,남,51세,상해없음,승용,여,34세,경상
2019011100100449,2019년 1월 11일 18시,금요일,강원도 강릉시 사천면,중상사고,0,1,3,0,차대차 - 추돌,안전운전불이행,건조,맑음,단일로 - 기타,승용,남,23세,상해없음,승용,여,37세,경상
2019011100100522,2019년 1월 11일 20시,금요일,강원도 정선군 신동읍,경상사고,0,0,1,0,차대차 - 측면충돌,신호위반,건조,맑음,교차로 - 교차로안,승용,남,47세,상해없음,승용,여,33세,경상
2019011200100025,2019년 1월 12일 00시,토요일,강원도 삼척시 교동,중상사고,0,1,0,0,차량단독 - 공작물충돌,안전운전불이행,건조,맑음,단일로 - 지하차도(도로)내,승용,남,31세,중상,,,,
2019011200100058,2019년 1월 12일 02시,토요일,강원도 속초시 교동,중상사고,0,2,1,0,차대차 - 측면충돌,신호위반,건조,맑음,교차로 - 교차로안,승용,남,62세,상해없음,승용,남,55세,중상
2019011200100103,2019년 1월 12일 05시,토요일,강원도 원주시 단계동,경상사고,0,0,1,0,차대차 - 추돌,안전운전불이행,건조,맑음,교차로 - 교차로부근,승용,남,56세,상해없음,승용,남,25세,경상
2019011200100125,2019년 1월 12일 06시,토요일,강원도 삼척시 근덕면,경상사고,0,0,2,0,차대차 - 측면충돌,직진우회전진행방해,젖음/습기,비,교차로 - 교차로안,화물,남,54세,상해없음,승용,남,58세,경상
2019011200100134,2019년 1월 12일 07시,토요일,강원도 원주시 단계동,사망사고,1,2,0,0,차대차 - 정면충돌,중앙선침범,건조,맑음,단일로 - 기타,승용,남,32세,사망,화물,남,48세,중상
2019011200100135,2019년 1월 12일 07시,토요일,강원도 정선군 고한읍,중상사고,0,1,2,0,차대차 - 추돌,안전운전불이행,적설,눈,단일로 - 기타,승용,남,66세,상해없음,승용,남,60세,중상
2019011200100147,2019년 1월 12일 08시,토요일,강원도 삼척시 등봉동,경상사고,0,0,3,0,차대차 - 측면충돌,안전운전불이행,서리/결빙,비,단일로 - 지하차도(도로)내,승용,여,38세,상해없음,승용,여,31세,경상
2019011200100148,2019년 1월 12일 08시,토요일,강원도 홍천군 서면,경상사고,0,0,1,0,차대차 - 정면충돌,안전운전불이행,건조,맑음,단일로 - 기타,승용,남,27세,상해없음,승용,남,51세,경상
2019011200100191,2019년 1월 12일 10시,토요일,강원도 춘천시 후평동,경상사고,0,0,2,0,차대차 - 측면충돌,신호위반,건조,맑음,교차로 - 교차로안,승용,여,62세,상해없음,승용,남,64세,경상
2019011200100227,2019년 1월 12일 11시,토요일,강원도 원주시 관설동,경상사고,0,0,1,0,차대차 - 추돌,안전거리미확보,건조,맑음,교차로 - 교차로안,승용,여,44세,상해없음,이륜,남,68세,경상
2019011200100228,2019년 1월 12일 11시,토요일,강원도 속초시 도문동,중상사고,0,1,0,0,차대차 - 측면충돌,직진우회전진행방해,건조,맑음,교차로 - 교차로안,승용,남,61세,상해없음,화물,남,58세,중상
2019011200100229,2019년 1월 12일 11시,토요일,강원도 횡성군 우천면,경상사고,0,0,6,0,차대차 - 기타,안전운전불이행,건조,맑음,교차로 - 교차로부근,승용,여,46세,경상,승용,남,46세,경상
2019011200100302,2019년 1월 12일 14시,토요일,강원도 원주시 단구동,중상사고,0,1,1,0,차대사람 - 횡단중,안전운전불이행,건조,맑음,교차로 - 교차로안,승용,남,29세,상해없음,보행자,남,42세,경상
2019011200100376,2019년 1월 12일 17시,토요일,강원도 원주시 단계동,중상사고,0,1,0,0,차대차 - 측면충돌,신호위반,건조,맑음,교차로 - 교차로횡단보도내,자전거,남,85세,중상,승용,남,60세,상해없음
2019011200100408,2019년 1월 12일 18시,토요일,강원도 춘천시 서면,경상사고,0,0,2,0,차대차 - 측면충돌,신호위반,건조,맑음,교차로 - 교차로안,화물,남,66세,상해없음,승용,남,55세,경상
2019011200100469,2019년 1월 12일 20시,토요일,강원도 춘천시 석사동,경상사고,0,0,1,0,차대차 - 추돌,안전거리미확보,건조,맑음,교차로 - 교차로부근,승용,남,57세,상해없음,화물,남,57세,경상
2019011200100503,2019년 1월 12일 21시,토요일,강원도 삼척시 가곡면,경상사고,0,0,2,0,차량단독 - 공작물충돌,안전운전불이행,젖음/습기,흐림,단일로 - 기타,승용,남,56세,경상,,,,
2019011200100504,2019년 1월 12일 21시,토요일,강원도 홍천군 동면,중상사고,0,2,0,0,차량단독 - 전도전복 - 전복,안전운전불이행,건조,맑음,단일로 - 기타,승용,남,62세,상해없음,,,,
2019011200100527,2019년 1월 12일 22시,토요일,강원도 춘천시 후평동,경상사고,0,0,1,0,차대차 - 측면충돌,안전운전불이행,건조,맑음,교차로 - 교차로부근,이륜,남,23세,상해없음,승용,남,55세,경상
2019011200100528,2019년 1월 12일 22시,토요일,강원도 강릉시 옥천동,경상사고,0,0,2,0,차대차 - 추돌,안전운전불이행,젖음/습기,맑음,교차로 - 교차로부근,승용,남,43세,기타불명,승용,남,25세,경상
2019011200100529,2019년 1월 12일 22시,토요일,강원도 원주시 학성동,경상사고,0,0,1,0,차대차 - 측면충돌,교차로운행방법위반,건조,맑음,교차로 - 교차로안,승용,남,48세,상해없음,승용,남,57세,경상
2019011200100530,2019년 1월 12일 22시,토요일,강원도 정선군 신동읍,중상사고,0,2,0,0,차대차 - 측면충돌,중앙선침범,젖음/습기,눈,단일로 - 기타,승용,여,26세,중상,승용,남,18세,상해없음
2019011200100553,2019년 1월 12일 23시,토요일,강원도 강릉시 포남동,중상사고,0,1,0,0,차대사람 - 횡단중,보행자보호의무위반,젖음/습기,흐림,교차로 - 교차로횡단보도내,승용,남,63세,상해없음,보행자,여,61세,중상
2019011300100020,2019년 1월 13일 00시,일요일,강원도 춘천시 신북읍,경상사고,0,0,3,0,차대차 - 측면충돌,직진우회전진행방해,건조,맑음,교차로 - 교차로안,승용,남,29세,상해없음,승용,남,41세,경상
2019011300100021,2019년 1월 13일 00시,일요일,강원도 강릉시 임당동,경상사고,0,0,5,0,차대차 - 측면충돌,신호위반,건조,맑음,교차로 - 교차로안,승용,남,60세,상해없음,승합,남,41세,경상
2019011300100120,2019년 1월 13일 09시,일요일,강원도 속초시 노학동,경상사고,0,0,1,0,차대차 - 측면충돌,직진우회전진행방해,건조,맑음,교차로 - 교차로안,원동기,남,37세,상해없음,승용,남,46세,경상
2019011300100121,2019년 1월 13일 09시,일요일,강원도 철원군 갈말읍,중상사고,0,2,0,0,차대차 - 측면충돌,신호위반,건조,맑음,교차로 - 교차로안,승용,남,34세,상해없음,승용,남,27세,중상
2019011300100136,2019년 1월 13일 10시,일요일,강원도 양구군 해안면,중상사고,0,1,2,0,차대차 - 정면충돌,중앙선침범,서리/결빙,맑음,단일로 - 기타,승용,여,45세,경상,승용,여,38세,중상
2019011300100167,2019년 1월 13일 12시,일요일,강원도 춘천시 사북면,중상사고,0,3,0,0,차대차 - 기타,기타,건조,맑음,단일로 - 기타,건설기계,남,46세,상해없음,화물,남,57세,중상
2019011300100168,2019년 1월 13일 12시,일요일,강원도 평창군 봉평면,경상사고,0,0,3,0,차대차 - 추돌,안전운전불이행,건조,맑음,단일로 - 기타,승용,남,32세,상해없음,승용,남,38세,상해없음
2019011300100207,2019년 1월 13일 14시,일요일,강원도 원주시 단구동,경상사고,0,0,2,0,차대차 - 추돌,안전운전불이행,건조,맑음,교차로 - 교차로부근,승용,남,34세,상해없음,승용,남,51세,경상
2019011300100233,2019년 1월 13일 15시,일요일,강원도 원주시 단구동,경상사고,0,0,1,0,차대차 - 정면충돌,안전운전불이행,건조,맑음,교차로 - 교차로안,승용,남,63세,상해없음,이륜,남,44세,경상
2019011300100234,2019년 1월 13일 15시,일요일,강원도 정선군 고한읍,경상사고,0,0,2,0,차대차 - 측면충돌,안전운전불이행,건조,맑음,단일로 - 기타,승용,남,45세,상해없음,승용,남,34세,경상
2019011300100258,2019년 1월 13일 16시,일요일,강원도 춘천시 효자동,경상사고,0,0,3,0,차대차 - 측면충돌,안전운전불이행,건조,맑음,교차로 - 교차로안,화물,남,69세,경상,승용,남,52세,경상
2019011300100355,2019년 1월 13일 20시,일요일,강원도 춘천시 효자동,경상사고,0,0,2,0,차대차 - 측면충돌,신호위반,건조,맑음,교차로 - 교차로안,승용,남,28세,상해없음,승용,남,43세,경상
2019011400100054,2019년 1월 14일 02시,월요일,강원도 횡성군 횡성읍,중상사고,0,1,1,0,차대차 - 기타,안전운전불이행,건조,맑음,교차로 - 교차로안,승용,남,66세,상해없음,이륜,남,17세,경상
2019011400100115,2019년 1월 14일 07시,월요일,강원도 춘천시 근화동,경상사고,0,0,2,0,차대차 - 추돌,안전거리미확보,건조,맑음,단일로 - 기타,화물,남,49세,상해없음,승용,남,59세,경상
2019011400100144,2019년 1월 14일 08시,월요일,강원도 춘천시 동면,경상사고,0,0,2,0,차대차 - 측면충돌,안전거리미확보,건조,맑음,단일로 - 기타,승용,여,28세,상해없음,승용,여,24세,경상
2019011400100145,2019년 1월 14일 08시,월요일,강원도 원주시 문막읍,경상사고,0,0,2,0,차대차 - 측면충돌,교차로운행방법위반,건조,맑음,교차로 - 교차로안,승용,여,54세,경상,승용,여,46세,경상
2019011400100183,2019년 1월 14일 09시,월요일,강원도 강릉시 포남동,경상사고,0,0,1,0,차대사람 - 횡단중,보행자보호의무위반,건조,맑음,단일로 - 기타,승용,여,55세,상해없음,보행자,여,75세,경상
2019011400100184,2019년 1월 14일 09시,월요일,강원도 강릉시 운산동,경상사고,0,0,4,0,차대차 - 기타,안전운전불이행,건조,맑음,단일로 - 기타,승용,남,36세,상해없음,승용,남,48세,경상
2019011400100185,2019년 1월 14일 09시,월요일,강원도 동해시 천곡동,경상사고,0,0,1,0,차대차 - 측면충돌,직진우회전진행방해,건조,맑음,교차로 - 교차로안,승용,여,22세,상해없음,승용,남,50세,경상
2019011400100211,2019년 1월 14일 10시,월요일,강원도 춘천시 동내면,경상사고,0,0,2,0,차대차 - 기타,안전거리미확보,건조,맑음,교차로 - 교차로부근,승용,남,61세,기타불명,특수,남,26세,경상
2019011400100212,2019년 1월 14일 10시,월요일,강원도 원주시 단계동,경상사고,0,0,1,0,차대차 - 측면충돌,직진우회전진행방해,건조,맑음,교차로 - 교차로안,승용,여,49세,상해없음,승용,여,37세,경상
2019011400100213,2019년 1월 14일 10시,월요일,강원도 홍천군 서면,경상사고,0,0,1,0,차대차 - 측면충돌,차로위반,건조,맑음,단일로 - 기타,승용,여,40세,상해없음,승용,여,20세,경상
2019011400100241,2019년 1월 14일 11시,월요일,강원도 삼척시 남양동,사망사고,1,0,0,0,차대사람 - 횡단중,안전운전불이행,건조,맑음,교차로 - 교차로횡단보도내,승용,남,21세,상해없음,보행자,남,73세,사망
2019011400100303,2019년 1월 14일 13시,월요일,강원도 평창군 대관령면,경상사고,0,0,3,0,차량단독 - 공작물충돌,안전운전불이행,건조,맑음,교차로 - 교차로안,승용,남,62세,상해없음,,,,
2019011400100342,2019년 1월 14일 15시,월요일,강원도 양양군 손양면,중상사고,0,1,0,0,차량단독 - 공작물충돌,안전운전불이행,건조,흐림,단일로 - 기타,승용,여,41세,상해없음,,,,
2019011400100343,2019년 1월 14일 15시,월요일,강원도 삼척시 근덕면,경상사고,0,0,2,0,차대차 - 기타,신호위반,건조,맑음,단일로 - 교량,승용,남,73세,상해없음,승용,남,54세,경상
2019011400100344,2019년 1월 14일 15시,월요일,강원도 횡성군 안흥면,사망사고,1,0,0,0,차량단독 - 공작물충돌,안전운전불이행,건조,맑음,단일로 - 기타,승용,남,61세,사망,,,,
2019011400100366,2019년 1월 14일 16시,월요일,강원도 원주시 지정면,경상사고,0,0,3,0,차대차 - 측면충돌,직진우회전진행방해,건조,맑음,교차로 - 교차로안,승용,여,29세,경상,승용,남,24세,경상
2019011400100367,2019년 1월 14일 16시,월요일,강원도 삼척시 남양동,중상사고,0,1,0,0,차대차 - 정면충돌,안전운전불이행,건조,맑음,교차로 - 교차로안,화물,남,76세,상해없음,승용,남,51세,중상
2019011400100395,2019년 1월 14일 17시,월요일,강원도 강릉시 내곡동,경상사고,0,0,1,0,차대사람 - 보도통행중,보행자보호의무위반,건조,맑음,교차로 - 교차로안,화물,남,44세,상해없음,보행자,여,21세,경상
2019011400100396,2019년 1월 14일 17시,월요일,강원도 삼척시 사직동,경상사고,0,0,1,0,차대차 - 측면충돌,안전운전불이행,건조,흐림,교차로 - 교차로안,승용,남,63세,상해없음,승용,남,24세,경상
2019011400100397,2019년 1월 14일 17시,월요일,강원도 횡성군 횡성읍,경상사고,0,0,2,0,차대차 - 기타,중앙선침범,건조,맑음,단일로 - 기타,승용,남,56세,상해없음,화물,남,66세,경상
2019011400100447,2019년 1월 14일 18시,월요일,강원도 춘천시 석사동,경상사고,0,0,1,0,차대차 - 측면충돌,안전운전불이행,건조,맑음,교차로 - 교차로안,승용,여,29세,상해없음,승용,여,49세,경상
2019011400100448,2019년 1월 14일 18시,월요일,강원도 동해시 천곡동,경상사고,0,0,1,0,차대차 - 측면충돌,안전거리미확보,건조,맑음,단일로 - 기타,승용,남,60세,상해없음,승용,남,34세,경상
2019011500100085,2019년 1월 15일 07시,화요일,강원도 원주시 단계동,경상사고,0,0,1,0,차대차 - 측면충돌,신호위반,건조,맑음,교차로 - 교차로안,승용,남,68세,기타불명,승용,여,27세,경상
2019011500100110,2019년 1월 15일 08시,화요일,강원도 원주시 관설동,중상사고,0,1,0,0,차대차 - 측면충돌,교차로운행방법위반,건조,맑음,교차로 - 교차로안,승용,여,59세,상해없음,승용,남,36세,중상
2019011500100111,2019년 1월 15일 08시,화요일,강원도 동해시 송정동,경상사고,0,0,1,0,차대차 - 측면충돌,직진우회전진행방해,건조,맑음,교차로 - 교차로부근,건설기계,남,53세,상해없음,승용,여,32세,경상
2019011500100160,2019년 1월 15일 10시,화요일,강원도 횡성군 우천면,중상사고,0,1,0,0,차대사람 - 횡단중,안전운전불이행,건조,맑음,단일로 - 기타,승용,남,70세,상해없음,보행자,남,67세,중상