사고번호,사고일시,요일,시군구,사고내용,사망자수,중상자수,경상자수,부상신고자수,사고유형,법규위반,노면상태,기상상태,도로형태,가해운전자 차종,가해운전자 성별,가해운전자 연령,가해운전자 상해정도,피해운전자 차종,피해운전자 성별,피해운전자 연령,피해운전자 상해정도
2019011500100188,2019년 1월 15일 11시,화요일,강원도 춘천시 효자동,경상사고,0,0,2,0,차대차 - 측면충돌,교차로운행방법위반,건조,맑음,교차로 - 교차로안,승용,여,51세,상해없음,화물,남,26세,경상
2019011500100189,2019년 1월 15일 11시,화요일,강원도 속초시 교동,경상사고,0,0,1,0,차대차 - 측면충돌,안전운전불이행,건조,맑음,단일로 - 고가도로위,승용,남,76세,상해없음,이륜,남,46세,경상
2019011500100211,2019년 1월 15일 12시,화요일,강원도 춘천시 우두동,경상사고,0,0,1,0,차대사람 - 기타,안전운전불이행,건조,맑음,단일로 - 기타,화물,남,48세,상해없음,보행자,여,54세,경상
2019011500100212,2019년 1월 15일 12시,화요일,강원도 강릉시 포남동,경상사고,0,0,1,0,차대차 - 측면충돌,안전운전불이행,건조,맑음,교차로 - 교차로안,승용,여,60세,상해없음,승용,남,55세,경상
2019011500100213,2019년 1월 15일 12시,화요일,강원도 삼척시 남양동,중상사고,0,1,0,0,차대차 - 측면충돌,교차로운행방법위반,건조,맑음,교차로 - 교차로안,원동기,남,64세,중상,화물,남,50세,상해없음
2019011500100214,2019년 1월 15일 12시,화요일,강원도 고성군 거진읍,경상사고,0,0,1,0,차대차 - 측면충돌,안전운전불이행,건조,맑음,교차로 - 교차로부근,화물,남,64세,상해없음,승용,여,58세,경상
2019011500100240,2019년 1월 15일 13시,화요일,강원도 원주시 문막읍,경상사고,0,0,1,0,차대차 - 측면충돌,안전운전불이행,건조,맑음,교차로 - 교차로안,승용,여,51세,기타불명,승용,남,23세,경상
2019011500100263,2019년 1월 15일 14시,화요일,강원도 고성군 토성면,경상사고,0,0,2,0,차대차 - 추돌,안전운전불이행,건조,맑음,교차로 - 교차로부근,건설기계,남,39세,상해없음,승용,여,58세,경상
2019011500100283,2019년 1월 15일 15시,화요일,강원도 원주시 무실동,경상사고,0,0,2,0,차대차 - 측면충돌,신호위반,건조,맑음,교차로 - 교차로안,승용,여,45세,경상,승합,남,52세,경상
2019011500100284,2019년 1월 15일 15시,화요일,강원도 속초시 대포동,경상사고,0,0,1,0,차대차 - 기타,직진우회전진행방해,건조,맑음,교차로 - 교차로안,화물,남,72세,상해없음,승합,남,34세,상해없음
2019011500100285,2019년 1월 15일 15시,화요일,강원도 홍천군 남면,사망사고,1,0,0,0,차량단독 - 공작물충돌,안전운전불이행,건조,맑음,단일로 - 기타,승용,여,68세,상해없음,,,,
2019011500100312,2019년 1월 15일 16시,화요일,강원도 춘천시 운교동,경상사고,0,0,2,0,차대차 - 추돌,안전운전불이행,건조,맑음,단일로 - 기타,승용,여,36세,상해없음,승용,여,53세,경상
2019011500100338,2019년 1월 15일 17시,화요일,강원도 춘천시 후평동,중상사고,0,1,0,0,차대차 - 측면충돌,안전거리미확보,건조,맑음,단일로 - 기타,승합,남,54세,상해없음,이륜,남,38세,중상
2019011500100379,2019년 1월 15일 18시,화요일,강원도 속초시 조양동,중상사고,0,1,0,0,차대사람 - 횡단중,보행자보호의무위반,건조,맑음,단일로 - 기타,이륜,남,25세,기타불명,보행자,여,60세,중상
2019011500100431,2019년 1월 15일 19시,화요일,강원도 춘천시 석사동,경상사고,0,0,1,0,차대차 - 기타,안전운전불이행,건조,맑음,기타 - 기타,승용,여,56세,상해없음,승합,남,52세,경상
2019011500100507,2019년 1월 15일 22시,화요일,강원도 홍천군 북방면,중상사고,0,1,0,0,차량단독 - 기타,안전운전불이행,건조,맑음,교차로 - 교차로부근,이륜,남,51세,중상,,,,
2019011600100044,2019년 1월 16일 02시,수요일,강원도 원주시 학성동,경상사고,0,0,1,0,차대사람 - 보도통행중,보행자보호의무위반,건조,맑음,단일로 - 지하차도(도로)내,승용,남,41세,상해없음,보행자,남,57세,경상
2019011600100093,2019년 1월 16일 07시,수요일,강원도 강릉시 입암동,경상사고,0,0,1,0,차대차 - 측면충돌,신호위반,건조,맑음,교차로 - 교차로안,승용,남,64세,상해없음,승용,여,57세,경상
2019011600100110,2019년 1월 16일 08시,수요일,강원도 원주시 반곡동,경상사고,0,0,1,0,차대차 - 기타,불법유턴,건조,맑음,교차로 - 교차로안,화물,남,51세,상해없음,승용,여,28세,경상
2019011600100133,2019년 1월 16일 09시,수요일,강원도 춘천시 퇴계동,경상사고,0,0,2,0,차대차 - 기타,중앙선침범,건조,맑음,단일로 - 기타,승용,여,39세,상해없음,승용,여,37세,경상
2019011600100216,2019년 1월 16일 12시,수요일,강원도 춘천시 석사동,경상사고,0,0,1,0,차대차 - 측면충돌,안전운전불이행,건조,맑음,교차로 - 교차로안,승용,여,46세,상해없음,이륜,남,29세,경상
2019011600100243,2019년 1월 16일 13시,수요일,강원도 태백시 황지동,경상사고,0,0,1,0,차대차 - 측면충돌,기타,건조,맑음,단일로 - 기타,화물,남,53세,상해없음,화물,남,66세,경상
2019011600100244,2019년 1월 16일 13시,수요일,강원도 동해시 나안동,경상사고,0,0,2,0,차대차 - 측면충돌,안전운전불이행,건조,맑음,단일로 - 기타,화물,남,55세,상해없음,승용,남,35세,경상
2019011600100264,2019년 1월 16일 14시,수요일,강원도 정선군 정선읍,중상사고,0,1,0,0,차대차 - 정면충돌,중앙선침범,건조,맑음,단일로 - 기타,승용,남,25세,상해없음,화물,남,30세,중상
2019011600100299,2019년 1월 16일 15시,수요일,강원도 춘천시 후평동,경상사고,0,0,3,0,차대차 - 측면충돌,신호위반,건조,맑음,교차로 - 교차로안,승용,남,68세,상해없음,승용,남,62세,경상
2019011600100300,2019년 1월 16일 15시,수요일,강원도 원주시 관설동,경상사고,0,0,1,0,차대차 - 측면충돌,안전운전불이행,건조,맑음,교차로 - 교차로부근,승용,남,73세,상해없음,승용,여,58세,경상
2019011600100334,2019년 1월 16일 16시,수요일,강원도 춘천시 사농동,경상사고,0,0,2,0,차대차 - 측면충돌,신호위반,건조,맑음,교차로 - 교차로안,승합,남,63세,상해없음,승용,여,53세,경상
2019011600100335,2019년 1월 16일 16시,수요일,강원도 양양군 양양읍,경상사고,0,0,2,0,차대차 - 추돌,안전운전불이행,건조,맑음,교차로 - 교차로안,승용,남,69세,상해없음,승용,여,60세,경상
2019011600100373,2019년 1월 16일 17시,수요일,강원도 춘천시 효자동,경상사고,0,0,1,0,차대차 - 측면충돌,신호위반,건조,맑음,교차로 - 교차로안,승용,남,74세,상해없음,원동기,남,31세,경상
2019011600100374,2019년 1월 16일 17시,수요일,강원도 속초시 조양동,경상사고,0,0,2,0,차대차 - 추돌,안전운전불이행,건조,맑음,교차로 - 교차로부근,승용,남,29세,상해없음,승합,여,39세,경상
2019011600100412,2019년 1월 16일 18시,수요일,강원도 강릉시 대전동,중상사고,0,1,0,0,차대사람 - 횡단중,보행자보호의무위반,건조,맑음,교차로 - 교차로횡단보도내,화물,남,48세,상해없음,보행자,여,21세,중상
2019011600100413,2019년 1월 16일 18시,수요일,강원도 영월군 영월읍,경상사고,0,0,1,0,차대사람 - 횡단중,보행자보호의무위반,건조,맑음,교차로 - 교차로횡단보도내,승용,남,72세,상해없음,보행자,남,77세,경상
2019011600100463,2019년 1월 16일 19시,수요일,강원도 춘천시 퇴계동,경상사고,0,0,1,0,차대차 - 측면충돌,교차로운행방법위반,건조,맑음,교차로 - 교차로부근,승용,남,63세,상해없음,승용,남,34세,경상
2019011600100464,2019년 1월 16일 19시,수요일,강원도 강릉시 교동,중상사고,0,1,0,0,차대사람 - 횡단중,안전운전불이행,건조,맑음,교차로 - 교차로부근,승용,남,57세,상해없음,보행자,여,15세,중상
2019011600100465,2019년 1월 16일 19시,수요일,강원도 원주시 개운동,경상사고,0,0,2,0,차대차 - 측면충돌,직진우회전진행방해,건조,맑음,교차로 - 교차로안,승용,여,48세,상해없음,승용,남,58세,경상
2019011600100505,2019년 1월 16일 20시,수요일,강원도 원주시 명륜동,경상사고,0,0,3,0,차대차 - 측면충돌,신호위반,건조,맑음,교차로 - 교차로안,승용,남,69세,상해없음,승용,남,47세,경상
2019011600100506,2019년 1월 16일 20시,수요일,강원도 화천군 화천읍,경상사고,0,0,1,0,차대차 - 측면충돌,안전운전불이행,건조,맑음,교차로 - 교차로안,승용,여,49세,상해없음,승용,남,33세,경상
2019011600100532,2019년 1월 16일 21시,수요일,강원도 원주시 단구동,경상사고,0,0,1,0,차대차 - 측면충돌,안전운전불이행,건조,맑음,교차로 - 교차로안,승용,남,56세,상해없음,이륜,남,36세,경상
2019011600100555,2019년 1월 16일 22시,수요일,강원도 고성군 간성읍,중상사고,0,1,0,0,차대사람 - 차도통행중,안전운전불이행,건조,맑음,기타 - 기타,승용,남,37세,상해없음,보행자,여,63세,중상
2019011700100226,2019년 1월 17일 12시,목요일,강원도 강릉시 교동,중상사고,0,1,0,0,차대차 - 측면충돌,안전운전불이행,건조,맑음,단일로 - 기타,승용,여,59세,상해없음,원동기,남,43세,중상
2019011700100250,2019년 1월 17일 13시,목요일,강원도 원주시 단구동,경상사고,0,0,2,0,차대차 - 추돌,안전운전불이행,건조,맑음,교차로 - 교차로부근,승용,여,59세,상해없음,승용,남,44세,경상
2019011700100251,2019년 1월 17일 13시,목요일,강원도 동해시 평릉동,경상사고,0,0,1,0,차대사람 - 기타,안전운전불이행,건조,맑음,기타 - 기타,승합,남,52세,상해없음,보행자,남,81세,경상
2019011700100284,2019년 1월 17일 14시,목요일,강원도 동해시 부곡동,경상사고,0,0,1,0,차대차 - 추돌,안전거리미확보,건조,맑음,교차로 - 교차로부근,승합,남,60세,상해없음,승용,남,74세,상해없음
2019011700100319,2019년 1월 17일 15시,목요일,강원도 춘천시 퇴계동,경상사고,0,0,1,0,차대차 - 측면충돌,교차로운행방법위반,건조,맑음,교차로 - 교차로부근,승용,여,36세,상해없음,이륜,남,42세,경상
2019011700100320,2019년 1월 17일 15시,목요일,강원도 평창군 평창읍,중상사고,0,1,0,0,차대차 - 추돌,안전운전불이행,건조,맑음,교차로 - 교차로안,화물,남,38세,상해없음,승용,여,48세,중상
2019011700100361,2019년 1월 17일 16시,목요일,강원도 원주시 단구동,경상사고,0,0,2,0,차대차 - 측면충돌,안전거리미확보,건조,맑음,단일로 - 기타,승용,남,43세,상해없음,승용,남,25세,경상
2019011700100431,2019년 1월 17일 18시,목요일,강원도 강릉시 입암동,중상사고,0,1,1,0,차대사람 - 기타,보행자보호의무위반,건조,맑음,교차로 - 교차로횡단보도내,승용,여,34세,상해없음,보행자,남,66세,중상
2019011700100432,2019년 1월 17일 18시,목요일,강원도 원주시 신림면,경상사고,0,0,1,0,차대차 - 기타,안전운전불이행,건조,맑음,단일로 - 기타,승용,남,66세,상해없음,승용,남,31세,상해없음
2019011700100433,2019년 1월 17일 18시,목요일,강원도 원주시 단구동,경상사고,0,0,1,0,차대차 - 측면충돌,교차로운행방법위반,건조,맑음,교차로 - 교차로안,승용,여,37세,상해없음,승용,여,37세,경상
2019011700100485,2019년 1월 17일 19시,목요일,강원도 춘천시 신동면,경상사고,0,0,3,0,차대차 - 기타,교차로운행방법위반,건조,맑음,교차로 - 교차로안,화물,여,55세,상해없음,승용,여,37세,경상
2019011700100486,2019년 1월 17일 19시,목요일,강원도 원주시 호저면,중상사고,0,1,1,0,차대차 - 기타,신호위반,건조,흐림,교차로 - 교차로안,화물,남,66세,중상,화물,남,37세,경상
2019011700100534,2019년 1월 17일 21시,목요일,강원도 원주시 학성동,경상사고,0,0,1,0,차대차 - 측면충돌,안전운전불이행,건조,맑음,단일로 - 기타,승용,남,28세,상해없음,승용,여,55세,경상
2019011700100535,2019년 1월 17일 21시,목요일,강원도 영월군 남면,중상사고,0,2,0,1,차대차 - 추돌,안전거리미확보,건조,맑음,단일로 - 기타,승합,남,56세,상해없음,승용,남,35세,중상
2019011700100564,2019년 1월 17일 22시,목요일,강원도 원주시 단계동,경상사고,0,0,2,0,차대차 - 측면충돌,안전운전불이행,건조,맑음,교차로 - 교차로안,승용,남,63세,상해없음,승용,남,63세,경상
2019011700100589,2019년 1월 17일 23시,목요일,강원도 원주시 무실동,경상사고,0,0,1,0,차대차 - 기타,안전운전불이행,건조,맑음,기타 - 기타,승용,남,23세,상해없음,승용,여,46세,경상
2019011800100027,2019년 1월 18일 01시,금요일,강원도 춘천시 효자동,경상사고,0,0,1,0,차대사람 - 횡단중,보행자보호의무위반,건조,맑음,교차로 - 교차로횡단보도내,기타불명,기타불명,미분류,기타불명,보행자,남,18세,경상
2019011800100028,2019년 1월 18일 01시,금요일,강원도 속초시 교동,경상사고,0,0,1,0,차대차 - 측면충돌,안전운전불이행,건조,맑음,단일로 - 기타,승용,여,46세,상해없음,이륜,남,49세,경상
2019011800100182,2019년 1월 18일 10시,금요일,강원도 원주시 학성동,중상사고,0,1,0,0,차대차 - 측면충돌,교차로운행방법위반,건조,맑음,교차로 - 교차로안,승용,남,70세,상해없음,승용,남,64세,중상
2019011800100183,2019년 1월 18일 10시,금요일,강원도 평창군 평창읍,경상사고,0,0,1,2,차대차 - 측면충돌,신호위반,건조,맑음,교차로 - 교차로안,화물,남,63세,상해없음,화물,남,47세,부상신고
2019011800100228,2019년 1월 18일 11시,금요일,강원도 춘천시 후평동,경상사고,0,0,1,0,차대차 - 추돌,안전거리미확보,건조,맑음,단일로 - 기타,화물,남,26세,상해없음,승용,남,71세,경상
2019011800100229,2019년 1월 18일 11시,금요일,강원도 원주시 인동,중상사고,0,1,0,0,차대사람 - 횡단중,안전운전불이행,건조,맑음,단일로 - 기타,승용,여,59세,상해없음,보행자,여,62세,중상
2019011800100254,2019년 1월 18일 12시,금요일,강원도 춘천시 신북읍,경상사고,0,0,2,0,차대차 - 기타,안전운전불이행,건조,맑음,교차로 - 교차로안,승용,남,81세,상해없음,화물,남,54세,경상
2019011800100255,2019년 1월 18일 12시,금요일,강원도 강릉시 교동,경상사고,0,0,1,0,차대차 - 기타,안전운전불이행,건조,맑음,교차로 - 교차로안,승용,여,42세,상해없음,승용,여,45세,경상
2019011800100279,2019년 1월 18일 13시,금요일,강원도 속초시 교동,중상사고,0,1,0,0,차대차 - 측면충돌,안전운전불이행,건조,맑음,단일로 - 기타,승용,여,51세,상해없음,자전거,남,81세,중상
2019011800100280,2019년 1월 18일 13시,금요일,강원도 태백시 소도동,경상사고,0,0,1,0,차대차 - 측면충돌,중앙선침범,건조,맑음,단일로 - 기타,승용,여,66세,상해없음,승용,남,65세,경상
2019011800100345,2019년 1월 18일 15시,금요일,강원도 강릉시 주문진읍,중상사고,0,1,0,0,차대차 - 기타,중앙선침범,건조,맑음,교차로 - 교차로안,승용,남,73세,상해없음,승용,남,37세,중상
2019011800100346,2019년 1월 18일 15시,금요일,강원도 원주시 단계동,중상사고,0,1,0,0,차대차 - 추돌,안전거리미확보,건조,맑음,단일로 - 지하차도(도로)내,승합,남,52세,상해없음,승용,여,24세,중상
2019011800100347,2019년 1월 18일 15시,금요일,강원도 원주시 봉산동,중상사고,0,1,2,0,차대차 - 측면충돌,안전운전불이행,건조,맑음,단일로 - 기타,화물,남,64세,상해없음,화물,남,40세,경상
2019011800100348,2019년 1월 18일 15시,금요일,강원도 속초시 조양동,경상사고,0,0,3,0,차대차 - 측면충돌,안전운전불이행,건조,맑음,단일로 - 고가도로위,승용,여,38세,상해없음,승용,남,46세,경상
2019011800100412,2019년 1월 18일 17시,금요일,강원도 강릉시 홍제동,경상사고,0,0,2,0,차대차 - 측면충돌,중앙선침범,건조,맑음,교차로 - 교차로안,승용,여,28세,상해없음,승용,남,59세,경상
2019011800100457,2019년 1월 18일 18시,금요일,강원도 춘천시 동면,중상사고,0,1,4,0,차대차 - 측면충돌,중앙선침범,건조,맑음,교차로 - 교차로부근,승용,여,43세,상해없음,승용,남,56세,중상
2019011800100458,2019년 1월 18일 18시,금요일,강원도 원주시 문막읍,경상사고,0,0,2,0,차대차 - 기타,차로위반,건조,맑음,단일로 - 기타,승용,여,28세,경상,승용,여,57세,경상
2019011800100459,2019년 1월 18일 18시,금요일,강원도 원주시 판부면,경상사고,0,0,1,0,차대차 - 측면충돌,중앙선침범,건조,기타,단일로 - 기타,승용,남,83세,상해없음,승용,여,44세,경상
2019011800100460,2019년 1월 18일 18시,금요일,강원도 속초시 청학동,경상사고,0,0,6,0,차대차 - 측면충돌,중앙선침범,건조,맑음,단일로 - 고가도로위,승용,여,64세,상해없음,승용,남,45세,경상
2019011800100461,2019년 1월 18일 18시,금요일,강원도 홍천군 서면,중상사고,0,1,0,0,차대사람 - 횡단중,안전운전불이행,건조,맑음,단일로 - 기타,승용,남,68세,상해없음,보행자,남,50세,중상
2019011800100462,2019년 1월 18일 18시,금요일,강원도 동해시 발한동,경상사고,0,0,4,0,차대차 - 측면충돌,교차로운행방법위반,건조,맑음,교차로 - 교차로안,승합,남,32세,경상,승용,남,24세,경상
2019011800100521,2019년 1월 18일 19시,금요일,강원도 삼척시 정상동,경상사고,0,0,1,0,차대차 - 추돌,안전거리미확보,건조,맑음,교차로 - 교차로안,승용,남,55세,상해없음,승용,남,38세,경상
2019011800100586,2019년 1월 18일 21시,금요일,강원도 원주시 단구동,경상사고,0,0,2,0,차대차 - 측면충돌,중앙선침범,건조,맑음,단일로 - 기타,승용,남,62세,상해없음,승용,남,33세,경상
2019011800100587,2019년 1월 18일 21시,금요일,강원도 원주시 반곡동,경상사고,0,0,1,0,차대차 - 정면충돌,안전운전불이행,건조,맑음,기타 - 기타,승용,남,58세,기타불명,승용,남,27세,경상
2019011800100588,2019년 1월 18일 21시,금요일,강원도 고성군 토성면,경상사고,0,0,1,0,차대차 - 정면충돌,중앙선침범,건조,맑음,기타 - 기타,승용,남,48세,상해없음,승용,남,37세,경상
2019011800100609,2019년 1월 18일 22시,금요일,강원도 원주시 반곡동,경상사고,0,0,1,0,차대차 - 추돌,안전거리미확보,건조,기타,단일로 - 기타,승용,남,37세,상해없음,승용,남,31세,경상
2019011800100639,2019년 1월 18일 23시,금요일,강원도 원주시 소초면,중상사고,0,1,0,0,차대차 - 측면충돌,안전운전불이행,건조,맑음,단일로 - 기타,승용,남,23세,상해없음,승용,여,44세,상해없음
2019011900100032,2019년 1월 19일 01시,토요일,강원도 춘천시 후평동,중상사고,0,1,0,0,차대사람 - 차도통행중,안전운전불이행,건조,맑음,교차로 - 교차로안,승용,남,27세,상해없음,보행자,남,57세,중상
2019011900100137,2019년 1월 19일 09시,토요일,강원도 원주시 행구동,경상사고,0,0,1,0,차대사람 - 보도통행중,보행자보호의무위반,건조,맑음,주차장 - 주차장,승용,여,59세,상해없음,보행자,여,83세,경상
2019011900100156,2019년 1월 19일 10시,토요일,강원도 강릉시 유산동,경상사고,0,0,1,0,차대차 - 측면충돌,중앙선침범,건조,맑음,단일로 - 기타,승용,여,43세,상해없음,승용,남,47세,경상
2019011900100214,2019년 1월 19일 12시,토요일,강원도 춘천시 온의동,경상사고,0,0,1,0,차대차 - 정면충돌,안전운전불이행,건조,맑음,교차로 - 교차로안,화물,남,51세,상해없음,승용,남,73세,경상
2019011900100251,2019년 1월 19일 13시,토요일,강원도 원주시 단계동,중상사고,0,2,2,0,차대차 - 추돌,안전운전불이행,건조,맑음,교차로 - 교차로부근,승용,남,37세,상해없음,승용,여,32세,중상
2019011900100299,2019년 1월 19일 15시,토요일,강원도 홍천군 홍천읍,경상사고,0,0,1,0,차대차 - 측면충돌,안전운전불이행,건조,맑음,단일로 - 기타,승용,여,48세,상해없음,자전거,남,61세,경상
2019011900100319,2019년 1월 19일 16시,토요일,강원도 평창군 용평면,경상사고,0,0,1,0,차대차 - 후진중충돌,안전운전불이행,건조,맑음,주차장 - 주차장,승합,남,57세,상해없음,승합,남,60세,경상
2019011900100332,2019년 1월 19일 17시,토요일,강원도 원주시 관설동,중상사고,0,1,0,0,차대차 - 측면충돌,중앙선침범,건조,맑음,단일로 - 지하차도(도로)내,승용,남,53세,상해없음,승용,남,76세,중상
2019011900100333,2019년 1월 19일 17시,토요일,강원도 양양군 양양읍,중상사고,0,1,2,0,차대차 - 측면충돌,직진우회전진행방해,건조,맑음,교차로 - 교차로안,승용,남,42세,상해없음,승용,남,55세,중상
2019011900100334,2019년 1월 19일 17시,토요일,강원도 정선군 고한읍,경상사고,0,0,1,0,차대차 - 측면충돌,안전운전불이행,건조,맑음,기타 - 기타,화물,남,28세,상해없음,승용,남,31세,경상
2019011900100369,2019년 1월 19일 18시,토요일,강원도 원주시 명륜동,경상사고,0,0,5,0,차대차 - 추돌,안전운전불이행,건조,맑음,교차로 - 교차로안,승용,남,56세,상해없음,승용,여,29세,경상
2019011900100370,2019년 1월 19일 18시,토요일,강원도 속초시 동명동,경상사고,0,0,1,0,차대차 - 측면충돌,직진우회전진행방해,건조,맑음,교차로 - 교차로안,승용,남,27세,상해없음,승용,남,53세,경상
2019011900100371,2019년 1월 19일 18시,토요일,강원도 동해시 천곡동,중상사고,0,1,0,0,차대사람 - 길가장자리구역통행중,안전운전불이행,건조,맑음,단일로 - 기타,승합,남,38세,상해없음,보행자,남,59세,중상
2019011900100404,2019년 1월 19일 19시,토요일,강원도 춘천시 온의동,경상사고,0,0,1,0,차대차 - 기타,안전운전불이행,건조,맑음,단일로 - 기타,화물,여,62세,상해없음,자전거,남,13세,경상
2019011900100405,2019년 1월 19일 19시,토요일,강원도 원주시 태장동,경상사고,0,0,1,0,차대차 - 측면충돌,안전거리미확보,건조,맑음,단일로 - 기타,이륜,남,16세,경상,승용,여,50세,상해없음
2019011900100432,2019년 1월 19일 20시,토요일,강원도 춘천시 석사동,경상사고,0,0,1,0,차대차 - 측면충돌,안전거리미확보,건조,맑음,단일로 - 교량,승용,여,21세,상해없음,승용,남,49세,상해없음
2019011900100433,2019년 1월 19일 20시,토요일,강원도 원주시 무실동,중상사고,0,2,0,0,차대차 - 추돌,안전거리미확보,건조,맑음,교차로 - 교차로부근,승용,남,28세,상해없음,승용,여,59세,중상
2019011900100460,2019년 1월 19일 21시,토요일,강원도 춘천시 효자동,경상사고,0,0,1,0,차대사람 - 기타,안전운전불이행,건조,맑음,교차로 - 교차로부근,승용,남,62세,상해없음,보행자,남,37세,경상
2019012000100069,2019년 1월 20일 02시,일요일,강원도 속초시 교동,사망사고,1,0,0,0,차대사람 - 길가장자리구역통행중,안전운전불이행,건조,맑음,교차로 - 교차로부근,승용,남,69세,상해없음,보행자,남,49세,사망
2019012000100136,2019년 1월 20일 09시,일요일,강원도 강릉시 연곡면,경상사고,0,0,1,0,차대차 - 측면충돌,안전운전불이행,건조,맑음,단일로 - 기타,화물,남,59세,상해없음,승용,여,47세,경상
2019012000100152,2019년 1월 20일 10시,일요일,강원도 고성군 토성면,중상사고,0,1,0,0,차대차 - 정면충돌,신호위반,건조,맑음,교차로 - 교차로안,승용,남,36세,상해없음,승용,남,28세,중상
2019012000100153,2019년 1월 20일 10시,일요일,강원도 횡성군 안흥면,경상사고,0,0,2,0,차대차 - 기타,안전운전불이행,건조,맑음,주차장 - 주차장,승용,여,57세,상해없음,승용,여,36세,경상
2019012000100166,2019년 1월 20일 11시,일요일,강원도 원주시 단구동,경상사고,0,0,1,0,차대차 - 측면충돌,신호위반,건조,맑음,교차로 - 교차로안,승용,여,39세,상해없음,승용,남,74세,경상
2019012000100188,2019년 1월 20일 12시,일요일,강원도 횡성군 둔내면,경상사고,0,0,1,0,차대차 - 후진중충돌,안전운전불이행,건조,맑음,기타 - 기타,승용,남,32세,상해없음,승용,남,39세,경상
2019012000100205,2019년 1월 20일 13시,일요일,강원도 원주시 우산동,경상사고,0,0,1,0,차대차 - 측면충돌,차로위반,건조,맑음,단일로 - 기타,승용,남,19세,상해없음,승용,여,50세,경상
2019012000100225,2019년 1월 20일 14시,일요일,강원도 원주시 우산동,경상사고,0,0,1,0,차대차 - 기타,안전운전불이행,건조,맑음,단일로 - 기타,승용,남,46세,상해없음,승용,남,41세,상해없음
2019012000100226,2019년 1월 20일 14시,일요일,강원도 양구군 양구읍,경상사고,0,0,4,0,차대차 - 측면충돌,교차로운행방법위반,건조,맑음,교차로 - 교차로안,이륜,남,78세,경상,승용,남,38세,경상
2019012000100274,2019년 1월 20일 16시,일요일,강원도 홍천군 홍천읍,중상사고,0,1,0,0,차대사람 - 기타,안전운전불이행,건조,맑음,단일로 - 기타,화물,남,71세,상해없음,보행자,남,46세,중상
2019012000100304,2019년 1월 20일 17시,일요일,강원도 원주시 일산동,경상사고,0,0,1,0,차대차 - 측면충돌,교차로운행방법위반,건조,맑음,교차로 - 교차로안,화물,남,36세,상해없음,이륜,남,29세,경상
2019012000100337,2019년 1월 20일 18시,일요일,강원도 춘천시 효자동,중상사고,0,1,2,0,차대차 - 측면충돌,신호위반,건조,맑음,교차로 - 교차로안,승용,남,59세,상해없음,승용,남,61세,경상
2019012000100338,2019년 1월 20일 18시,일요일,강원도 홍천군 홍천읍,경상사고,0,0,2,0,차대차 - 측면충돌,교차로운행방법위반,건조,맑음,교차로 - 교차로안,화물,남,57세,상해없음,화물,남,52세,상해없음
2019012000100372,2019년 1월 20일 19시,일요일,강원도 춘천시 신북읍,경상사고,0,0,1,0,차대차 - 추돌,안전거리미확보,건조,맑음,단일로 - 기타,승용,여,25세,상해없음,승용,남,57세,상해없음
2019012000100407,2019년 1월 20일 20시,일요일,강원도 강릉시 입암동,중상사고,0,1,2,0,차대차 - 추돌,안전운전불이행,건조,맑음,교차로 - 교차로안,승용,남,33세,상해없음,승용,남,61세,경상
2019012000100408,2019년 1월 20일 20시,일요일,강원도 평창군 봉평면,중상사고,0,4,0,0,차대차 - 정면충돌,중앙선침범,건조,맑음,단일로 - 기타,승용,남,47세,상해없음,승용,남,46세,중상
2019012000100447,2019년 1월 20일 22시,일요일,강원도 춘천시 근화동,경상사고,0,0,1,0,차대사람 - 기타,안전운전불이행,건조,맑음,단일로 - 기타,승용,남,42세,상해없음,보행자,여,70세,경상
2019012000100448,2019년 1월 20일 22시,일요일,강원도 춘천시 근화동,경상사고,0,0,3,0,차대차 - 추돌,안전운전불이행,건조,맑음,단일로 - 기타,승용,여,35세,상해없음,승용,남,58세,경상
2019012100100065,2019년 1월 21일 06시,월요일,강원도 원주시 문막읍,경상사고,0,0,1,0,차대차 - 측면충돌,교차로운행방법위반,건조,맑음,교차로 - 교차로안,승용,여,47세,상해없음,승용,남,48세,경상
2019012100100066,2019년 1월 21일 06시,월요일,강원도 원주시 인동,경상사고,0,0,1,0,차대차 - 기타,안전거리미확보,건조,맑음,단일로 - 기타,승용,남,60세,기타불명,승용,남,42세,경상
2019012100100106,2019년 1월 21일 08시,월요일,강원도 춘천시 교동,경상사고,0,0,1,0,차대차 - 측면충돌,안전거리미확보,건조,맑음,교차로 - 교차로부근,승용,여,38세,상해없음,승용,여,56세,경상
2019012100100135,2019년 1월 21일 09시,월요일,강원도 강릉시 옥천동,경상사고,0,0,1,0,차대차 - 측면충돌,안전운전불이행,건조,맑음,단일로 - 기타,승용,여,36세,상해없음,승용,여,67세,경상
2019012100100172,2019년 1월 21일 10시,월요일,강원도 춘천시 송암동,중상사고,0,2,1,0,차대차 - 측면충돌,안전운전불이행,건조,맑음,교차로 - 교차로부근,승용,남,61세,상해없음,승용,남,77세,경상
2019012100100230,2019년 1월 21일 12시,월요일,강원도 원주시 단계동,중상사고,0,1,1,0,차대차 - 측면충돌,신호위반,건조,맑음,단일로 - 기타,승용,남,46세,상해없음,승용,남,61세,중상