사고번호,사고일시,요일,시군구,사고내용,사망자수,중상자수,경상자수,부상신고자수,사고유형,법규위반,노면상태,기상상태,도로형태,가해운전자 차종,가해운전자 성별,가해운전자 연령,가해운전자 상해정도,피해운전자 차종,피해운전자 성별,피해운전자 연령,피해운전자 상해정도
2019012100100247,2019년 1월 21일 13시,월요일,강원도 강릉시 명주동,중상사고,0,1,0,0,차대차 - 정면충돌,안전운전불이행,건조,맑음,교차로 - 교차로안,승용,남,77세,상해없음,승용,남,59세,중상
2019012100100307,2019년 1월 21일 15시,월요일,강원도 원주시 우산동,경상사고,0,0,2,0,차대차 - 측면충돌,교차로운행방법위반,건조,맑음,교차로 - 교차로안,승용,남,29세,경상,승용,여,52세,경상
2019012100100308,2019년 1월 21일 15시,월요일,강원도 동해시 발한동,중상사고,0,1,0,0,차대사람 - 횡단중,중앙선침범,건조,맑음,단일로 - 기타,승용,남,57세,상해없음,보행자,여,77세,중상
2019012100100399,2019년 1월 21일 18시,월요일,강원도 춘천시 석사동,경상사고,0,0,1,0,차대차 - 추돌,안전거리미확보,건조,맑음,교차로 - 교차로부근,승용,여,50세,상해없음,승용,여,37세,경상
2019012100100400,2019년 1월 21일 18시,월요일,강원도 강릉시 포남동,경상사고,0,0,1,0,차대사람 - 기타,안전운전불이행,건조,맑음,단일로 - 기타,승용,남,46세,상해없음,보행자,여,31세,경상
2019012100100401,2019년 1월 21일 18시,월요일,강원도 원주시 단구동,경상사고,0,0,1,0,차대차 - 추돌,안전거리미확보,건조,맑음,단일로 - 지하차도(도로)내,이륜,남,58세,상해없음,승용,여,39세,경상
2019012100100402,2019년 1월 21일 18시,월요일,강원도 홍천군 홍천읍,경상사고,0,0,1,0,차대차 - 측면충돌,안전운전불이행,건조,맑음,교차로 - 교차로안,승용,여,54세,상해없음,이륜,남,67세,경상
2019012100100455,2019년 1월 21일 19시,월요일,강원도 춘천시 퇴계동,경상사고,0,0,1,0,차대차 - 측면충돌,안전운전불이행,건조,맑음,교차로 - 교차로부근,화물,남,51세,상해없음,자전거,남,29세,경상
2019012100100456,2019년 1월 21일 19시,월요일,강원도 화천군 상서면,경상사고,0,0,1,0,차대사람 - 횡단중,안전운전불이행,건조,맑음,단일로 - 기타,승용,남,72세,상해없음,보행자,남,59세,경상
2019012200100050,2019년 1월 22일 01시,화요일,강원도 춘천시 서면,사망사고,1,1,0,0,차량단독 - 공작물충돌,안전운전불이행,건조,맑음,단일로 - 기타,승용,남,53세,중상,,,,
2019012200100192,2019년 1월 22일 09시,화요일,강원도 원주시 학성동,부상신고사고,0,0,0,1,차량단독 - 전도전복 - 전도,안전운전불이행,건조,맑음,교차로 - 교차로부근,이륜,남,78세,부상신고,,,,
2019012200100306,2019년 1월 22일 13시,화요일,강원도 양구군 양구읍,경상사고,0,0,1,0,차대차 - 측면충돌,안전거리미확보,건조,맑음,교차로 - 교차로부근,사륜오토바이(ATV),여,82세,경상,화물,남,45세,상해없음
2019012200100358,2019년 1월 22일 15시,화요일,강원도 원주시 개운동,경상사고,0,0,2,0,차대차 - 측면충돌,기타,건조,맑음,단일로 - 기타,승용,남,77세,상해없음,승용,남,27세,경상
2019012200100359,2019년 1월 22일 15시,화요일,강원도 홍천군 홍천읍,경상사고,0,0,2,0,차대차 - 측면충돌,교차로운행방법위반,건조,맑음,교차로 - 교차로안,화물,남,64세,상해없음,승용,남,47세,경상
2019012200100387,2019년 1월 22일 16시,화요일,강원도 원주시 중앙동,중상사고,0,1,0,0,차대사람 - 보도통행중,기타,건조,맑음,기타 - 기타,승용,여,50세,상해없음,보행자,남,56세,중상
2019012200100388,2019년 1월 22일 16시,화요일,강원도 영월군 영월읍,사망사고,1,0,0,0,차량단독 - 공작물충돌,안전운전불이행,건조,맑음,단일로 - 기타,화물,남,69세,사망,,,,
2019012200100418,2019년 1월 22일 17시,화요일,강원도 양구군 양구읍,사망사고,1,1,0,0,차량단독 - 공작물충돌,안전운전불이행,기타,기타,교차로 - 교차로안,승용,남,65세,중상,,,,
2019012200100447,2019년 1월 22일 18시,화요일,강원도 동해시 천곡동,중상사고,0,1,0,0,차대사람 - 횡단중,보행자보호의무위반,건조,맑음,교차로 - 교차로횡단보도내,승용,여,58세,상해없음,보행자,여,62세,중상
2019012200100493,2019년 1월 22일 19시,화요일,강원도 춘천시 후평동,중상사고,0,1,0,0,차대차 - 측면충돌,교차로운행방법위반,건조,맑음,교차로 - 교차로부근,승용,남,58세,상해없음,승용,남,44세,중상
2019012200100494,2019년 1월 22일 19시,화요일,강원도 춘천시 후평동,중상사고,0,1,0,0,차대사람 - 횡단중,안전운전불이행,건조,맑음,교차로 - 교차로안,화물,여,60세,상해없음,보행자,남,58세,중상
2019012200100495,2019년 1월 22일 19시,화요일,강원도 강릉시 포남동,경상사고,0,0,1,0,차대사람 - 기타,보행자보호의무위반,건조,맑음,단일로 - 기타,승용,여,34세,상해없음,보행자,남,43세,경상
2019012300100102,2019년 1월 23일 07시,수요일,강원도 원주시 개운동,경상사고,0,0,1,0,차대차 - 기타,교차로운행방법위반,건조,맑음,교차로 - 교차로안,승합,남,59세,상해없음,화물,남,55세,경상
2019012300100103,2019년 1월 23일 07시,수요일,강원도 원주시 관설동,경상사고,0,0,2,0,차대차 - 측면충돌,안전운전불이행,건조,맑음,단일로 - 기타,승용,남,28세,경상,승용,남,26세,경상
2019012300100177,2019년 1월 23일 09시,수요일,강원도 고성군 토성면,경상사고,0,0,1,0,차대차 - 정면충돌,중앙선침범,건조,맑음,기타 - 기타,승용,남,59세,상해없음,승용,여,46세,경상
2019012300100202,2019년 1월 23일 10시,수요일,강원도 평창군 진부면,경상사고,0,0,1,0,차대사람 - 횡단중,보행자보호의무위반,건조,맑음,교차로 - 교차로횡단보도내,승용,여,64세,상해없음,보행자,여,76세,경상
2019012300100227,2019년 1월 23일 11시,수요일,강원도 원주시 무실동,경상사고,0,0,1,0,차대사람 - 기타,보행자보호의무위반,건조,맑음,단일로 - 기타,승용,여,31세,상해없음,보행자,남,25세,경상
2019012300100305,2019년 1월 23일 14시,수요일,강원도 원주시 태장동,중상사고,0,2,3,0,차대차 - 추돌,안전거리미확보,건조,맑음,교차로 - 교차로부근,승용,여,51세,상해없음,승용,여,23세,중상
2019012300100306,2019년 1월 23일 14시,수요일,강원도 동해시 발한동,경상사고,0,0,1,0,차대차 - 측면충돌,안전운전불이행,건조,맑음,단일로 - 기타,승합,남,30세,상해없음,이륜,남,79세,경상
2019012300100332,2019년 1월 23일 15시,수요일,강원도 화천군 화천읍,중상사고,0,1,1,0,차대차 - 측면충돌,교차로운행방법위반,건조,맑음,교차로 - 교차로안,승용,여,32세,기타불명,승용,여,35세,중상
2019012300100356,2019년 1월 23일 16시,수요일,강원도 원주시 호저면,사망사고,1,0,0,0,차대차 - 측면충돌,교차로운행방법위반,건조,맑음,단일로 - 기타,화물,남,47세,상해없음,이륜,남,51세,사망
2019012300100381,2019년 1월 23일 17시,수요일,강원도 춘천시 소양로2가,경상사고,0,0,1,0,차대차 - 기타,안전운전불이행,건조,맑음,교차로 - 교차로안,화물,남,68세,상해없음,화물,남,58세,경상
2019012300100422,2019년 1월 23일 18시,수요일,강원도 원주시 개운동,중상사고,0,1,0,0,차대차 - 추돌,신호위반,건조,맑음,교차로 - 교차로부근,승용,여,27세,상해없음,승용,남,55세,중상
2019012300100423,2019년 1월 23일 18시,수요일,강원도 정선군 사북읍,중상사고,0,1,0,0,차대사람 - 기타,안전운전불이행,건조,맑음,교차로 - 교차로부근,승용,남,30세,상해없음,보행자,여,61세,중상
2019012300100461,2019년 1월 23일 19시,수요일,강원도 춘천시 퇴계동,경상사고,0,0,1,0,차대차 - 측면충돌,안전운전불이행,건조,맑음,교차로 - 교차로안,승용,여,37세,상해없음,승용,남,20세,경상
2019012300100493,2019년 1월 23일 20시,수요일,강원도 춘천시 석사동,경상사고,0,0,1,0,차대차 - 측면충돌,신호위반,건조,맑음,교차로 - 교차로안,이륜,남,48세,상해없음,승용,남,72세,경상
2019012300100518,2019년 1월 23일 21시,수요일,강원도 홍천군 홍천읍,경상사고,0,0,1,0,차대차 - 기타,교차로운행방법위반,건조,맑음,교차로 - 교차로안,승용,남,46세,상해없음,승용,여,51세,경상
2019012300100519,2019년 1월 23일 21시,수요일,강원도 동해시 천곡동,경상사고,0,0,3,0,차대차 - 측면충돌,안전거리미확보,건조,맑음,단일로 - 기타,화물,남,78세,상해없음,승용,여,51세,경상
2019012300100520,2019년 1월 23일 21시,수요일,강원도 동해시 천곡동,중상사고,0,1,0,0,차대사람 - 기타,안전운전불이행,건조,맑음,기타 - 기타,화물,남,57세,상해없음,보행자,남,54세,중상
2019012400100063,2019년 1월 24일 05시,목요일,강원도 영월군 남면,중상사고,0,1,0,0,차량단독 - 공작물충돌,안전운전불이행,건조,맑음,단일로 - 기타,승용,남,48세,상해없음,,,,
2019012400100151,2019년 1월 24일 09시,목요일,강원도 횡성군 공근면,경상사고,0,0,1,0,차대차 - 측면충돌,안전운전불이행,건조,맑음,단일로 - 기타,승용,여,70세,상해없음,승용,남,77세,경상
2019012400100178,2019년 1월 24일 10시,목요일,강원도 춘천시 동면,경상사고,0,0,1,0,차대차 - 측면충돌,교차로운행방법위반,건조,맑음,교차로 - 교차로안,승용,여,35세,상해없음,승용,남,61세,경상
2019012400100179,2019년 1월 24일 10시,목요일,강원도 홍천군 남면,경상사고,0,0,1,0,차량단독 - 기타,안전운전불이행,건조,맑음,단일로 - 기타,화물,남,73세,경상,,,,
2019012400100236,2019년 1월 24일 12시,목요일,강원도 강릉시 성남동,중상사고,0,1,0,0,차대사람 - 횡단중,안전운전불이행,건조,맑음,단일로 - 기타,승용,남,24세,상해없음,보행자,여,72세,중상
2019012400100237,2019년 1월 24일 12시,목요일,강원도 강릉시 강문동,경상사고,0,0,3,0,차대차 - 측면충돌,안전운전불이행,건조,맑음,교차로 - 교차로안,승용,남,19세,상해없음,승용,여,57세,경상
2019012400100294,2019년 1월 24일 14시,목요일,강원도 강릉시 사천면,경상사고,0,0,1,0,차대차 - 측면충돌,안전운전불이행,건조,맑음,단일로 - 기타,승용,남,55세,상해없음,승용,여,54세,경상
2019012400100440,2019년 1월 24일 18시,목요일,강원도 원주시 중앙동,중상사고,0,1,0,0,차대차 - 측면충돌,직진우회전진행방해,건조,맑음,교차로 - 교차로안,화물,남,56세,상해없음,이륜,남,61세,중상
2019012400100441,2019년 1월 24일 18시,목요일,강원도 삼척시 정상동,경상사고,0,0,1,0,차대차 - 정면충돌,신호위반,건조,흐림,교차로 - 교차로안,승용,여,49세,상해없음,승용,여,46세,경상
2019012400100509,2019년 1월 24일 20시,목요일,강원도 삼척시 오분동,사망사고,3,4,1,0,차대차 - 측면충돌,안전거리미확보,건조,맑음,단일로 - 지하차도(도로)내,화물,남,42세,상해없음,승용,남,74세,사망
2019012400100537,2019년 1월 24일 21시,목요일,강원도 원주시 단계동,중상사고,0,1,0,0,차대사람 - 횡단중,보행자보호의무위반,건조,맑음,교차로 - 교차로횡단보도내,승용,여,55세,상해없음,보행자,여,58세,중상
2019012500100080,2019년 1월 25일 06시,금요일,강원도 원주시 단계동,경상사고,0,0,1,0,차대차 - 추돌,안전운전불이행,건조,기타,교차로 - 교차로부근,승용,남,58세,상해없음,승용,남,57세,경상
2019012500100095,2019년 1월 25일 07시,금요일,강원도 원주시 개운동,경상사고,0,0,2,0,차대차 - 추돌,교차로운행방법위반,건조,맑음,교차로 - 교차로안,승용,남,63세,경상,승용,남,37세,경상
2019012500100096,2019년 1월 25일 07시,금요일,강원도 인제군 인제읍,사망사고,1,1,0,0,차대차 - 추돌,안전운전불이행,건조,맑음,단일로 - 기타,화물,남,62세,사망,건설기계,남,46세,중상
2019012500100114,2019년 1월 25일 08시,금요일,강원도 원주시 관설동,중상사고,0,1,0,0,차대차 - 정면충돌,교차로운행방법위반,건조,맑음,교차로 - 교차로안,승용,남,53세,상해없음,승용,남,63세,중상
2019012500100148,2019년 1월 25일 09시,금요일,강원도 춘천시 온의동,중상사고,0,1,0,0,차대차 - 측면충돌,안전거리미확보,건조,맑음,단일로 - 기타,건설기계,남,27세,상해없음,승용,남,54세,중상
2019012500100223,2019년 1월 25일 12시,금요일,강원도 원주시 우산동,경상사고,0,0,2,0,차대차 - 측면충돌,안전운전불이행,건조,맑음,단일로 - 기타,승용,남,53세,상해없음,승용,남,29세,상해없음
2019012500100254,2019년 1월 25일 13시,금요일,강원도 춘천시 온의동,경상사고,0,0,1,0,차대차 - 측면충돌,교차로운행방법위반,건조,맑음,교차로 - 교차로안,승용,여,37세,상해없음,자전거,남,90세 이상,경상
2019012500100255,2019년 1월 25일 13시,금요일,강원도 강릉시 입암동,경상사고,0,0,1,0,차대차 - 측면충돌,안전운전불이행,건조,맑음,교차로 - 교차로안,승용,남,54세,상해없음,자전거,남,14세,경상
2019012500100256,2019년 1월 25일 13시,금요일,강원도 원주시 원동,경상사고,0,0,1,0,차대사람 - 횡단중,보행자보호의무위반,건조,맑음,단일로 - 기타,승용,여,39세,상해없음,보행자,남,80세,경상
2019012500100290,2019년 1월 25일 14시,금요일,강원도 춘천시 석사동,경상사고,0,0,1,0,차대사람 - 기타,안전운전불이행,건조,맑음,주차장 - 주차장,승용,여,39세,상해없음,보행자,남,37세,경상
2019012500100329,2019년 1월 25일 15시,금요일,강원도 춘천시 조양동,중상사고,0,1,0,0,차대사람 - 횡단중,보행자보호의무위반,건조,맑음,교차로 - 교차로횡단보도내,승용,남,22세,상해없음,보행자,여,78세,중상
2019012500100366,2019년 1월 25일 16시,금요일,강원도 평창군 용평면,경상사고,0,0,1,0,차대사람 - 기타,안전운전불이행,건조,맑음,교차로 - 교차로안,승용,남,24세,상해없음,보행자,여,14세,경상
2019012500100450,2019년 1월 25일 18시,금요일,강원도 원주시 단구동,경상사고,0,0,1,0,차대사람 - 보도통행중,보행자보호의무위반,건조,맑음,단일로 - 기타,승용,여,60세,상해없음,보행자,남,10세,경상
2019012500100451,2019년 1월 25일 18시,금요일,강원도 삼척시 남양동,중상사고,0,1,0,0,차대사람 - 횡단중,보행자보호의무위반,젖음/습기,눈,교차로 - 교차로부근,승용,여,45세,상해없음,보행자,여,25세,중상
2019012500100539,2019년 1월 25일 20시,금요일,강원도 원주시 명륜동,경상사고,0,0,1,0,차대차 - 기타,안전운전불이행,건조,맑음,교차로 - 교차로부근,승용,여,45세,상해없음,승용,남,47세,경상
2019012500100570,2019년 1월 25일 21시,금요일,강원도 강릉시 노암동,경상사고,0,0,4,0,차대차 - 추돌,안전운전불이행,적설,눈,단일로 - 기타,승용,남,45세,상해없음,승용,남,50세,경상
2019012500100592,2019년 1월 25일 22시,금요일,강원도 강릉시 노암동,중상사고,0,1,0,0,차대차 - 추돌,안전운전불이행,적설,눈,단일로 - 기타,승용,남,25세,상해없음,특수,남,44세,중상
2019012500100593,2019년 1월 25일 22시,금요일,강원도 인제군 인제읍,경상사고,0,0,1,0,차대차 - 측면충돌,안전운전불이행,건조,맑음,단일로 - 기타,승용,여,26세,상해없음,이륜,남,42세,경상
2019012600100064,2019년 1월 26일 02시,토요일,강원도 원주시 호저면,사망사고,2,1,0,0,차대차 - 기타,안전운전불이행,건조,맑음,단일로 - 기타,승용,남,29세,사망,승용,남,22세,중상
2019012600100095,2019년 1월 26일 06시,토요일,강원도 삼척시 당저동,경상사고,0,0,1,0,차대차 - 측면충돌,직진우회전진행방해,서리/결빙,맑음,교차로 - 교차로안,승용,남,70세,상해없음,승용,남,54세,상해없음
2019012600100136,2019년 1월 26일 09시,토요일,강원도 춘천시 석사동,경상사고,0,0,1,0,차대차 - 측면충돌,차로위반,건조,맑음,단일로 - 기타,승용,여,25세,상해없음,승용,남,55세,경상
2019012600100137,2019년 1월 26일 09시,토요일,강원도 원주시 개운동,경상사고,0,0,2,0,차대차 - 정면충돌,교차로운행방법위반,건조,맑음,교차로 - 교차로안,승용,남,51세,상해없음,승용,남,57세,경상
2019012600100138,2019년 1월 26일 09시,토요일,강원도 삼척시 근덕면,중상사고,0,1,0,0,차량단독 - 공작물충돌,안전운전불이행,서리/결빙,맑음,교차로 - 교차로안,승합,남,73세,중상,,,,
2019012600100159,2019년 1월 26일 10시,토요일,강원도 원주시 관설동,경상사고,0,0,1,0,차대차 - 측면충돌,안전운전불이행,건조,맑음,교차로 - 교차로안,승용,여,52세,기타불명,승용,남,62세,경상
2019012600100223,2019년 1월 26일 12시,토요일,강원도 춘천시 석사동,경상사고,0,0,1,0,차량단독 - 기타,안전운전불이행,건조,맑음,단일로 - 기타,승용,남,63세,상해없음,,,,
2019012600100258,2019년 1월 26일 13시,토요일,강원도 삼척시 도계읍,경상사고,0,0,1,0,차대사람 - 기타,안전운전불이행,건조,맑음,단일로 - 지하차도(도로)내,승용,남,63세,상해없음,보행자,여,4세,경상
2019012600100259,2019년 1월 26일 13시,토요일,강원도 영월군 영월읍,중상사고,0,1,0,0,차대사람 - 횡단중,안전운전불이행,건조,맑음,단일로 - 기타,승용,남,52세,상해없음,보행자,여,7세,중상
2019012600100328,2019년 1월 26일 15시,토요일,강원도 원주시 단계동,경상사고,0,0,2,0,차대차 - 측면충돌,교차로운행방법위반,건조,맑음,교차로 - 교차로안,승용,남,38세,상해없음,승용,남,28세,경상
2019012600100365,2019년 1월 26일 16시,토요일,강원도 춘천시 근화동,경상사고,0,0,1,0,차대차 - 측면충돌,안전거리미확보,건조,맑음,단일로 - 기타,승용,여,42세,상해없음,승용,남,50세,경상
2019012600100400,2019년 1월 26일 17시,토요일,강원도 강릉시 성남동,경상사고,0,0,2,0,차대차 - 측면충돌,안전운전불이행,건조,맑음,교차로 - 교차로안,화물,남,48세,상해없음,승용,남,46세,경상
2019012600100401,2019년 1월 26일 17시,토요일,강원도 태백시 황지동,경상사고,0,0,2,0,차대차 - 측면충돌,교차로운행방법위반,건조,맑음,교차로 - 교차로안,승용,남,52세,상해없음,승용,남,47세,경상
2019012600100472,2019년 1월 26일 19시,토요일,강원도 원주시 명륜동,경상사고,0,0,1,0,차대차 - 측면충돌,교차로운행방법위반,건조,맑음,교차로 - 교차로안,승용,남,36세,상해없음,이륜,남,20세,경상
2019012600100506,2019년 1월 26일 20시,토요일,강원도 춘천시 남면,경상사고,0,0,4,0,차대차 - 추돌,안전거리미확보,건조,맑음,단일로 - 기타,승용,남,59세,상해없음,승용,남,41세,경상
2019012600100568,2019년 1월 26일 22시,토요일,강원도 원주시 단구동,경상사고,0,0,1,1,차대차 - 기타,신호위반,건조,맑음,교차로 - 교차로부근,이륜,남,34세,부상신고,승용,남,60세,경상
2019012600100569,2019년 1월 26일 22시,토요일,강원도 원주시 지정면,경상사고,0,0,1,0,차대차 - 추돌,안전운전불이행,건조,맑음,교차로 - 교차로부근,승용,남,30세,상해없음,승용,남,42세,경상
2019012600100570,2019년 1월 26일 22시,토요일,강원도 속초시 교동,경상사고,0,0,1,0,차대차 - 측면충돌,직진우회전진행방해,건조,맑음,교차로 - 교차로안,이륜,남,23세,상해없음,승용,여,48세,경상
2019012700100035,2019년 1월 27일 01시,일요일,강원도 평창군 용평면,경상사고,0,0,2,0,차대차 - 측면충돌,안전운전불이행,건조,맑음,단일로 - 기타,승용,남,45세,상해없음,승용,여,47세,경상
2019012700100069,2019년 1월 27일 05시,일요일,강원도 양양군 강현면,경상사고,0,0,1,0,차대차 - 측면충돌,신호위반,건조,맑음,교차로 - 교차로안,화물,남,48세,상해없음,승용,여,29세,경상
2019012700100183,2019년 1월 27일 13시,일요일,강원도 강릉시 주문진읍,경상사고,0,0,1,0,차대사람 - 기타,안전운전불이행,건조,맑음,단일로 - 기타,승용,여,39세,상해없음,보행자,남,37세,경상
2019012700100205,2019년 1월 27일 14시,일요일,강원도 강릉시 초당동,경상사고,0,0,1,0,차대차 - 기타,신호위반,건조,맑음,교차로 - 교차로부근,승용,남,35세,상해없음,자전거,남,38세,경상
2019012700100206,2019년 1월 27일 14시,일요일,강원도 원주시 태장동,중상사고,0,1,0,0,차대차 - 측면충돌,교차로운행방법위반,건조,맑음,교차로 - 교차로안,승용,여,62세,상해없음,이륜,남,72세,중상
2019012700100231,2019년 1월 27일 15시,일요일,강원도 원주시 명륜동,경상사고,0,0,4,0,차대차 - 측면충돌,안전거리미확보,건조,맑음,교차로 - 교차로부근,승용,여,38세,상해없음,승용,남,25세,경상
2019012700100308,2019년 1월 27일 18시,일요일,강원도 춘천시 퇴계동,중상사고,0,1,0,0,차대사람 - 횡단중,보행자보호의무위반,건조,맑음,기타 - 기타,승용,여,51세,상해없음,보행자,여,78세,중상
2019012700100375,2019년 1월 27일 21시,일요일,강원도 고성군 죽왕면,중상사고,0,1,2,0,차대차 - 측면충돌,안전운전불이행,건조,맑음,단일로 - 기타,화물,남,60세,상해없음,승용,남,52세,경상
2019012700100393,2019년 1월 27일 22시,일요일,강원도 고성군 토성면,경상사고,0,0,1,0,차대차 - 정면충돌,중앙선침범,건조,맑음,단일로 - 기타,화물,남,39세,상해없음,승용,남,56세,경상
2019012800100057,2019년 1월 28일 05시,월요일,강원도 춘천시 우두동,경상사고,0,0,1,0,차대차 - 정면충돌,신호위반,서리/결빙,맑음,교차로 - 교차로안,화물,남,63세,상해없음,승용,남,37세,경상
2019012800100076,2019년 1월 28일 06시,월요일,강원도 속초시 교동,경상사고,0,0,1,0,차대차 - 측면충돌,신호위반,건조,흐림,교차로 - 교차로안,승용,남,61세,상해없음,이륜,남,65세,경상
2019012800100077,2019년 1월 28일 06시,월요일,강원도 삼척시 성남동,경상사고,0,0,2,0,차대차 - 측면충돌,직진우회전진행방해,건조,맑음,교차로 - 교차로안,승용,여,57세,경상,승용,여,57세,경상
2019012800100157,2019년 1월 28일 08시,월요일,강원도 춘천시 석사동,경상사고,0,0,1,0,차대사람 - 횡단중,신호위반,건조,맑음,교차로 - 교차로횡단보도내,승합,여,49세,상해없음,보행자,남,27세,경상
2019012800100197,2019년 1월 28일 09시,월요일,강원도 원주시 무실동,경상사고,0,0,1,0,차대사람 - 횡단중,신호위반,건조,맑음,교차로 - 교차로횡단보도내,승용,여,46세,상해없음,보행자,여,48세,경상
2019012800100198,2019년 1월 28일 09시,월요일,강원도 태백시 황지동,경상사고,0,0,1,0,차대차 - 기타,안전운전불이행,젖음/습기,흐림,교차로 - 교차로안,화물,남,61세,상해없음,승용,남,18세,경상
2019012800100245,2019년 1월 28일 10시,월요일,강원도 홍천군 서면,경상사고,0,0,3,0,차대차 - 추돌,안전거리미확보,건조,맑음,단일로 - 기타,승용,남,49세,상해없음,승용,남,35세,경상
2019012800100246,2019년 1월 28일 10시,월요일,강원도 횡성군 횡성읍,중상사고,0,1,0,0,차대차 - 기타,직진우회전진행방해,건조,맑음,교차로 - 교차로부근,자전거,남,70세,중상,승용,남,44세,상해없음
2019012800100291,2019년 1월 28일 11시,월요일,강원도 홍천군 홍천읍,경상사고,0,0,2,0,차대차 - 기타,교차로운행방법위반,건조,맑음,교차로 - 교차로안,승용,남,38세,상해없음,화물,남,44세,경상
2019012800100292,2019년 1월 28일 11시,월요일,강원도 동해시 송정동,경상사고,0,0,4,0,차량단독 - 공작물충돌,안전운전불이행,건조,맑음,단일로 - 기타,승합,남,57세,상해없음,,,,
2019012800100325,2019년 1월 28일 12시,월요일,강원도 원주시 봉산동,경상사고,0,0,1,0,차대사람 - 기타,안전운전불이행,건조,맑음,미분류 - 미분류,화물,남,52세,상해없음,보행자,여,32세,경상
2019012800100353,2019년 1월 28일 13시,월요일,강원도 춘천시 후평동,중상사고,0,1,0,0,차대차 - 측면충돌,교차로운행방법위반,건조,맑음,교차로 - 교차로안,승용,여,71세,상해없음,승용,여,49세,중상
2019012800100394,2019년 1월 28일 14시,월요일,강원도 태백시 화전동,경상사고,0,0,1,0,차대차 - 측면충돌,교차로운행방법위반,건조,맑음,교차로 - 교차로안,승용,남,22세,상해없음,승용,여,52세,경상
2019012800100614,2019년 1월 28일 20시,월요일,강원도 춘천시 효자동,경상사고,0,0,2,0,차대사람 - 보도통행중,안전운전불이행,건조,맑음,교차로 - 교차로부근,승용,여,51세,상해없음,보행자,남,29세,경상
2019012900100064,2019년 1월 29일 06시,화요일,강원도 삼척시 사직동,경상사고,0,0,2,0,차대차 - 측면충돌,차로위반,젖음/습기,흐림,단일로 - 교량,승합,남,62세,상해없음,건설기계,남,63세,상해없음
2019012900100114,2019년 1월 29일 08시,화요일,강원도 삼척시 교동,경상사고,0,0,2,0,차대차 - 측면충돌,안전운전불이행,서리/결빙,맑음,단일로 - 기타,화물,남,30세,상해없음,승용,여,53세,경상
2019012900100136,2019년 1월 29일 09시,화요일,강원도 원주시 우산동,경상사고,0,0,1,0,차대차 - 추돌,안전거리미확보,건조,맑음,단일로 - 기타,승용,여,29세,상해없음,승용,여,40세,경상
2019012900100303,2019년 1월 29일 15시,화요일,강원도 춘천시 근화동,경상사고,0,0,1,0,차대차 - 측면충돌,차로위반,건조,맑음,교차로 - 교차로부근,화물,남,41세,상해없음,승용,여,19세,경상
2019012900100304,2019년 1월 29일 15시,화요일,강원도 춘천시 우두동,경상사고,0,0,4,0,차대차 - 측면충돌,안전운전불이행,건조,맑음,교차로 - 교차로안,승용,남,64세,상해없음,승합,남,55세,경상
2019012900100305,2019년 1월 29일 15시,화요일,강원도 춘천시 석사동,경상사고,0,0,1,0,차대차 - 측면충돌,교차로운행방법위반,건조,맑음,교차로 - 교차로안,승용,남,51세,상해없음,화물,남,63세,경상
2019012900100445,2019년 1월 29일 18시,화요일,강원도 춘천시 동면,경상사고,0,0,3,0,차대차 - 추돌,안전거리미확보,건조,맑음,단일로 - 기타,승용,남,51세,상해없음,승용,여,48세,경상
2019012900100446,2019년 1월 29일 18시,화요일,강원도 동해시 부곡동,경상사고,0,0,2,0,차대차 - 추돌,안전거리미확보,건조,맑음,단일로 - 기타,화물,남,69세,상해없음,승용,남,50세,경상
2019012900100565,2019년 1월 29일 21시,화요일,강원도 춘천시 중앙로2가,중상사고,0,1,0,0,차대사람 - 차도통행중,안전운전불이행,건조,맑음,교차로 - 교차로부근,승용,남,72세,상해없음,보행자,남,55세,중상
2019012900100566,2019년 1월 29일 21시,화요일,강원도 양양군 강현면,경상사고,0,0,1,0,차대차 - 추돌,안전운전불이행,건조,맑음,단일로 - 기타,승합,남,59세,상해없음,승용,남,49세,경상
2019012900100580,2019년 1월 29일 22시,화요일,강원도 춘천시 신북읍,중상사고,0,2,1,0,차대차 - 정면충돌,중앙선침범,건조,맑음,단일로 - 터널,승용,여,40세,상해없음,승용,남,33세,중상
2019012900100581,2019년 1월 29일 22시,화요일,강원도 삼척시 교동,경상사고,0,0,1,0,차대차 - 측면충돌,교차로운행방법위반,건조,흐림,교차로 - 교차로안,승용,남,39세,상해없음,승용,남,29세,경상
2019012900100611,2019년 1월 29일 23시,화요일,강원도 평창군 진부면,중상사고,0,1,0,0,차대사람 - 기타,안전운전불이행,건조,맑음,교차로 - 교차로안,승용,남,48세,상해없음,보행자,여,24세,중상
2019013000100069,2019년 1월 30일 06시,수요일,강원도 원주시 우산동,중상사고,0,1,0,0,차대사람 - 횡단중,보행자보호의무위반,건조,맑음,단일로 - 기타,승용,남,49세,상해없음,보행자,여,21세,중상
2019013000100162,2019년 1월 30일 10시,수요일,강원도 속초시 영랑동,경상사고,0,0,2,0,차대차 - 측면충돌,안전운전불이행,건조,맑음,교차로 - 교차로부근,화물,남,66세,상해없음,승합,남,46세,경상