사고번호,사고일시,요일,시군구,사고내용,사망자수,중상자수,경상자수,부상신고자수,사고유형,법규위반,노면상태,기상상태,도로형태,가해운전자 차종,가해운전자 성별,가해운전자 연령,가해운전자 상해정도,피해운전자 차종,피해운전자 성별,피해운전자 연령,피해운전자 상해정도
2019020600100061,2019년 2월 6일 05시,수요일,강원도 원주시 개운동,경상사고,0,0,2,0,차대차 - 측면충돌,안전운전불이행,건조,기타,교차로 - 교차로안,승용,남,25세,상해없음,승용,남,59세,경상
2019020600100085,2019년 2월 6일 09시,수요일,강원도 춘천시 소양로2가,경상사고,0,0,1,0,차대차 - 측면충돌,신호위반,건조,맑음,교차로 - 교차로안,승용,남,51세,상해없음,승합,남,63세,경상
2019020600100105,2019년 2월 6일 11시,수요일,강원도 강릉시 입암동,경상사고,0,0,3,1,차대차 - 기타,안전운전불이행,건조,맑음,단일로 - 기타,승용,남,47세,상해없음,승용,남,44세,경상
2019020600100163,2019년 2월 6일 14시,수요일,강원도 원주시 개운동,경상사고,0,0,4,0,차대차 - 측면충돌,안전운전불이행,건조,맑음,교차로 - 교차로안,승용,여,70세,경상,승용,남,64세,경상
2019020600100164,2019년 2월 6일 14시,수요일,강원도 철원군 동송읍,경상사고,0,0,4,0,차대차 - 측면충돌,안전운전불이행,건조,맑음,단일로 - 기타,승용,여,38세,상해없음,승용,남,27세,경상
2019020600100184,2019년 2월 6일 15시,수요일,강원도 태백시 장성동,중상사고,0,1,2,0,차대차 - 기타,안전운전불이행,건조,맑음,교차로 - 교차로안,승용,여,36세,상해없음,승용,남,43세,중상
2019020600100252,2019년 2월 6일 18시,수요일,강원도 삼척시 정하동,중상사고,0,1,0,0,차량단독 - 기타,안전운전불이행,건조,맑음,단일로 - 기타,사륜오토바이(ATV),남,60세,중상,,,,
2019020600100282,2019년 2월 6일 19시,수요일,강원도 춘천시 석사동,중상사고,0,1,0,0,차대차 - 기타,안전거리미확보,건조,맑음,단일로 - 기타,승용,남,33세,상해없음,이륜,남,47세,중상
2019020600100305,2019년 2월 6일 20시,수요일,강원도 동해시 구호동,경상사고,0,0,1,0,차대차 - 측면충돌,교차로운행방법위반,건조,맑음,교차로 - 교차로안,승용,여,48세,상해없음,승용,남,44세,경상
2019020600100306,2019년 2월 6일 20시,수요일,강원도 원주시 문막읍,경상사고,0,0,1,0,차대사람 - 기타,안전운전불이행,건조,맑음,주차장 - 주차장,기타불명,기타불명,미분류,기타불명,보행자,여,22세,경상
2019020700100100,2019년 2월 7일 07시,목요일,강원도 강릉시 교동,경상사고,0,0,1,0,차대차 - 정면충돌,중앙선침범,건조,맑음,단일로 - 기타,승용,남,55세,상해없음,승용,남,57세,경상
2019020700100120,2019년 2월 7일 08시,목요일,강원도 속초시 노학동,경상사고,0,0,1,0,차대차 - 추돌,안전운전불이행,적설,눈,교차로 - 교차로부근,승용,남,62세,상해없음,승용,남,61세,경상
2019020700100121,2019년 2월 7일 08시,목요일,강원도 화천군 간동면,경상사고,0,0,2,0,차량단독 - 공작물충돌,안전운전불이행,서리/결빙,맑음,단일로 - 기타,화물,남,53세,경상,,,,
2019020700100150,2019년 2월 7일 09시,목요일,강원도 춘천시 효자동,경상사고,0,0,1,0,차대차 - 기타,안전운전불이행,건조,맑음,단일로 - 기타,승용,남,27세,상해없음,승용,남,63세,경상
2019020700100199,2019년 2월 7일 11시,목요일,강원도 원주시 판부면,경상사고,0,0,1,0,차대차 - 측면충돌,안전운전불이행,건조,맑음,단일로 - 기타,승용,남,50세,상해없음,승용,여,54세,경상
2019020700100242,2019년 2월 7일 13시,목요일,강원도 강릉시 홍제동,경상사고,0,0,4,0,차대차 - 기타,안전운전불이행,건조,맑음,단일로 - 기타,승용,남,24세,상해없음,승용,남,35세,경상
2019020700100416,2019년 2월 7일 18시,목요일,강원도 원주시 명륜동,중상사고,0,1,0,0,차대사람 - 기타,안전운전불이행,건조,맑음,교차로 - 교차로안,승용,남,64세,상해없음,보행자,여,23세,중상
2019020800100078,2019년 2월 8일 07시,금요일,강원도 고성군 거진읍,경상사고,0,0,1,0,차대차 - 기타,직진우회전진행방해,건조,맑음,교차로 - 교차로안,자전거,남,63세,경상,승용,남,47세,상해없음
2019020800100145,2019년 2월 8일 10시,금요일,강원도 강릉시 유천동,경상사고,0,0,1,0,차대차 - 측면충돌,신호위반,건조,맑음,교차로 - 교차로안,승용,남,36세,상해없음,화물,남,56세,경상
2019020800100219,2019년 2월 8일 13시,금요일,강원도 원주시 명륜동,경상사고,0,0,1,0,차대차 - 추돌,안전거리미확보,건조,맑음,교차로 - 교차로안,이륜,남,59세,상해없음,승용,남,67세,경상
2019020800100220,2019년 2월 8일 13시,금요일,강원도 원주시 명륜동,경상사고,0,0,2,0,차대차 - 측면충돌,안전운전불이행,건조,맑음,교차로 - 교차로부근,승합,남,59세,상해없음,승용,남,28세,경상
2019020800100221,2019년 2월 8일 13시,금요일,강원도 태백시 문곡동,경상사고,0,0,2,0,차대차 - 추돌,안전운전불이행,건조,맑음,교차로 - 교차로부근,화물,남,63세,상해없음,승용,여,52세,경상
2019020800100222,2019년 2월 8일 13시,금요일,강원도 태백시 황지동,경상사고,0,0,1,0,차대사람 - 차도통행중,안전운전불이행,건조,맑음,단일로 - 기타,승합,남,65세,상해없음,보행자,남,75세,경상
2019020800100256,2019년 2월 8일 14시,금요일,미분류 미분류 미분류,경상사고,0,0,4,0,차대차 - 추돌,안전운전불이행,건조,맑음,교차로 - 교차로부근,승용,남,71세,상해없음,승용,여,47세,경상
2019020800100257,2019년 2월 8일 14시,금요일,강원도 원주시 판부면,중상사고,0,1,0,0,차대차 - 측면충돌,안전거리미확보,건조,맑음,단일로 - 기타,승용,남,62세,상해없음,승용,여,65세,중상
2019020800100285,2019년 2월 8일 15시,금요일,강원도 원주시 인동,경상사고,0,0,1,0,차대차 - 측면충돌,안전운전불이행,건조,맑음,교차로 - 교차로안,승용,여,62세,상해없음,승용,여,56세,경상
2019020800100286,2019년 2월 8일 15시,금요일,강원도 동해시 신흥동,경상사고,0,0,1,0,차대차 - 측면충돌,중앙선침범,건조,맑음,단일로 - 기타,화물,남,56세,상해없음,건설기계,남,45세,경상
2019020800100344,2019년 2월 8일 17시,금요일,강원도 춘천시 신북읍,경상사고,0,0,1,0,차대차 - 측면충돌,중앙선침범,건조,맑음,단일로 - 기타,승용,남,59세,상해없음,승용,남,65세,경상
2019020800100345,2019년 2월 8일 17시,금요일,강원도 태백시 황지동,중상사고,0,1,0,0,차대차 - 측면충돌,차로위반,건조,맑음,단일로 - 기타,승용,남,57세,상해없음,승용,여,57세,중상
2019020800100377,2019년 2월 8일 18시,금요일,강원도 화천군 하남면,경상사고,0,0,1,0,차량단독 - 전도전복 - 전복,안전운전불이행,건조,맑음,단일로 - 교량,승용,남,58세,상해없음,,,,
2019020900100035,2019년 2월 9일 01시,토요일,강원도 원주시 반곡동,경상사고,0,0,1,0,차대차 - 측면충돌,신호위반,건조,맑음,교차로 - 교차로부근,승용,여,54세,상해없음,승용,남,35세,경상
2019020900100036,2019년 2월 9일 01시,토요일,강원도 삼척시 우지동,경상사고,0,0,2,0,차대차 - 추돌,안전거리미확보,건조,맑음,교차로 - 교차로부근,화물,남,42세,상해없음,승용,남,59세,경상
2019020900100067,2019년 2월 9일 04시,토요일,강원도 원주시 태장동,경상사고,0,0,1,0,차대차 - 측면충돌,교차로운행방법위반,건조,맑음,교차로 - 교차로안,건설기계,남,49세,상해없음,승용,남,38세,경상
2019020900100068,2019년 2월 9일 04시,토요일,강원도 원주시 일산동,경상사고,0,0,1,0,차량단독 - 기타,안전운전불이행,서리/결빙,흐림,단일로 - 기타,이륜,남,17세,상해없음,,,,
2019020900100078,2019년 2월 9일 05시,토요일,강원도 원주시 신림면,경상사고,0,0,1,0,차대차 - 측면충돌,안전운전불이행,건조,맑음,단일로 - 기타,화물,남,42세,상해없음,승용,남,38세,경상
2019020900100109,2019년 2월 9일 08시,토요일,강원도 춘천시 교동,중상사고,0,1,0,0,차대사람 - 보도통행중,보행자보호의무위반,건조,맑음,교차로 - 교차로안,승용,여,36세,상해없음,보행자,여,23세,중상
2019020900100165,2019년 2월 9일 11시,토요일,강원도 강릉시 노암동,경상사고,0,0,2,0,차대차 - 추돌,안전운전불이행,건조,맑음,교차로 - 교차로부근,승용,남,66세,상해없음,승용,여,49세,경상
2019020900100198,2019년 2월 9일 12시,토요일,강원도 원주시 태장동,경상사고,0,0,1,0,차대차 - 측면충돌,안전운전불이행,건조,맑음,교차로 - 교차로부근,승용,남,65세,상해없음,이륜,남,68세,경상
2019020900100199,2019년 2월 9일 12시,토요일,강원도 양구군 양구읍,중상사고,0,2,2,0,차대차 - 추돌,과속,건조,맑음,교차로 - 교차로부근,승용,남,27세,기타불명,화물,남,45세,중상
2019020900100247,2019년 2월 9일 14시,토요일,강원도 춘천시 근화동,중상사고,0,1,0,0,차대차 - 측면충돌,안전운전불이행,건조,맑음,교차로 - 교차로안,승용,남,25세,상해없음,자전거,여,61세,중상
2019020900100248,2019년 2월 9일 14시,토요일,강원도 원주시 원동,부상신고사고,0,0,0,1,차대사람 - 차도통행중,안전운전불이행,건조,맑음,교차로 - 교차로부근,승합,남,63세,상해없음,보행자,여,82세,부상신고
2019020900100249,2019년 2월 9일 14시,토요일,강원도 삼척시 원덕읍,경상사고,0,0,2,0,차대차 - 측면충돌,신호위반,건조,맑음,교차로 - 교차로안,승용,남,58세,상해없음,승용,남,59세,상해없음
2019020900100282,2019년 2월 9일 15시,토요일,강원도 강릉시 강문동,경상사고,0,0,1,0,차대차 - 후진중충돌,안전운전불이행,건조,맑음,단일로 - 기타,승용,남,54세,상해없음,승용,남,36세,상해없음
2019020900100319,2019년 2월 9일 17시,토요일,강원도 동해시 이도동,경상사고,0,0,1,0,차대차 - 기타,안전운전불이행,건조,맑음,교차로 - 교차로안,이륜,남,66세,상해없음,승용,남,44세,경상
2019020900100342,2019년 2월 9일 18시,토요일,강원도 속초시 장사동,경상사고,0,0,4,0,차대차 - 추돌,안전운전불이행,건조,맑음,단일로 - 지하차도(도로)내,승용,남,47세,상해없음,승용,남,33세,경상
2019020900100343,2019년 2월 9일 18시,토요일,강원도 속초시 조양동,경상사고,0,0,1,0,차대차 - 측면충돌,안전거리미확보,건조,맑음,단일로 - 고가도로위,승용,남,73세,상해없음,승용,남,65세,경상
2019020900100389,2019년 2월 9일 20시,토요일,강원도 춘천시 석사동,경상사고,0,0,1,0,차대사람 - 횡단중,보행자보호의무위반,건조,맑음,교차로 - 교차로횡단보도내,승용,남,38세,상해없음,보행자,남,53세,경상
2019020900100414,2019년 2월 9일 21시,토요일,강원도 정선군 남면,경상사고,0,0,1,0,차대차 - 측면충돌,신호위반,건조,맑음,단일로 - 기타,승용,남,59세,상해없음,승용,남,31세,경상
2019020900100433,2019년 2월 9일 22시,토요일,강원도 인제군 기린면,중상사고,0,1,1,1,차대차 - 측면충돌,안전운전불이행,건조,맑음,교차로 - 교차로안,승합,여,57세,기타불명,승용,여,58세,부상신고
2019021000100085,2019년 2월 10일 07시,일요일,강원도 삼척시 도계읍,중상사고,0,1,2,0,차량단독 - 전도전복 - 전도,안전운전불이행,건조,맑음,단일로 - 기타,화물,남,57세,경상,,,,
2019021000100106,2019년 2월 10일 09시,일요일,강원도 춘천시 퇴계동,경상사고,0,0,1,0,차대차 - 측면충돌,안전거리미확보,건조,맑음,교차로 - 교차로안,승용,남,26세,상해없음,승용,남,55세,경상
2019021000100119,2019년 2월 10일 10시,일요일,강원도 태백시 화전동,중상사고,0,1,0,0,차대차 - 추돌,안전운전불이행,건조,맑음,단일로 - 기타,건설기계,남,48세,상해없음,승용,남,64세,중상
2019021000100157,2019년 2월 10일 13시,일요일,강원도 강릉시 교동,경상사고,0,0,1,0,차대차 - 기타,안전운전불이행,건조,맑음,교차로 - 교차로안,승용,남,32세,상해없음,화물,남,69세,경상
2019021000100158,2019년 2월 10일 13시,일요일,강원도 정선군 임계면,중상사고,0,2,1,0,차대차 - 정면충돌,중앙선침범,건조,맑음,단일로 - 기타,승용,남,58세,상해없음,승용,여,55세,경상
2019021000100159,2019년 2월 10일 13시,일요일,강원도 홍천군 서면,부상신고사고,0,0,0,6,차대차 - 추돌,안전거리미확보,건조,맑음,단일로 - 터널,승용,남,46세,상해없음,승용,남,48세,부상신고
2019021000100174,2019년 2월 10일 14시,일요일,강원도 속초시 조양동,중상사고,0,1,0,0,차대차 - 후진중충돌,안전운전불이행,건조,맑음,단일로 - 고가도로위,승용,남,59세,상해없음,승용,남,40세,상해없음
2019021000100175,2019년 2월 10일 14시,일요일,강원도 홍천군 홍천읍,경상사고,0,0,4,0,차대차 - 기타,안전운전불이행,건조,맑음,단일로 - 기타,승용,남,61세,상해없음,승용,남,55세,경상
2019021000100197,2019년 2월 10일 15시,일요일,강원도 강릉시 남문동,경상사고,0,0,2,1,차대차 - 기타,안전운전불이행,건조,맑음,교차로 - 교차로안,승용,여,61세,상해없음,승용,남,38세,경상
2019021000100214,2019년 2월 10일 16시,일요일,강원도 원주시 단계동,중상사고,0,1,0,0,차대차 - 측면충돌,안전운전불이행,건조,기타,단일로 - 기타,화물,남,50세,상해없음,승용,남,46세,중상
2019021000100215,2019년 2월 10일 16시,일요일,강원도 삼척시 성북동,경상사고,0,0,2,0,차대차 - 정면충돌,신호위반,건조,맑음,교차로 - 교차로안,승용,남,37세,경상,승용,여,51세,경상
2019021000100216,2019년 2월 10일 16시,일요일,강원도 홍천군 내촌면,경상사고,0,0,2,0,차대차 - 기타,중앙선침범,건조,맑음,단일로 - 기타,화물,남,59세,상해없음,승용,남,31세,경상
2019021000100217,2019년 2월 10일 16시,일요일,강원도 양구군 양구읍,경상사고,0,0,2,0,차대차 - 추돌,안전운전불이행,건조,맑음,단일로 - 기타,승용,여,39세,상해없음,승용,남,49세,상해없음
2019021000100329,2019년 2월 10일 21시,일요일,강원도 춘천시 석사동,경상사고,0,0,1,0,차대차 - 측면충돌,안전운전불이행,건조,맑음,교차로 - 교차로안,승용,여,46세,상해없음,승용,남,40세,상해없음
2019021100100103,2019년 2월 11일 08시,월요일,강원도 강릉시 포남동,중상사고,0,1,2,0,차대차 - 측면충돌,안전운전불이행,건조,맑음,교차로 - 교차로안,승합,남,57세,상해없음,승용,여,31세,경상
2019021100100104,2019년 2월 11일 08시,월요일,강원도 원주시 단계동,경상사고,0,0,1,0,차대차 - 측면충돌,안전운전불이행,건조,맑음,교차로 - 교차로안,승용,남,53세,상해없음,승용,남,38세,경상
2019021100100137,2019년 2월 11일 09시,월요일,강원도 춘천시 우두동,경상사고,0,0,2,0,차대차 - 측면충돌,안전운전불이행,건조,맑음,단일로 - 기타,승용,남,75세,상해없음,승합,남,52세,상해없음
2019021100100138,2019년 2월 11일 09시,월요일,강원도 강릉시 운산동,부상신고사고,0,0,0,1,차대사람 - 기타,안전운전불이행,건조,맑음,단일로 - 기타,승합,남,61세,상해없음,보행자,여,81세,부상신고
2019021100100160,2019년 2월 11일 10시,월요일,강원도 춘천시 운교동,경상사고,0,0,1,0,차대사람 - 기타,안전운전불이행,건조,맑음,단일로 - 기타,승용,여,28세,상해없음,보행자,남,56세,경상
2019021100100161,2019년 2월 11일 10시,월요일,강원도 원주시 무실동,경상사고,0,0,1,0,차대차 - 측면충돌,교차로운행방법위반,건조,맑음,교차로 - 교차로안,화물,남,60세,상해없음,승용,남,32세,경상
2019021100100162,2019년 2월 11일 10시,월요일,강원도 원주시 태장동,경상사고,0,0,1,0,차대사람 - 횡단중,안전운전불이행,건조,맑음,교차로 - 교차로부근,화물,남,52세,기타불명,보행자,남,77세,경상
2019021100100187,2019년 2월 11일 11시,월요일,강원도 춘천시 효자동,경상사고,0,0,1,0,차대차 - 기타,차로위반,건조,맑음,교차로 - 교차로안,승용,남,83세,상해없음,승합,남,44세,경상
2019021100100188,2019년 2월 11일 11시,월요일,강원도 원주시 흥업면,경상사고,0,0,1,0,차대차 - 추돌,안전운전불이행,건조,맑음,단일로 - 기타,승합,남,40세,상해없음,승용,남,64세,상해없음
2019021100100189,2019년 2월 11일 11시,월요일,강원도 원주시 관설동,경상사고,0,0,1,0,차대차 - 측면충돌,안전운전불이행,건조,맑음,교차로 - 교차로안,승용,남,29세,상해없음,화물,남,62세,경상
2019021100100221,2019년 2월 11일 12시,월요일,강원도 춘천시 서면,경상사고,0,0,2,0,차대차 - 정면충돌,중앙선침범,건조,맑음,단일로 - 기타,승용,남,30세,상해없음,승용,남,47세,경상
2019021100100222,2019년 2월 11일 12시,월요일,강원도 춘천시 동면,경상사고,0,0,3,0,차대차 - 추돌,안전운전불이행,건조,맑음,단일로 - 기타,화물,남,54세,상해없음,승용,남,24세,경상
2019021100100243,2019년 2월 11일 13시,월요일,강원도 영월군 주천면,경상사고,0,0,1,0,차대차 - 측면충돌,과속,건조,맑음,단일로 - 기타,화물,남,64세,상해없음,승용,남,52세,경상
2019021100100303,2019년 2월 11일 15시,월요일,강원도 원주시 명륜동,경상사고,0,0,3,0,차대차 - 측면충돌,교차로운행방법위반,건조,맑음,교차로 - 교차로부근,승용,남,83세,상해없음,승용,남,21세,경상
2019021100100337,2019년 2월 11일 16시,월요일,강원도 강릉시 옥천동,중상사고,0,1,0,0,차대사람 - 기타,안전운전불이행,건조,맑음,교차로 - 교차로안,승용,여,62세,상해없음,보행자,여,78세,중상
2019021100100370,2019년 2월 11일 17시,월요일,강원도 원주시 관설동,경상사고,0,0,2,0,차대차 - 측면충돌,안전운전불이행,건조,맑음,교차로 - 교차로부근,승합,남,56세,상해없음,승용,남,44세,경상
2019021100100371,2019년 2월 11일 17시,월요일,강원도 원주시 문막읍,중상사고,0,2,3,0,차대차 - 측면충돌,안전거리미확보,건조,맑음,단일로 - 기타,승용,남,67세,상해없음,승용,남,19세,중상
2019021100100372,2019년 2월 11일 17시,월요일,강원도 원주시 단계동,경상사고,0,0,2,0,차대차 - 추돌,안전운전불이행,건조,맑음,단일로 - 기타,화물,남,55세,상해없음,화물,남,29세,경상
2019021100100395,2019년 2월 11일 18시,월요일,강원도 원주시 명륜동,중상사고,0,1,0,0,차대사람 - 횡단중,보행자보호의무위반,건조,맑음,교차로 - 교차로횡단보도내,특수,남,25세,상해없음,보행자,남,57세,중상
2019021100100396,2019년 2월 11일 18시,월요일,강원도 원주시 반곡동,경상사고,0,0,1,0,차대차 - 추돌,안전운전불이행,건조,맑음,단일로 - 기타,승용,남,28세,상해없음,승용,여,39세,경상
2019021100100508,2019년 2월 11일 21시,월요일,강원도 원주시 행구동,경상사고,0,0,1,0,차대차 - 정면충돌,신호위반,건조,맑음,교차로 - 교차로안,화물,여,53세,상해없음,승용,여,62세,경상
2019021100100548,2019년 2월 11일 23시,월요일,강원도 춘천시 퇴계동,경상사고,0,0,1,0,차대사람 - 기타,안전운전불이행,건조,맑음,교차로 - 교차로부근,승용,남,45세,상해없음,보행자,남,49세,경상
2019021200100022,2019년 2월 12일 00시,화요일,강원도 삼척시 갈천동,경상사고,0,0,2,0,차량단독 - 공작물충돌,안전운전불이행,건조,맑음,교차로 - 교차로부근,승용,남,25세,상해없음,,,,
2019021200100104,2019년 2월 12일 08시,화요일,강원도 춘천시 후평동,중상사고,0,1,1,0,차대차 - 측면충돌,직진우회전진행방해,건조,맑음,교차로 - 교차로안,승용,여,33세,경상,승용,여,55세,중상
2019021200100140,2019년 2월 12일 09시,화요일,강원도 춘천시 우두동,경상사고,0,0,2,0,차대차 - 측면충돌,안전운전불이행,건조,맑음,교차로 - 교차로안,승용,남,55세,상해없음,승합,남,43세,경상
2019021200100141,2019년 2월 12일 09시,화요일,강원도 속초시 노학동,경상사고,0,0,1,0,차대차 - 측면충돌,교차로운행방법위반,건조,맑음,교차로 - 교차로안,승용,남,30세,상해없음,자전거,남,64세,경상
2019021200100142,2019년 2월 12일 09시,화요일,강원도 속초시 대포동,경상사고,0,0,1,0,차대차 - 측면충돌,안전운전불이행,건조,맑음,교차로 - 교차로안,화물,남,48세,상해없음,승용,여,40세,경상
2019021200100181,2019년 2월 12일 10시,화요일,강원도 원주시 학성동,경상사고,0,0,1,0,차대차 - 추돌,안전운전불이행,건조,맑음,교차로 - 교차로부근,승용,남,31세,상해없음,화물,남,49세,경상
2019021200100182,2019년 2월 12일 10시,화요일,강원도 홍천군 남면,부상신고사고,0,0,0,1,차대차 - 기타,교차로운행방법위반,건조,맑음,교차로 - 교차로안,사륜오토바이(ATV),남,82세,부상신고,화물,남,57세,상해없음
2019021200100183,2019년 2월 12일 10시,화요일,강원도 동해시 부곡동,중상사고,0,1,1,0,차대차 - 측면충돌,안전운전불이행,건조,맑음,단일로 - 기타,이륜,남,16세,중상,승합,남,63세,상해없음
2019021200100213,2019년 2월 12일 11시,화요일,강원도 원주시 지정면,경상사고,0,0,1,0,차대차 - 추돌,차로위반,건조,맑음,교차로 - 교차로안,화물,남,53세,상해없음,화물,남,36세,경상
2019021200100265,2019년 2월 12일 13시,화요일,강원도 고성군 현내면,경상사고,0,0,3,0,차대차 - 정면충돌,중앙선침범,건조,맑음,교차로 - 교차로안,화물,남,64세,상해없음,승용,남,47세,경상
2019021200100295,2019년 2월 12일 14시,화요일,강원도 강릉시 포남동,경상사고,0,0,1,0,차대차 - 측면충돌,안전운전불이행,건조,맑음,교차로 - 교차로안,승용,남,66세,상해없음,승용,남,43세,경상
2019021200100309,2019년 2월 12일 15시,화요일,강원도 춘천시 근화동,경상사고,0,0,1,0,차대차 - 측면충돌,교차로운행방법위반,건조,맑음,교차로 - 교차로안,화물,남,87세,상해없음,승합,남,64세,상해없음
2019021200100310,2019년 2월 12일 15시,화요일,강원도 강릉시 교동,경상사고,0,0,2,0,차대차 - 측면충돌,신호위반,건조,맑음,교차로 - 교차로안,승합,여,46세,상해없음,승용,남,63세,경상
2019021200100311,2019년 2월 12일 15시,화요일,강원도 원주시 우산동,중상사고,0,2,0,0,차대차 - 기타,안전운전불이행,건조,맑음,단일로 - 기타,승합,남,59세,상해없음,승용,남,64세,상해없음
2019021200100312,2019년 2월 12일 15시,화요일,강원도 속초시 교동,중상사고,0,1,7,0,차대차 - 추돌,안전운전불이행,건조,맑음,단일로 - 기타,승용,여,65세,상해없음,승용,여,56세,경상
2019021200100338,2019년 2월 12일 16시,화요일,강원도 고성군 간성읍,경상사고,0,0,1,0,차대사람 - 기타,안전운전불이행,건조,맑음,단일로 - 기타,건설기계,남,58세,상해없음,보행자,여,64세,경상
2019021200100411,2019년 2월 12일 18시,화요일,강원도 원주시 단구동,중상사고,0,1,3,0,차대차 - 측면충돌,신호위반,건조,맑음,교차로 - 교차로안,승용,남,20세,상해없음,승용,남,45세,경상
2019021300100028,2019년 2월 13일 00시,수요일,강원도 원주시 봉산동,중상사고,0,1,0,0,차대차 - 기타,안전운전불이행,건조,기타,단일로 - 기타,화물,남,34세,중상,건설기계,남,48세,상해없음
2019021300100151,2019년 2월 13일 09시,수요일,강원도 춘천시 후평동,경상사고,0,0,1,0,차대차 - 측면충돌,교차로운행방법위반,건조,맑음,교차로 - 교차로안,승용,여,58세,상해없음,승용,여,59세,경상
2019021300100152,2019년 2월 13일 09시,수요일,강원도 강릉시 포남동,중상사고,0,1,0,0,차대차 - 정면충돌,안전운전불이행,건조,맑음,교차로 - 교차로안,화물,남,61세,상해없음,자전거,여,53세,중상
2019021300100153,2019년 2월 13일 09시,수요일,강원도 화천군 간동면,경상사고,0,0,1,0,차대차 - 기타,안전운전불이행,건조,맑음,단일로 - 기타,화물,남,77세,상해없음,승용,여,37세,경상
2019021300100179,2019년 2월 13일 10시,수요일,강원도 춘천시 퇴계동,경상사고,0,0,1,0,차대차 - 기타,안전운전불이행,건조,맑음,교차로 - 교차로안,승용,여,57세,상해없음,승용,남,51세,경상
2019021300100201,2019년 2월 13일 11시,수요일,강원도 영월군 북면,사망사고,1,0,0,0,차량단독 - 기타,안전운전불이행,건조,맑음,단일로 - 기타,화물,남,58세,사망,,,,
2019021300100202,2019년 2월 13일 11시,수요일,강원도 홍천군 홍천읍,경상사고,0,0,1,0,차대사람 - 횡단중,보행자보호의무위반,건조,맑음,교차로 - 교차로횡단보도내,승용,여,59세,상해없음,보행자,남,7세,경상
2019021300100223,2019년 2월 13일 12시,수요일,강원도 원주시 학성동,경상사고,0,0,1,0,차대사람 - 횡단중,신호위반,건조,맑음,교차로 - 교차로부근,승용,여,49세,상해없음,보행자,남,32세,경상
2019021300100247,2019년 2월 13일 13시,수요일,강원도 춘천시 신북읍,경상사고,0,0,1,0,차대사람 - 기타,보행자보호의무위반,건조,맑음,주차장 - 주차장,승용,여,47세,상해없음,보행자,남,71세,경상
2019021300100284,2019년 2월 13일 14시,수요일,강원도 홍천군 남면,경상사고,0,0,1,0,차대차 - 기타,교차로운행방법위반,건조,맑음,교차로 - 교차로안,승용,남,28세,상해없음,승용,남,39세,경상
2019021300100285,2019년 2월 13일 14시,수요일,강원도 평창군 대화면,중상사고,0,1,0,0,차량단독 - 기타,안전운전불이행,건조,맑음,기타 - 기타,화물,남,61세,중상,,,,
2019021300100326,2019년 2월 13일 15시,수요일,강원도 강릉시 성내동,경상사고,0,0,1,0,차대차 - 추돌,안전운전불이행,건조,맑음,단일로 - 기타,승용,남,25세,상해없음,승용,여,46세,경상
2019021300100327,2019년 2월 13일 15시,수요일,강원도 삼척시 교동,경상사고,0,0,1,0,차대차 - 측면충돌,직진우회전진행방해,건조,맑음,교차로 - 교차로안,승용,여,44세,상해없음,화물,남,56세,경상
2019021300100352,2019년 2월 13일 16시,수요일,강원도 춘천시 온의동,경상사고,0,0,1,0,차대차 - 기타,교차로운행방법위반,건조,맑음,교차로 - 교차로안,승용,여,36세,기타불명,기타불명,기타불명,미분류,기타불명
2019021300100353,2019년 2월 13일 16시,수요일,강원도 원주시 태장동,경상사고,0,0,2,0,차대차 - 측면충돌,직진우회전진행방해,건조,맑음,교차로 - 교차로안,승용,남,37세,경상,승용,남,70세,경상
2019021300100461,2019년 2월 13일 19시,수요일,강원도 동해시 평릉동,경상사고,0,0,1,0,차대차 - 추돌,안전거리미확보,건조,맑음,단일로 - 기타,이륜,남,16세,상해없음,승용,남,35세,경상
2019021300100550,2019년 2월 13일 22시,수요일,강원도 춘천시 신북읍,경상사고,0,0,2,0,차대차 - 추돌,안전운전불이행,건조,맑음,단일로 - 기타,승용,남,26세,상해없음,화물,여,61세,경상
2019021400100062,2019년 2월 14일 06시,목요일,강원도 동해시 송정동,중상사고,0,1,0,0,차대차 - 정면충돌,안전운전불이행,적설,눈,단일로 - 기타,승용,남,61세,상해없음,화물,남,50세,중상
2019021400100107,2019년 2월 14일 08시,목요일,강원도 삼척시 적노동,경상사고,0,0,2,0,차량단독 - 도로외이탈 - 추락,안전운전불이행,적설,눈,단일로 - 기타,승용,여,58세,경상,,,,
2019021400100143,2019년 2월 14일 09시,목요일,강원도 원주시 무실동,중상사고,0,1,0,0,차대차 - 측면충돌,교차로운행방법위반,건조,맑음,교차로 - 교차로안,승용,여,19세,상해없음,승용,여,33세,중상
2019021400100163,2019년 2월 14일 10시,목요일,강원도 홍천군 서석면,경상사고,0,0,1,0,차대사람 - 횡단중,안전운전불이행,건조,맑음,단일로 - 기타,승용,여,61세,상해없음,보행자,남,56세,경상
2019021400100198,2019년 2월 14일 11시,목요일,강원도 원주시 단계동,경상사고,0,0,3,1,차대차 - 기타,신호위반,건조,맑음,교차로 - 교차로안,승용,남,50세,부상신고,승용,여,54세,경상
2019021400100199,2019년 2월 14일 11시,목요일,강원도 양양군 양양읍,중상사고,0,1,0,0,차대사람 - 길가장자리구역통행중,안전운전불이행,건조,맑음,기타 - 기타,승용,남,50세,상해없음,보행자,여,59세,중상