사고번호,사고일시,요일,시군구,사고내용,사망자수,중상자수,경상자수,부상신고자수,사고유형,법규위반,노면상태,기상상태,도로형태,가해운전자 차종,가해운전자 성별,가해운전자 연령,가해운전자 상해정도,피해운전자 차종,피해운전자 성별,피해운전자 연령,피해운전자 상해정도
2019022100100281,2019년 2월 21일 13시,목요일,강원도 원주시 문막읍,경상사고,0,0,1,0,차대차 - 추돌,안전운전불이행,건조,맑음,교차로 - 교차로부근,화물,남,61세,상해없음,승용,남,28세,경상
2019022100100317,2019년 2월 21일 14시,목요일,강원도 원주시 단구동,경상사고,0,0,3,0,차대차 - 측면충돌,교차로운행방법위반,건조,맑음,교차로 - 교차로안,승용,남,45세,상해없음,승용,여,54세,경상
2019022100100318,2019년 2월 21일 14시,목요일,강원도 동해시 망상동,경상사고,0,0,1,0,차대차 - 측면충돌,안전운전불이행,건조,맑음,교차로 - 교차로부근,승용,여,52세,상해없음,승용,남,27세,경상
2019022100100374,2019년 2월 21일 16시,목요일,강원도 강릉시 사천면,중상사고,0,4,2,0,차대차 - 측면충돌,안전운전불이행,건조,맑음,교차로 - 교차로안,화물,남,70세,경상,승용,여,26세,중상
2019022100100408,2019년 2월 21일 17시,목요일,강원도 춘천시 동내면,사망사고,1,2,0,0,차대차 - 정면충돌,중앙선침범,건조,맑음,단일로 - 기타,승용,여,40세,사망,승용,남,66세,중상
2019022100100448,2019년 2월 21일 18시,목요일,강원도 원주시 무실동,경상사고,0,0,1,0,차대사람 - 횡단중,안전운전불이행,건조,맑음,교차로 - 교차로안,승용,여,35세,상해없음,보행자,남,13세,경상
2019022100100504,2019년 2월 21일 19시,목요일,강원도 춘천시 소양로1가,중상사고,0,1,0,0,차대차 - 정면충돌,안전운전불이행,건조,맑음,교차로 - 교차로안,승용,남,70세,상해없음,이륜,남,44세,중상
2019022200100136,2019년 2월 22일 08시,금요일,강원도 화천군 간동면,경상사고,0,0,1,0,차대사람 - 횡단중,안전운전불이행,건조,맑음,교차로 - 교차로부근,승용,남,35세,상해없음,보행자,여,89세,경상
2019022200100244,2019년 2월 22일 12시,금요일,강원도 춘천시 효자동,경상사고,0,0,1,0,차대사람 - 횡단중,보행자보호의무위반,건조,맑음,교차로 - 교차로횡단보도내,승용,남,25세,상해없음,보행자,남,27세,경상
2019022200100245,2019년 2월 22일 12시,금요일,강원도 원주시 일산동,경상사고,0,0,2,0,차대차 - 측면충돌,신호위반,건조,맑음,교차로 - 교차로안,승용,여,33세,상해없음,승용,여,80세,경상
2019022200100271,2019년 2월 22일 13시,금요일,강원도 삼척시 남양동,경상사고,0,0,1,0,차대차 - 정면충돌,직진우회전진행방해,건조,맑음,교차로 - 교차로안,승용,남,41세,상해없음,승용,남,74세,경상
2019022200100303,2019년 2월 22일 14시,금요일,강원도 삼척시 원덕읍,경상사고,0,0,1,0,차대차 - 측면충돌,안전운전불이행,건조,맑음,단일로 - 기타,화물,남,66세,상해없음,승용,남,61세,경상
2019022200100344,2019년 2월 22일 15시,금요일,강원도 동해시 동회동,경상사고,0,0,1,0,차대사람 - 횡단중,보행자보호의무위반,건조,맑음,교차로 - 교차로안,화물,남,48세,상해없음,보행자,남,81세,경상
2019022200100372,2019년 2월 22일 16시,금요일,강원도 춘천시 신북읍,중상사고,0,2,2,1,차대차 - 측면충돌,안전운전불이행,건조,맑음,단일로 - 기타,승용,남,63세,중상,화물,남,66세,상해없음
2019022200100398,2019년 2월 22일 17시,금요일,강원도 삼척시 당저동,중상사고,0,1,0,0,차대사람 - 차도통행중,안전운전불이행,건조,맑음,주차장 - 주차장,승용,남,63세,상해없음,보행자,여,67세,중상
2019022200100420,2019년 2월 22일 18시,금요일,강원도 원주시 반곡동,경상사고,0,0,1,0,차대차 - 측면충돌,안전운전불이행,건조,맑음,교차로 - 교차로부근,승용,남,52세,상해없음,이륜,남,19세,경상
2019022200100461,2019년 2월 22일 19시,금요일,강원도 강릉시 입암동,경상사고,0,0,1,0,차대차 - 측면충돌,안전운전불이행,건조,맑음,단일로 - 기타,승합,남,58세,상해없음,승용,여,58세,경상
2019022200100508,2019년 2월 22일 20시,금요일,강원도 춘천시 효자동,경상사고,0,0,1,0,차대차 - 측면충돌,안전운전불이행,건조,맑음,교차로 - 교차로안,승용,남,27세,상해없음,이륜,남,19세,경상
2019022200100590,2019년 2월 22일 22시,금요일,강원도 춘천시 조양동,경상사고,0,0,1,0,차대사람 - 기타,안전운전불이행,건조,맑음,단일로 - 기타,승용,남,37세,상해없음,보행자,여,38세,경상
2019022300100023,2019년 2월 23일 00시,토요일,강원도 속초시 교동,중상사고,0,2,0,0,차대사람 - 횡단중,보행자보호의무위반,건조,맑음,교차로 - 교차로횡단보도내,이륜,남,19세,중상,보행자,남,49세,중상
2019022300100039,2019년 2월 23일 01시,토요일,강원도 강릉시 교동,경상사고,0,0,1,0,차대차 - 측면충돌,안전운전불이행,건조,맑음,교차로 - 교차로안,승합,남,44세,상해없음,승용,여,47세,경상
2019022300100040,2019년 2월 23일 01시,토요일,강원도 원주시 개운동,중상사고,0,1,0,0,차대사람 - 횡단중,안전운전불이행,건조,맑음,교차로 - 교차로부근,승용,남,17세,상해없음,보행자,남,46세,중상
2019022300100075,2019년 2월 23일 03시,토요일,강원도 춘천시 칠전동,중상사고,0,1,2,0,차대차 - 정면충돌,신호위반,건조,맑음,교차로 - 교차로안,승용,남,42세,상해없음,승용,여,26세,상해없음
2019022300100112,2019년 2월 23일 06시,토요일,강원도 횡성군 둔내면,경상사고,0,0,2,0,차대차 - 후진중충돌,안전운전불이행,건조,맑음,기타 - 기타,화물,남,63세,상해없음,승용,남,28세,경상
2019022300100124,2019년 2월 23일 07시,토요일,강원도 동해시 쇄운동,중상사고,0,1,0,0,차대사람 - 횡단중,신호위반,건조,맑음,교차로 - 교차로횡단보도내,특수,남,52세,상해없음,보행자,여,60세,중상
2019022300100171,2019년 2월 23일 09시,토요일,강원도 동해시 효가동,경상사고,0,0,1,0,차대차 - 측면충돌,안전거리미확보,건조,맑음,단일로 - 기타,건설기계,남,38세,상해없음,승용,남,43세,상해없음
2019022300100203,2019년 2월 23일 10시,토요일,강원도 강릉시 강문동,경상사고,0,0,2,1,차대차 - 후진중충돌,안전운전불이행,건조,맑음,주차장 - 주차장,승용,남,34세,부상신고,승용,남,29세,경상
2019022300100204,2019년 2월 23일 10시,토요일,강원도 영월군 영월읍,중상사고,0,1,0,0,차대차 - 측면충돌,교차로운행방법위반,건조,맑음,교차로 - 교차로안,승용,남,59세,상해없음,화물,남,64세,중상
2019022300100229,2019년 2월 23일 11시,토요일,강원도 춘천시 소양로2가,경상사고,0,0,1,0,차대차 - 측면충돌,직진우회전진행방해,건조,맑음,교차로 - 교차로안,승용,남,61세,상해없음,이륜,남,25세,경상
2019022300100230,2019년 2월 23일 11시,토요일,강원도 원주시 단구동,경상사고,0,0,3,0,차대차 - 측면충돌,신호위반,건조,맑음,교차로 - 교차로안,승용,여,23세,경상,승용,남,62세,경상
2019022300100266,2019년 2월 23일 12시,토요일,강원도 강릉시 사천면,중상사고,0,1,1,0,차량단독 - 공작물충돌,안전운전불이행,건조,맑음,단일로 - 기타,화물,남,48세,기타불명,,,,
2019022300100343,2019년 2월 23일 14시,토요일,강원도 강릉시 포남동,경상사고,0,0,1,0,차대사람 - 횡단중,보행자보호의무위반,건조,맑음,단일로 - 기타,승용,여,69세,상해없음,보행자,여,9세,경상
2019022300100344,2019년 2월 23일 14시,토요일,강원도 춘천시 북산면,사망사고,1,1,3,0,차대차 - 정면충돌,중앙선침범,건조,맑음,단일로 - 터널,승용,남,44세,경상,승용,남,28세,경상
2019022300100469,2019년 2월 23일 18시,토요일,강원도 태백시 황지동,경상사고,0,0,1,0,차대차 - 측면충돌,안전운전불이행,건조,맑음,교차로 - 교차로안,승용,남,60세,상해없음,승용,남,27세,경상
2019022300100506,2019년 2월 23일 19시,토요일,강원도 춘천시 서면,사망사고,1,0,0,0,차대사람 - 횡단중,안전운전불이행,건조,맑음,단일로 - 교량,화물,남,55세,상해없음,보행자,남,82세,사망
2019022300100507,2019년 2월 23일 19시,토요일,강원도 춘천시 효자동,경상사고,0,0,1,0,차대차 - 측면충돌,안전거리미확보,건조,맑음,단일로 - 기타,승용,여,60세,상해없음,승용,남,51세,경상
2019022300100508,2019년 2월 23일 19시,토요일,강원도 춘천시 효자동,경상사고,0,0,5,1,차대차 - 기타,중앙선침범,건조,맑음,교차로 - 교차로부근,승용,남,26세,상해없음,승용,남,59세,경상
2019022400100103,2019년 2월 24일 10시,일요일,강원도 춘천시 동내면,경상사고,0,0,2,0,차대차 - 추돌,안전운전불이행,건조,맑음,단일로 - 기타,승용,여,35세,상해없음,승용,여,42세,경상
2019022400100148,2019년 2월 24일 12시,일요일,강원도 양양군 강현면,경상사고,0,0,4,1,차대차 - 측면충돌,안전운전불이행,건조,맑음,교차로 - 교차로안,승용,여,40세,상해없음,승용,남,35세,경상
2019022400100224,2019년 2월 24일 14시,일요일,강원도 원주시 중앙동,경상사고,0,0,1,0,차대차 - 측면충돌,안전운전불이행,건조,맑음,교차로 - 교차로안,승용,여,33세,상해없음,이륜,남,68세,경상
2019022400100247,2019년 2월 24일 15시,일요일,강원도 화천군 사내면,중상사고,0,1,1,0,차대차 - 정면충돌,중앙선침범,건조,맑음,단일로 - 기타,승용,남,50세,상해없음,화물,남,66세,경상
2019022400100275,2019년 2월 24일 16시,일요일,강원도 원주시 단구동,경상사고,0,0,1,0,차대차 - 측면충돌,안전운전불이행,건조,맑음,교차로 - 교차로안,승용,남,75세,상해없음,승용,여,38세,경상
2019022400100305,2019년 2월 24일 17시,일요일,강원도 춘천시 요선동,경상사고,0,0,1,0,차대차 - 측면충돌,교차로운행방법위반,건조,맑음,교차로 - 교차로안,화물,남,37세,상해없음,승용,여,55세,경상
2019022400100329,2019년 2월 24일 18시,일요일,강원도 원주시 단계동,경상사고,0,0,1,0,차대사람 - 길가장자리구역통행중,안전운전불이행,건조,맑음,단일로 - 기타,승용,남,46세,상해없음,보행자,여,56세,경상
2019022400100330,2019년 2월 24일 18시,일요일,강원도 원주시 단구동,경상사고,0,0,2,0,차대차 - 측면충돌,신호위반,건조,맑음,교차로 - 교차로안,승용,남,58세,상해없음,승용,여,62세,경상
2019022400100352,2019년 2월 24일 19시,일요일,강원도 춘천시 퇴계동,부상신고사고,0,0,0,1,차대사람 - 기타,안전운전불이행,건조,맑음,주차장 - 주차장,승용,남,60세,상해없음,보행자,남,52세,부상신고
2019022400100353,2019년 2월 24일 19시,일요일,강원도 태백시 문곡동,경상사고,0,0,1,0,차량단독 - 도로외이탈 - 추락,안전운전불이행,건조,맑음,교차로 - 교차로부근,화물,여,35세,상해없음,,,,
2019022400100384,2019년 2월 24일 20시,일요일,강원도 춘천시 석사동,중상사고,0,1,1,0,차대사람 - 횡단중,보행자보호의무위반,건조,맑음,교차로 - 교차로횡단보도내,특수,남,30세,상해없음,보행자,남,57세,중상
2019022400100385,2019년 2월 24일 20시,일요일,강원도 원주시 단계동,경상사고,0,0,1,0,차대차 - 측면충돌,신호위반,건조,맑음,교차로 - 교차로안,이륜,남,22세,경상,승용,남,30세,상해없음
2019022400100427,2019년 2월 24일 22시,일요일,강원도 횡성군 둔내면,경상사고,0,0,1,0,차대차 - 정면충돌,중앙선침범,건조,맑음,단일로 - 기타,승용,남,62세,상해없음,승용,남,24세,경상
2019022500100070,2019년 2월 25일 06시,월요일,강원도 철원군 서면,중상사고,0,1,1,0,차대차 - 추돌,안전운전불이행,건조,맑음,단일로 - 기타,화물,남,35세,중상,화물,남,36세,경상
2019022500100106,2019년 2월 25일 08시,월요일,강원도 원주시 태장동,중상사고,0,1,0,0,차대사람 - 기타,안전운전불이행,건조,맑음,단일로 - 기타,승용,여,59세,상해없음,보행자,여,60세,중상
2019022500100136,2019년 2월 25일 09시,월요일,강원도 춘천시 온의동,경상사고,0,0,1,0,차대차 - 추돌,안전운전불이행,건조,맑음,교차로 - 교차로부근,승합,남,52세,상해없음,승용,남,42세,경상
2019022500100137,2019년 2월 25일 09시,월요일,강원도 원주시 지정면,경상사고,0,0,1,0,차대차 - 정면충돌,신호위반,건조,맑음,교차로 - 교차로안,승용,여,20세,상해없음,건설기계,남,50세,경상
2019022500100176,2019년 2월 25일 10시,월요일,강원도 춘천시 근화동,경상사고,0,0,1,0,차대사람 - 기타,보행자보호의무위반,건조,맑음,교차로 - 교차로안,승용,여,53세,상해없음,보행자,여,54세,경상
2019022500100177,2019년 2월 25일 10시,월요일,강원도 강릉시 노암동,경상사고,0,0,2,0,차대차 - 후진중충돌,안전운전불이행,건조,맑음,교차로 - 교차로안,승용,남,79세,상해없음,승용,여,45세,경상
2019022500100178,2019년 2월 25일 10시,월요일,강원도 원주시 흥업면,경상사고,0,0,3,0,차대차 - 추돌,안전운전불이행,건조,맑음,교차로 - 교차로부근,승용,여,48세,상해없음,승용,남,77세,경상
2019022500100179,2019년 2월 25일 10시,월요일,강원도 화천군 사내면,경상사고,0,0,1,0,차대사람 - 횡단중,안전운전불이행,건조,맑음,교차로 - 교차로안,승용,남,25세,상해없음,보행자,여,76세,경상
2019022500100241,2019년 2월 25일 12시,월요일,강원도 원주시 지정면,중상사고,0,1,0,0,차대차 - 측면충돌,안전운전불이행,건조,맑음,단일로 - 기타,승용,남,36세,상해없음,이륜,남,50세,중상
2019022500100242,2019년 2월 25일 12시,월요일,강원도 삼척시 사직동,중상사고,0,1,0,0,차대차 - 측면충돌,안전운전불이행,건조,맑음,단일로 - 지하차도(도로)내,자전거,남,74세,중상,화물,남,44세,상해없음
2019022500100275,2019년 2월 25일 13시,월요일,강원도 원주시 개운동,경상사고,0,0,2,0,차대차 - 측면충돌,안전운전불이행,건조,맑음,교차로 - 교차로안,승용,남,74세,상해없음,승용,남,52세,경상
2019022500100304,2019년 2월 25일 14시,월요일,강원도 춘천시 요선동,경상사고,0,0,1,0,차대차 - 기타,안전운전불이행,건조,맑음,교차로 - 교차로안,화물,남,50세,상해없음,승용,남,74세,경상
2019022500100344,2019년 2월 25일 15시,월요일,강원도 춘천시 석사동,경상사고,0,0,1,0,차대차 - 측면충돌,신호위반,건조,맑음,교차로 - 교차로안,승용,남,58세,상해없음,이륜,남,24세,경상
2019022500100345,2019년 2월 25일 15시,월요일,강원도 강릉시 교동,중상사고,0,1,0,0,차대차 - 측면충돌,안전운전불이행,건조,맑음,교차로 - 교차로안,이륜,남,26세,상해없음,승합,남,38세,상해없음
2019022500100346,2019년 2월 25일 15시,월요일,강원도 삼척시 정상동,중상사고,0,1,0,0,차대사람 - 횡단중,보행자보호의무위반,건조,맑음,교차로 - 교차로횡단보도내,승용,여,47세,상해없음,보행자,남,82세,중상
2019022500100406,2019년 2월 25일 17시,월요일,강원도 강릉시 입암동,경상사고,0,0,2,0,차대차 - 측면충돌,안전운전불이행,건조,맑음,단일로 - 기타,승용,여,39세,경상,화물,남,32세,경상
2019022500100407,2019년 2월 25일 17시,월요일,강원도 동해시 천곡동,경상사고,0,0,1,0,차대차 - 기타,안전운전불이행,건조,맑음,교차로 - 교차로부근,승용,남,61세,상해없음,승용,남,49세,경상
2019022500100408,2019년 2월 25일 17시,월요일,강원도 동해시 천곡동,경상사고,0,0,1,0,차대차 - 측면충돌,신호위반,건조,맑음,교차로 - 교차로안,승합,남,51세,상해없음,승용,남,28세,상해없음
2019022500100451,2019년 2월 25일 18시,월요일,강원도 춘천시 소양로1가,경상사고,0,0,1,0,차대차 - 정면충돌,안전거리미확보,건조,맑음,단일로 - 기타,승용,여,31세,상해없음,승용,여,26세,경상
2019022500100452,2019년 2월 25일 18시,월요일,강원도 양양군 현남면,사망사고,1,0,0,0,차대사람 - 횡단중,안전운전불이행,건조,맑음,교차로 - 교차로부근,승용,남,45세,상해없음,보행자,남,61세,사망
2019022500100491,2019년 2월 25일 19시,월요일,강원도 춘천시 근화동,경상사고,0,0,2,0,차대차 - 측면충돌,신호위반,건조,맑음,교차로 - 교차로안,승용,남,27세,상해없음,승용,여,35세,경상
2019022500100492,2019년 2월 25일 19시,월요일,강원도 춘천시 신북읍,경상사고,0,0,1,0,차대차 - 측면충돌,안전운전불이행,건조,맑음,단일로 - 기타,승용,남,74세,상해없음,화물,남,62세,경상
2019022500100493,2019년 2월 25일 19시,월요일,강원도 강릉시 옥천동,중상사고,0,1,0,0,차대차 - 측면충돌,안전운전불이행,건조,맑음,단일로 - 기타,승용,남,55세,상해없음,원동기,남,28세,중상
2019022500100494,2019년 2월 25일 19시,월요일,강원도 원주시 개운동,중상사고,0,1,0,0,차대사람 - 차도통행중,안전운전불이행,건조,맑음,교차로 - 교차로안,승용,여,39세,상해없음,보행자,여,81세,중상
2019022500100558,2019년 2월 25일 21시,월요일,강원도 양양군 강현면,사망사고,1,0,1,0,차대차 - 추돌,안전운전불이행,건조,맑음,단일로 - 지하차도(도로)내,화물,남,55세,사망,승합,남,48세,상해없음
2019022600100025,2019년 2월 26일 00시,화요일,강원도 강릉시 포남동,경상사고,0,0,1,0,차대사람 - 횡단중,보행자보호의무위반,건조,맑음,교차로 - 교차로횡단보도내,승용,남,48세,상해없음,보행자,여,12세,경상
2019022600100106,2019년 2월 26일 08시,화요일,강원도 원주시 개운동,경상사고,0,0,4,0,차대차 - 측면충돌,직진우회전진행방해,건조,맑음,교차로 - 교차로안,승용,여,45세,상해없음,승용,여,60세,경상
2019022600100171,2019년 2월 26일 10시,화요일,강원도 원주시 단계동,경상사고,0,0,1,0,차대차 - 측면충돌,안전운전불이행,건조,맑음,주차장 - 주차장,승용,여,63세,상해없음,승용,남,38세,경상
2019022600100200,2019년 2월 26일 11시,화요일,강원도 춘천시 소양로1가,경상사고,0,0,3,0,차대차 - 추돌,안전거리미확보,건조,맑음,단일로 - 교량,승용,여,18세,상해없음,승용,남,61세,경상
2019022600100234,2019년 2월 26일 12시,화요일,강원도 춘천시 효자동,중상사고,0,1,0,0,차대사람 - 기타,안전운전불이행,건조,맑음,단일로 - 기타,승용,남,72세,상해없음,보행자,남,74세,중상
2019022600100261,2019년 2월 26일 13시,화요일,강원도 원주시 태장동,경상사고,0,0,1,1,차대차 - 추돌,안전운전불이행,건조,맑음,단일로 - 기타,승용,남,77세,부상신고,화물,남,65세,경상
2019022600100262,2019년 2월 26일 13시,화요일,강원도 홍천군 두촌면,경상사고,0,0,1,0,차량단독 - 전도전복 - 전도,안전운전불이행,건조,맑음,단일로 - 기타,원동기,여,66세,경상,,,,
2019022600100263,2019년 2월 26일 13시,화요일,강원도 태백시 황지동,중상사고,0,1,1,0,차대차 - 측면충돌,안전운전불이행,건조,맑음,교차로 - 교차로안,승용,남,60세,상해없음,화물,남,50세,중상
2019022600100264,2019년 2월 26일 13시,화요일,강원도 횡성군 우천면,경상사고,0,0,1,0,차대차 - 측면충돌,신호위반,건조,맑음,교차로 - 교차로안,승용,여,65세,상해없음,승용,여,45세,경상
2019022600100362,2019년 2월 26일 16시,화요일,강원도 삼척시 도계읍,중상사고,0,1,0,0,차량단독 - 공작물충돌,안전운전불이행,건조,맑음,교차로 - 교차로안,화물,남,23세,중상,,,,
2019022600100363,2019년 2월 26일 16시,화요일,강원도 동해시 부곡동,경상사고,0,0,1,0,차대차 - 측면충돌,안전운전불이행,건조,맑음,교차로 - 교차로안,승용,남,80세,상해없음,승용,여,39세,경상
2019022600100470,2019년 2월 26일 19시,화요일,강원도 원주시 흥업면,중상사고,0,1,3,0,차대차 - 측면충돌,교차로운행방법위반,건조,맑음,교차로 - 교차로안,승용,여,58세,상해없음,승용,남,56세,경상
2019022700100022,2019년 2월 27일 00시,수요일,강원도 강릉시 강문동,중상사고,0,1,0,0,차대차 - 측면충돌,신호위반,건조,맑음,교차로 - 교차로안,승용,남,37세,상해없음,승용,남,53세,중상
2019022700100045,2019년 2월 27일 02시,수요일,강원도 원주시 봉산동,중상사고,0,1,0,0,차대차 - 측면충돌,신호위반,건조,맑음,교차로 - 교차로안,승용,남,47세,상해없음,승용,남,60세,중상
2019022700100088,2019년 2월 27일 07시,수요일,강원도 철원군 철원읍,중상사고,0,1,1,0,차대차 - 측면충돌,직진우회전진행방해,건조,맑음,교차로 - 교차로안,화물,남,25세,중상,승용,남,78세,경상
2019022700100089,2019년 2월 27일 07시,수요일,강원도 동해시 평릉동,경상사고,0,0,1,0,차대사람 - 기타,안전운전불이행,건조,맑음,단일로 - 기타,승용,남,36세,상해없음,보행자,남,63세,경상
2019022700100133,2019년 2월 27일 09시,수요일,강원도 춘천시 효자동,경상사고,0,0,1,0,차대차 - 기타,안전운전불이행,건조,맑음,교차로 - 교차로안,승용,남,64세,상해없음,승용,여,55세,경상
2019022700100223,2019년 2월 27일 12시,수요일,강원도 춘천시 운교동,경상사고,0,0,1,0,차대차 - 정면충돌,신호위반,건조,맑음,교차로 - 교차로안,승용,남,61세,기타불명,승용,남,39세,경상
2019022700100283,2019년 2월 27일 14시,수요일,강원도 강릉시 입암동,경상사고,0,0,1,0,차대차 - 측면충돌,안전운전불이행,건조,맑음,교차로 - 교차로안,승용,남,31세,상해없음,화물,남,49세,경상
2019022700100313,2019년 2월 27일 15시,수요일,강원도 삼척시 교동,경상사고,0,0,1,0,차대차 - 측면충돌,교차로운행방법위반,건조,맑음,교차로 - 교차로안,승용,남,52세,상해없음,승용,여,43세,경상
2019022700100343,2019년 2월 27일 16시,수요일,강원도 인제군 상남면,중상사고,0,1,1,0,차량단독 - 공작물충돌,안전운전불이행,건조,맑음,단일로 - 기타,화물,남,58세,경상,,,,
2019022700100424,2019년 2월 27일 18시,수요일,강원도 강릉시 용강동,경상사고,0,0,1,0,차대차 - 추돌,안전운전불이행,건조,맑음,단일로 - 기타,승용,남,24세,상해없음,승용,여,34세,상해없음
2019022700100425,2019년 2월 27일 18시,수요일,강원도 강릉시 노암동,중상사고,0,2,7,0,차대차 - 측면충돌,안전운전불이행,건조,맑음,교차로 - 교차로부근,승용,남,65세,상해없음,승용,남,25세,중상
2019022700100426,2019년 2월 27일 18시,수요일,강원도 태백시 황지동,경상사고,0,0,2,0,차대차 - 측면충돌,안전운전불이행,건조,맑음,교차로 - 교차로안,승용,여,49세,경상,승용,남,58세,경상
2019022700100427,2019년 2월 27일 18시,수요일,강원도 철원군 갈말읍,경상사고,0,0,1,0,차대차 - 측면충돌,직진우회전진행방해,건조,맑음,교차로 - 교차로안,승용,남,25세,상해없음,승용,남,27세,경상
2019022700100523,2019년 2월 27일 21시,수요일,강원도 춘천시 동내면,경상사고,0,0,2,0,차대차 - 측면충돌,안전운전불이행,건조,맑음,교차로 - 교차로안,승용,남,58세,상해없음,승용,여,45세,경상
2019022700100569,2019년 2월 27일 23시,수요일,강원도 춘천시 퇴계동,경상사고,0,0,1,0,차대차 - 측면충돌,안전운전불이행,건조,맑음,단일로 - 기타,승용,남,23세,상해없음,이륜,남,47세,경상
2019022800100030,2019년 2월 28일 00시,목요일,강원도 원주시 단계동,경상사고,0,0,1,0,차대차 - 측면충돌,안전운전불이행,건조,기타,단일로 - 기타,승용,남,20세,상해없음,이륜,남,46세,경상
2019022800100049,2019년 2월 28일 01시,목요일,강원도 춘천시 사농동,중상사고,0,1,1,0,차대차 - 추돌,안전운전불이행,건조,맑음,교차로 - 교차로안,승용,남,62세,상해없음,승용,남,50세,중상
2019022800100125,2019년 2월 28일 08시,목요일,강원도 원주시 우산동,경상사고,0,0,1,0,차대차 - 측면충돌,직진우회전진행방해,건조,맑음,교차로 - 교차로안,승용,여,38세,상해없음,승합,남,67세,경상
2019022800100126,2019년 2월 28일 08시,목요일,강원도 동해시 천곡동,경상사고,0,0,2,0,차대차 - 추돌,안전거리미확보,건조,맑음,단일로 - 기타,승용,여,40세,상해없음,화물,여,58세,상해없음
2019022800100179,2019년 2월 28일 10시,목요일,강원도 원주시 단계동,중상사고,0,1,0,0,차대사람 - 횡단중,보행자보호의무위반,건조,맑음,교차로 - 교차로안,승용,남,46세,상해없음,보행자,남,82세,중상
2019022800100206,2019년 2월 28일 11시,목요일,강원도 원주시 문막읍,경상사고,0,0,1,0,차대차 - 측면충돌,직진우회전진행방해,건조,맑음,교차로 - 교차로부근,화물,남,48세,상해없음,승용,여,59세,경상
2019022800100241,2019년 2월 28일 12시,목요일,강원도 영월군 주천면,부상신고사고,0,0,0,1,차량단독 - 공작물충돌,안전운전불이행,건조,맑음,단일로 - 기타,승용,여,50세,부상신고,,,,
2019022800100242,2019년 2월 28일 12시,목요일,강원도 화천군 화천읍,중상사고,0,2,1,0,차대차 - 측면충돌,신호위반,건조,맑음,교차로 - 교차로안,승용,여,58세,경상,화물,남,60세,중상
2019022800100281,2019년 2월 28일 13시,목요일,강원도 동해시 천곡동,경상사고,0,0,1,0,차대차 - 기타,안전거리미확보,건조,맑음,단일로 - 기타,화물,여,48세,상해없음,승용,남,56세,상해없음
2019022800100314,2019년 2월 28일 14시,목요일,강원도 원주시 일산동,경상사고,0,0,1,0,차대차 - 측면충돌,안전운전불이행,건조,맑음,교차로 - 교차로안,승용,여,43세,상해없음,화물,남,47세,경상
2019022800100337,2019년 2월 28일 15시,목요일,강원도 강릉시 주문진읍,경상사고,0,0,1,0,차대사람 - 기타,안전운전불이행,건조,맑음,단일로 - 기타,승용,여,67세,상해없음,보행자,여,77세,경상
2019022800100418,2019년 2월 28일 17시,목요일,강원도 춘천시 칠전동,경상사고,0,0,1,0,차대차 - 측면충돌,중앙선침범,건조,맑음,단일로 - 기타,승용,남,69세,상해없음,승합,남,45세,경상
2019022800100446,2019년 2월 28일 18시,목요일,강원도 춘천시 우두동,경상사고,0,0,1,0,차대사람 - 기타,안전운전불이행,건조,맑음,단일로 - 기타,승합,남,53세,상해없음,보행자,여,63세,경상
2019022800100447,2019년 2월 28일 18시,목요일,강원도 원주시 단계동,경상사고,0,0,1,0,차대차 - 추돌,직진우회전진행방해,건조,맑음,교차로 - 교차로안,승용,남,26세,상해없음,승용,남,60세,상해없음
2019022800100448,2019년 2월 28일 18시,목요일,강원도 원주시 신림면,경상사고,0,0,1,0,차대차 - 추돌,안전운전불이행,건조,맑음,단일로 - 기타,승용,남,63세,상해없음,승용,남,30세,경상
2019022800100449,2019년 2월 28일 18시,목요일,강원도 원주시 단구동,중상사고,0,1,0,0,차대차 - 측면충돌,교차로운행방법위반,건조,맑음,교차로 - 교차로안,승용,남,55세,상해없음,원동기,남,36세,중상
2019022800100497,2019년 2월 28일 19시,목요일,강원도 춘천시 퇴계동,중상사고,0,1,0,0,차대사람 - 보도통행중,보행자보호의무위반,건조,맑음,단일로 - 기타,승용,여,56세,상해없음,보행자,남,60세,중상
2019022800100498,2019년 2월 28일 19시,목요일,강원도 속초시 동명동,중상사고,0,1,0,0,차대사람 - 보도통행중,보행자보호의무위반,건조,맑음,단일로 - 기타,승합,남,59세,상해없음,보행자,남,56세,중상
2019022800100499,2019년 2월 28일 19시,목요일,강원도 홍천군 홍천읍,경상사고,0,0,1,0,차대차 - 측면충돌,교차로운행방법위반,건조,맑음,교차로 - 교차로안,승용,여,43세,상해없음,승용,여,46세,경상
2019022800100626,2019년 2월 28일 23시,목요일,강원도 양양군 강현면,경상사고,0,0,1,0,차대사람 - 횡단중,신호위반,건조,맑음,교차로 - 교차로부근,승용,남,74세,상해없음,보행자,여,45세,경상
2019030100100041,2019년 3월 1일 00시,금요일,강원도 원주시 단계동,경상사고,0,0,1,0,차대차 - 측면충돌,안전운전불이행,건조,맑음,단일로 - 기타,승용,남,34세,상해없음,승용,남,62세,경상
2019030100100110,2019년 3월 1일 06시,금요일,강원도 원주시 문막읍,중상사고,0,2,1,0,차대차 - 추돌,신호위반,건조,맑음,교차로 - 교차로안,승용,남,63세,상해없음,승용,남,49세,중상