사고번호,사고일시,요일,시군구,사고내용,사망자수,중상자수,경상자수,부상신고자수,사고유형,법규위반,노면상태,기상상태,도로형태,가해운전자 차종,가해운전자 성별,가해운전자 연령,가해운전자 상해정도,피해운전자 차종,피해운전자 성별,피해운전자 연령,피해운전자 상해정도
2019030100100137,2019년 3월 1일 08시,금요일,강원도 원주시 행구동,경상사고,0,0,1,0,차대차 - 정면충돌,안전운전불이행,건조,맑음,단일로 - 기타,승용,남,60세,상해없음,승용,남,45세,경상
2019030100100185,2019년 3월 1일 11시,금요일,강원도 춘천시 동면,중상사고,0,2,1,0,차대차 - 측면충돌,신호위반,건조,맑음,교차로 - 교차로안,승용,남,58세,중상,승용,남,54세,경상
2019030100100186,2019년 3월 1일 11시,금요일,강원도 홍천군 서면,중상사고,0,1,0,0,차대사람 - 기타,안전운전불이행,건조,맑음,단일로 - 기타,승합,남,53세,상해없음,보행자,남,57세,중상
2019030100100187,2019년 3월 1일 11시,금요일,강원도 원주시 신림면,경상사고,0,0,1,0,차대차 - 추돌,안전운전불이행,건조,맑음,단일로 - 기타,승용,남,35세,상해없음,승용,남,36세,경상
2019030100100235,2019년 3월 1일 13시,금요일,강원도 강릉시 견소동,경상사고,0,0,1,0,차대사람 - 차도통행중,안전운전불이행,건조,맑음,단일로 - 기타,승용,남,28세,상해없음,보행자,남,28세,경상
2019030100100263,2019년 3월 1일 14시,금요일,강원도 강릉시 주문진읍,중상사고,0,1,0,0,차대차 - 측면충돌,안전운전불이행,건조,맑음,단일로 - 기타,승용,남,63세,상해없음,이륜,남,17세,중상
2019030100100264,2019년 3월 1일 14시,금요일,강원도 태백시 화전동,경상사고,0,0,1,0,차대차 - 추돌,안전운전불이행,건조,맑음,교차로 - 교차로부근,특수,남,35세,상해없음,승용,남,27세,경상
2019030100100293,2019년 3월 1일 15시,금요일,강원도 속초시 대포동,경상사고,0,0,3,0,차대차 - 후진중충돌,안전운전불이행,건조,맑음,교차로 - 교차로안,승용,남,58세,상해없음,승용,남,29세,경상
2019030100100316,2019년 3월 1일 16시,금요일,강원도 속초시 조양동,경상사고,0,0,2,2,차대차 - 추돌,안전운전불이행,건조,맑음,교차로 - 교차로안,승용,남,39세,상해없음,승용,남,38세,경상
2019030100100317,2019년 3월 1일 16시,금요일,강원도 홍천군 화촌면,경상사고,0,0,2,0,차대차 - 추돌,안전거리미확보,건조,맑음,단일로 - 기타,승용,남,25세,상해없음,승용,남,57세,경상
2019030100100344,2019년 3월 1일 17시,금요일,강원도 강릉시 사천면,경상사고,0,0,2,0,차대차 - 측면충돌,안전운전불이행,건조,맑음,교차로 - 교차로안,승용,남,31세,상해없음,승용,남,24세,경상
2019030100100371,2019년 3월 1일 18시,금요일,강원도 속초시 영랑동,경상사고,0,0,1,0,차대차 - 측면충돌,교차로운행방법위반,건조,맑음,교차로 - 교차로안,승용,남,67세,상해없음,승용,여,53세,경상
2019030100100372,2019년 3월 1일 18시,금요일,강원도 홍천군 홍천읍,중상사고,0,1,0,0,차대차 - 측면충돌,안전운전불이행,건조,맑음,단일로 - 기타,승용,남,78세,상해없음,이륜,여,26세,중상
2019030100100454,2019년 3월 1일 21시,금요일,강원도 강릉시 교동,경상사고,0,0,1,0,차대차 - 측면충돌,안전운전불이행,건조,맑음,교차로 - 교차로부근,승용,여,57세,경상,승용,남,37세,기타불명
2019030100100455,2019년 3월 1일 21시,금요일,강원도 속초시 청학동,경상사고,0,0,2,0,차대차 - 측면충돌,안전운전불이행,건조,맑음,교차로 - 교차로안,승용,남,33세,상해없음,승용,남,50세,경상
2019030100100477,2019년 3월 1일 22시,금요일,강원도 춘천시 동면,경상사고,0,0,5,0,차대차 - 측면충돌,안전운전불이행,건조,맑음,단일로 - 기타,승합,남,51세,상해없음,승용,남,41세,경상
2019030200100035,2019년 3월 2일 02시,토요일,강원도 춘천시 석사동,경상사고,0,0,1,0,차대차 - 추돌,안전운전불이행,건조,맑음,단일로 - 기타,이륜,남,35세,상해없음,승용,남,62세,경상
2019030200100088,2019년 3월 2일 07시,토요일,강원도 고성군 죽왕면,경상사고,0,0,1,0,차대차 - 측면충돌,기타,건조,맑음,기타 - 기타,승용,남,68세,상해없음,승용,여,52세,경상
2019030200100126,2019년 3월 2일 10시,토요일,강원도 강릉시 성산면,경상사고,0,0,2,0,차대차 - 추돌,안전거리미확보,건조,맑음,단일로 - 기타,승용,여,48세,상해없음,승용,여,47세,경상
2019030200100151,2019년 3월 2일 11시,토요일,강원도 원주시 지정면,중상사고,0,1,0,0,차대사람 - 횡단중,안전운전불이행,건조,맑음,교차로 - 교차로부근,승용,남,45세,상해없음,보행자,남,45세,중상
2019030200100171,2019년 3월 2일 12시,토요일,강원도 춘천시 효자동,경상사고,0,0,1,0,차대사람 - 기타,안전운전불이행,건조,맑음,단일로 - 기타,승용,남,47세,상해없음,보행자,남,28세,경상
2019030200100172,2019년 3월 2일 12시,토요일,강원도 강릉시 교동,중상사고,0,2,0,0,차대차 - 측면충돌,신호위반,건조,맑음,교차로 - 교차로안,승용,남,31세,상해없음,승용,여,40세,중상
2019030200100173,2019년 3월 2일 12시,토요일,강원도 삼척시 원덕읍,중상사고,0,1,1,0,차대차 - 측면충돌,안전운전불이행,건조,맑음,교차로 - 교차로안,승용,여,40세,상해없음,화물,남,60세,경상
2019030200100174,2019년 3월 2일 12시,토요일,강원도 철원군 동송읍,경상사고,0,0,1,0,차대차 - 측면충돌,중앙선침범,건조,맑음,기타 - 기타,승용,남,79세,기타불명,승용,여,52세,경상
2019030200100175,2019년 3월 2일 12시,토요일,강원도 횡성군 둔내면,경상사고,0,0,3,1,차대차 - 추돌,안전거리미확보,건조,맑음,단일로 - 기타,승용,남,37세,상해없음,승용,남,38세,부상신고
2019030200100200,2019년 3월 2일 13시,토요일,강원도 양양군 양양읍,경상사고,0,0,1,0,차대사람 - 차도통행중,안전운전불이행,건조,맑음,교차로 - 교차로안,승용,여,29세,상해없음,보행자,남,71세,경상
2019030200100233,2019년 3월 2일 14시,토요일,강원도 춘천시 후평동,경상사고,0,0,1,0,차대차 - 측면충돌,안전운전불이행,건조,맑음,교차로 - 교차로안,승용,남,31세,상해없음,이륜,남,20세,경상
2019030200100234,2019년 3월 2일 14시,토요일,강원도 양양군 강현면,경상사고,0,0,1,0,차대사람 - 횡단중,기타,건조,맑음,기타 - 기타,승용,남,37세,상해없음,보행자,여,56세,경상
2019030200100235,2019년 3월 2일 14시,토요일,강원도 횡성군 안흥면,경상사고,0,0,1,0,차대차 - 후진중충돌,안전운전불이행,건조,맑음,주차장 - 주차장,승용,남,20세,상해없음,승용,남,33세,경상
2019030200100356,2019년 3월 2일 18시,토요일,강원도 강릉시 홍제동,중상사고,0,1,0,0,차대차 - 측면충돌,안전운전불이행,건조,맑음,교차로 - 교차로안,승용,남,70세,상해없음,승용,남,45세,중상
2019030200100357,2019년 3월 2일 18시,토요일,강원도 원주시 인동,중상사고,0,1,0,0,차대차 - 측면충돌,안전거리미확보,건조,맑음,교차로 - 교차로부근,승용,남,59세,상해없음,이륜,여,28세,중상
2019030200100434,2019년 3월 2일 20시,토요일,강원도 강릉시 포남동,경상사고,0,0,1,0,차대차 - 추돌,안전운전불이행,건조,맑음,교차로 - 교차로부근,화물,남,61세,상해없음,승용,남,46세,경상
2019030200100499,2019년 3월 2일 23시,토요일,강원도 원주시 단계동,경상사고,0,0,1,0,차대차 - 측면충돌,신호위반,건조,맑음,교차로 - 교차로안,승용,여,42세,상해없음,승용,남,61세,경상
2019030300100065,2019년 3월 3일 04시,일요일,강원도 춘천시 중앙로2가,중상사고,0,1,1,0,차대차 - 측면충돌,신호위반,건조,맑음,교차로 - 교차로안,승용,남,32세,상해없음,승용,여,32세,중상
2019030300100256,2019년 3월 3일 17시,일요일,강원도 원주시 태장동,중상사고,0,1,0,0,차대차 - 측면충돌,중앙선침범,건조,기타,단일로 - 기타,승용,남,40세,기타불명,승용,남,58세,중상
2019030300100257,2019년 3월 3일 17시,일요일,강원도 원주시 명륜동,중상사고,0,1,0,0,차대차 - 측면충돌,안전운전불이행,건조,맑음,단일로 - 기타,원동기,남,16세,상해없음,승용,여,24세,상해없음
2019030300100258,2019년 3월 3일 17시,일요일,강원도 양양군 서면,중상사고,0,1,0,0,차량단독 - 공작물충돌,안전운전불이행,건조,맑음,단일로 - 고가도로위,이륜,남,40세,중상,,,,
2019030300100277,2019년 3월 3일 18시,일요일,강원도 춘천시 후평동,경상사고,0,0,1,0,차대차 - 측면충돌,안전거리미확보,건조,맑음,단일로 - 기타,승용,남,67세,상해없음,이륜,남,45세,경상
2019030400100033,2019년 3월 4일 02시,월요일,강원도 춘천시 중앙로2가,사망사고,1,1,0,0,차량단독 - 공작물충돌,안전운전불이행,건조,맑음,교차로 - 교차로안,승용,남,23세,중상,,,,
2019030400100092,2019년 3월 4일 08시,월요일,강원도 삼척시 교동,경상사고,0,0,1,0,차대차 - 측면충돌,안전거리미확보,건조,맑음,교차로 - 교차로안,승용,여,35세,상해없음,승합,남,51세,경상
2019030400100093,2019년 3월 4일 08시,월요일,강원도 홍천군 홍천읍,중상사고,0,1,1,1,차대차 - 측면충돌,교차로운행방법위반,건조,맑음,교차로 - 교차로안,승용,여,24세,부상신고,승용,남,32세,중상
2019030400100094,2019년 3월 4일 08시,월요일,강원도 동해시 부곡동,경상사고,0,0,1,0,차대차 - 측면충돌,직진우회전진행방해,건조,맑음,교차로 - 교차로안,화물,남,63세,상해없음,승용,여,44세,경상
2019030400100115,2019년 3월 4일 09시,월요일,강원도 강릉시 성산면,경상사고,0,0,1,0,차대차 - 측면충돌,기타,건조,맑음,단일로 - 기타,화물,남,35세,상해없음,승용,여,52세,경상
2019030400100137,2019년 3월 4일 10시,월요일,강원도 홍천군 남면,중상사고,0,1,0,0,차대차 - 측면충돌,안전운전불이행,건조,맑음,단일로 - 기타,승용,남,72세,상해없음,이륜,남,57세,중상
2019030400100163,2019년 3월 4일 11시,월요일,강원도 강릉시 포남동,경상사고,0,0,1,0,차대차 - 측면충돌,안전운전불이행,건조,맑음,교차로 - 교차로안,승용,여,56세,상해없음,승용,남,37세,경상
2019030400100164,2019년 3월 4일 11시,월요일,강원도 홍천군 화촌면,중상사고,0,4,0,0,차대차 - 기타,중앙선침범,건조,맑음,단일로 - 기타,승용,남,55세,상해없음,승용,남,68세,중상
2019030400100198,2019년 3월 4일 12시,월요일,강원도 강릉시 주문진읍,경상사고,0,0,3,0,차대차 - 측면충돌,안전운전불이행,건조,맑음,교차로 - 교차로안,승용,남,58세,상해없음,승용,여,58세,경상
2019030400100199,2019년 3월 4일 12시,월요일,강원도 원주시 태장동,중상사고,0,1,0,0,차대차 - 측면충돌,안전운전불이행,건조,맑음,단일로 - 기타,승용,남,39세,상해없음,자전거,남,20세,중상
2019030400100252,2019년 3월 4일 14시,월요일,강원도 춘천시 신북읍,경상사고,0,0,2,0,차대차 - 추돌,안전운전불이행,건조,맑음,단일로 - 기타,화물,남,59세,상해없음,승용,남,47세,경상
2019030400100253,2019년 3월 4일 14시,월요일,강원도 강릉시 교동,경상사고,0,0,1,0,차대차 - 측면충돌,안전운전불이행,건조,맑음,단일로 - 기타,원동기,남,17세,상해없음,승용,남,45세,경상
2019030400100254,2019년 3월 4일 14시,월요일,강원도 강릉시 장현동,경상사고,0,0,1,0,차대차 - 후진중충돌,안전운전불이행,건조,맑음,교차로 - 교차로부근,화물,남,79세,상해없음,화물,남,74세,경상
2019030400100288,2019년 3월 4일 15시,월요일,강원도 원주시 단구동,경상사고,0,0,1,0,차대사람 - 횡단중,안전운전불이행,건조,맑음,교차로 - 교차로부근,승용,여,53세,상해없음,보행자,여,21세,경상
2019030400100327,2019년 3월 4일 16시,월요일,강원도 춘천시 후평동,경상사고,0,0,1,0,차대사람 - 기타,안전운전불이행,건조,맑음,교차로 - 교차로안,승용,여,53세,상해없음,보행자,남,77세,경상
2019030400100328,2019년 3월 4일 16시,월요일,강원도 원주시 흥업면,경상사고,0,0,3,0,차대차 - 기타,신호위반,건조,맑음,교차로 - 교차로안,승용,여,40세,상해없음,승용,남,62세,경상
2019030400100329,2019년 3월 4일 16시,월요일,강원도 화천군 하남면,경상사고,0,0,1,0,차대차 - 측면충돌,교차로운행방법위반,건조,맑음,교차로 - 교차로안,화물,남,55세,상해없음,승용,남,66세,경상
2019030400100330,2019년 3월 4일 16시,월요일,강원도 동해시 평릉동,경상사고,0,0,1,0,차대차 - 측면충돌,안전거리미확보,건조,맑음,단일로 - 기타,승합,남,55세,상해없음,승용,남,39세,경상
2019030400100410,2019년 3월 4일 18시,월요일,강원도 원주시 명륜동,경상사고,0,0,1,0,차대차 - 측면충돌,안전운전불이행,건조,맑음,교차로 - 교차로부근,승합,남,22세,상해없음,승용,남,64세,경상
2019030400100484,2019년 3월 4일 20시,월요일,강원도 평창군 평창읍,경상사고,0,0,2,0,차대차 - 측면충돌,안전운전불이행,건조,맑음,기타 - 기타,승용,여,51세,상해없음,승용,남,25세,경상
2019030400100547,2019년 3월 4일 23시,월요일,강원도 강릉시 교동,경상사고,0,0,1,0,차대차 - 추돌,안전운전불이행,건조,맑음,교차로 - 교차로부근,승용,남,24세,상해없음,승용,남,20세,경상
2019030400100548,2019년 3월 4일 23시,월요일,강원도 원주시 지정면,중상사고,0,1,3,0,차대차 - 측면충돌,과속,건조,맑음,단일로 - 기타,승용,남,54세,경상,승용,남,58세,경상
2019030500100090,2019년 3월 5일 07시,화요일,강원도 춘천시 사농동,경상사고,0,0,1,0,차대차 - 측면충돌,안전거리미확보,건조,맑음,단일로 - 기타,승용,남,28세,상해없음,승용,남,71세,경상
2019030500100121,2019년 3월 5일 08시,화요일,강원도 강릉시 내곡동,중상사고,0,1,0,0,차대차 - 측면충돌,안전운전불이행,건조,맑음,교차로 - 교차로안,승용,여,50세,상해없음,자전거,남,21세,중상
2019030500100122,2019년 3월 5일 08시,화요일,강원도 원주시 단구동,경상사고,0,0,1,0,차대차 - 측면충돌,차로위반,건조,맑음,단일로 - 기타,승용,남,66세,상해없음,승합,남,58세,경상
2019030500100123,2019년 3월 5일 08시,화요일,강원도 원주시 일산동,경상사고,0,0,2,0,차대차 - 측면충돌,안전운전불이행,건조,맑음,교차로 - 교차로안,승용,남,57세,상해없음,승용,여,51세,경상
2019030500100124,2019년 3월 5일 08시,화요일,강원도 삼척시 성내동,사망사고,1,0,0,0,차대사람 - 보도통행중,기타,건조,맑음,단일로 - 기타,승용,남,66세,상해없음,보행자,여,80세,사망
2019030500100160,2019년 3월 5일 09시,화요일,강원도 홍천군 서면,경상사고,0,0,1,0,차대차 - 측면충돌,직진우회전진행방해,건조,맑음,교차로 - 교차로안,승용,여,64세,상해없음,승용,여,58세,경상
2019030500100161,2019년 3월 5일 09시,화요일,강원도 철원군 서면,사망사고,2,1,4,0,차대차 - 측면충돌,중앙선침범,건조,맑음,단일로 - 기타,화물,남,38세,경상,승용,남,21세,사망
2019030500100193,2019년 3월 5일 10시,화요일,강원도 홍천군 북방면,경상사고,0,0,1,0,차대차 - 기타,안전운전불이행,건조,맑음,단일로 - 기타,승용,남,59세,상해없음,승합,남,66세,상해없음
2019030500100217,2019년 3월 5일 11시,화요일,강원도 강릉시 주문진읍,경상사고,0,0,1,0,차대사람 - 길가장자리구역통행중,안전운전불이행,건조,맑음,단일로 - 기타,승용,남,71세,상해없음,보행자,여,44세,경상
2019030500100218,2019년 3월 5일 11시,화요일,강원도 평창군 대화면,경상사고,0,0,5,0,차대차 - 추돌,안전운전불이행,건조,맑음,단일로 - 기타,승용,남,78세,상해없음,승용,남,55세,경상
2019030500100264,2019년 3월 5일 13시,화요일,강원도 춘천시 우두동,경상사고,0,0,1,0,차대차 - 기타,안전운전불이행,건조,맑음,단일로 - 기타,승용,여,36세,상해없음,자전거,남,7세,경상
2019030500100290,2019년 3월 5일 14시,화요일,강원도 원주시 개운동,사망사고,1,0,0,0,차대사람 - 차도통행중,안전운전불이행,건조,맑음,교차로 - 교차로안,승용,남,56세,상해없음,보행자,남,70세,사망
2019030500100291,2019년 3월 5일 14시,화요일,강원도 삼척시 성북동,경상사고,0,0,2,0,차대차 - 추돌,안전거리미확보,건조,맑음,교차로 - 교차로안,승용,남,67세,상해없음,화물,남,61세,경상
2019030500100351,2019년 3월 5일 16시,화요일,강원도 동해시 천곡동,경상사고,0,0,1,0,차대차 - 측면충돌,안전운전불이행,건조,맑음,단일로 - 지하차도(도로)내,승용,남,70세,상해없음,화물,남,49세,경상
2019030500100378,2019년 3월 5일 17시,화요일,강원도 춘천시 후평동,경상사고,0,0,1,0,차대차 - 추돌,신호위반,건조,맑음,교차로 - 교차로안,승용,여,44세,상해없음,이륜,남,70세,경상
2019030500100379,2019년 3월 5일 17시,화요일,강원도 태백시 황지동,경상사고,0,0,1,0,차대차 - 기타,안전운전불이행,건조,맑음,교차로 - 교차로부근,화물,남,51세,기타불명,화물,여,40세,경상
2019030500100405,2019년 3월 5일 18시,화요일,강원도 동해시 천곡동,경상사고,0,0,1,0,차대차 - 측면충돌,안전운전불이행,건조,맑음,교차로 - 교차로안,승용,여,45세,상해없음,승용,여,59세,경상
2019030500100523,2019년 3월 5일 23시,화요일,강원도 춘천시 후평동,경상사고,0,0,2,0,차대차 - 추돌,안전운전불이행,건조,맑음,단일로 - 기타,승용,남,54세,상해없음,승용,남,66세,경상
2019030600100053,2019년 3월 6일 04시,수요일,강원도 원주시 일산동,사망사고,1,0,1,0,차량단독 - 공작물충돌,안전운전불이행,건조,맑음,단일로 - 기타,이륜,남,50세,사망,,,,
2019030600100090,2019년 3월 6일 07시,수요일,강원도 강릉시 교동,중상사고,0,1,0,0,차대사람 - 횡단중,보행자보호의무위반,건조,흐림,교차로 - 교차로횡단보도내,승용,남,65세,상해없음,보행자,여,61세,중상
2019030600100091,2019년 3월 6일 07시,수요일,강원도 삼척시 오분동,중상사고,0,1,0,0,차대차 - 추돌,안전거리미확보,건조,흐림,교차로 - 교차로횡단보도내,건설기계,남,56세,상해없음,승용,남,50세,중상
2019030600100126,2019년 3월 6일 08시,수요일,강원도 춘천시 중앙로2가,경상사고,0,0,1,0,차대차 - 측면충돌,안전운전불이행,건조,맑음,단일로 - 기타,승용,여,54세,상해없음,승용,여,43세,경상
2019030600100127,2019년 3월 6일 08시,수요일,강원도 원주시 단계동,중상사고,0,1,1,0,차대차 - 측면충돌,교차로운행방법위반,건조,맑음,교차로 - 교차로안,승용,여,27세,경상,승용,남,59세,중상
2019030600100128,2019년 3월 6일 08시,수요일,강원도 삼척시 남양동,경상사고,0,0,1,0,차대차 - 측면충돌,안전거리미확보,건조,맑음,교차로 - 교차로안,이륜,남,75세,경상,특수,남,52세,상해없음
2019030600100194,2019년 3월 6일 10시,수요일,강원도 평창군 대화면,사망사고,1,0,0,0,차량단독 - 전도전복 - 전도,안전운전불이행,건조,맑음,단일로 - 기타,농기계,남,75세,사망,,,,
2019030600100259,2019년 3월 6일 12시,수요일,강원도 춘천시 남산면,중상사고,0,1,0,0,차량단독 - 도로외이탈 - 추락,안전운전불이행,건조,맑음,단일로 - 교량,사륜오토바이(ATV),여,17세,중상,,,,
2019030600100281,2019년 3월 6일 13시,수요일,강원도 강릉시 내곡동,중상사고,0,1,0,0,차대차 - 기타,신호위반,건조,맑음,교차로 - 교차로안,승용,남,52세,상해없음,승용,여,26세,중상
2019030600100282,2019년 3월 6일 13시,수요일,강원도 원주시 태장동,경상사고,0,0,1,0,차대차 - 측면충돌,안전거리미확보,건조,맑음,단일로 - 기타,승용,남,41세,상해없음,승용,남,45세,경상
2019030600100283,2019년 3월 6일 13시,수요일,강원도 원주시 원동,경상사고,0,0,2,0,차대차 - 측면충돌,안전운전불이행,건조,맑음,단일로 - 기타,승용,남,52세,상해없음,승용,여,30세,경상
2019030600100311,2019년 3월 6일 14시,수요일,강원도 춘천시 동내면,경상사고,0,0,2,0,차대차 - 측면충돌,직진우회전진행방해,건조,맑음,교차로 - 교차로안,승용,남,46세,경상,승용,여,72세,경상
2019030600100312,2019년 3월 6일 14시,수요일,강원도 원주시 우산동,중상사고,0,1,0,0,차대사람 - 횡단중,안전운전불이행,건조,맑음,주차장 - 주차장,화물,남,39세,상해없음,보행자,남,81세,중상
2019030600100313,2019년 3월 6일 14시,수요일,강원도 정선군 북평면,중상사고,0,1,0,0,차대차 - 기타,안전운전불이행,건조,맑음,교차로 - 교차로안,승용,남,49세,상해없음,이륜,남,43세,중상
2019030600100338,2019년 3월 6일 15시,수요일,강원도 원주시 단구동,중상사고,0,1,0,0,차대차 - 추돌,안전거리미확보,건조,맑음,단일로 - 기타,승용,남,16세,상해없음,승용,남,33세,상해없음
2019030600100366,2019년 3월 6일 16시,수요일,강원도 춘천시 효자동,경상사고,0,0,1,0,차대차 - 추돌,안전운전불이행,건조,맑음,교차로 - 교차로부근,승용,여,65세,상해없음,원동기,남,37세,경상
2019030600100393,2019년 3월 6일 17시,수요일,강원도 원주시 일산동,중상사고,0,1,0,0,차대사람 - 보도통행중,안전운전불이행,건조,맑음,단일로 - 기타,승용,여,54세,상해없음,보행자,여,81세,중상
2019030600100433,2019년 3월 6일 18시,수요일,강원도 동해시 천곡동,경상사고,0,0,2,0,차대차 - 측면충돌,직진우회전진행방해,건조,흐림,교차로 - 교차로안,승용,여,62세,상해없음,승용,남,54세,상해없음
2019030600100434,2019년 3월 6일 18시,수요일,강원도 동해시 천곡동,경상사고,0,0,2,0,차대차 - 측면충돌,직진우회전진행방해,건조,흐림,교차로 - 교차로안,승용,여,45세,상해없음,승용,남,50세,경상
2019030600100475,2019년 3월 6일 19시,수요일,강원도 춘천시 효자동,경상사고,0,0,1,0,차대차 - 측면충돌,중앙선침범,건조,맑음,단일로 - 기타,자전거,남,39세,상해없음,이륜,남,25세,경상
2019030600100476,2019년 3월 6일 19시,수요일,강원도 강릉시 교동,경상사고,0,0,1,0,차대사람 - 차도통행중,안전운전불이행,젖음/습기,비,단일로 - 기타,이륜,남,32세,상해없음,보행자,여,44세,경상
2019030600100477,2019년 3월 6일 19시,수요일,강원도 원주시 원동,경상사고,0,0,1,0,차대사람 - 보도통행중,보행자보호의무위반,젖음/습기,비,교차로 - 교차로횡단보도내,승용,여,63세,상해없음,보행자,남,54세,경상
2019030600100478,2019년 3월 6일 19시,수요일,강원도 태백시 황지동,경상사고,0,0,1,0,차대차 - 측면충돌,교차로운행방법위반,건조,맑음,교차로 - 교차로안,승용,남,59세,상해없음,승용,여,49세,경상
2019030600100547,2019년 3월 6일 21시,수요일,강원도 강릉시 교동,경상사고,0,0,1,0,차대차 - 측면충돌,안전운전불이행,건조,맑음,교차로 - 교차로부근,승용,여,36세,상해없음,승용,남,47세,경상
2019030700100027,2019년 3월 7일 00시,목요일,강원도 원주시 단계동,중상사고,0,1,0,0,차대차 - 측면충돌,신호위반,건조,맑음,교차로 - 교차로안,승용,여,60세,상해없음,승용,남,25세,중상
2019030700100047,2019년 3월 7일 02시,목요일,강원도 강릉시 교동,경상사고,0,0,4,0,차대차 - 측면충돌,안전운전불이행,젖음/습기,비,교차로 - 교차로부근,승용,여,52세,경상,승용,남,44세,경상
2019030700100125,2019년 3월 7일 08시,목요일,강원도 홍천군 북방면,경상사고,0,0,2,0,차대차 - 추돌,안전운전불이행,젖음/습기,맑음,교차로 - 교차로안,승용,여,30세,상해없음,승용,남,46세,경상
2019030700100126,2019년 3월 7일 08시,목요일,강원도 홍천군 홍천읍,경상사고,0,0,1,0,차대차 - 측면충돌,안전운전불이행,젖음/습기,맑음,교차로 - 교차로부근,승용,남,53세,상해없음,승용,여,41세,경상
2019030700100193,2019년 3월 7일 10시,목요일,강원도 원주시 반곡동,중상사고,0,1,0,0,차대사람 - 횡단중,안전운전불이행,건조,맑음,주차장 - 주차장,승용,여,31세,상해없음,보행자,남,54세,중상
2019030700100194,2019년 3월 7일 10시,목요일,강원도 원주시 단계동,경상사고,0,0,1,0,차대차 - 측면충돌,안전운전불이행,건조,맑음,단일로 - 기타,건설기계,남,53세,상해없음,승용,남,26세,경상
2019030700100223,2019년 3월 7일 11시,목요일,강원도 양양군 양양읍,경상사고,0,0,1,0,차대차 - 측면충돌,교차로운행방법위반,건조,맑음,교차로 - 교차로안,승용,여,66세,상해없음,승용,남,65세,경상
2019030700100248,2019년 3월 7일 12시,목요일,강원도 속초시 장사동,중상사고,0,2,2,0,차대차 - 측면충돌,교차로운행방법위반,건조,맑음,교차로 - 교차로안,승용,남,30세,상해없음,승용,남,57세,경상
2019030700100249,2019년 3월 7일 12시,목요일,강원도 철원군 동송읍,사망사고,1,1,0,0,차대사람 - 횡단중,보행자보호의무위반,건조,맑음,단일로 - 기타,화물,남,76세,상해없음,보행자,남,84세,사망
2019030700100307,2019년 3월 7일 14시,목요일,강원도 고성군 토성면,경상사고,0,0,2,0,차대차 - 추돌,안전거리미확보,건조,맑음,교차로 - 교차로부근,건설기계,남,36세,상해없음,승용,여,62세,경상
2019030700100308,2019년 3월 7일 14시,목요일,강원도 동해시 천곡동,중상사고,0,1,0,0,차대차 - 측면충돌,안전거리미확보,건조,맑음,교차로 - 교차로부근,승용,여,45세,상해없음,승용,여,57세,중상
2019030700100343,2019년 3월 7일 15시,목요일,강원도 춘천시 퇴계동,중상사고,0,1,0,0,차대사람 - 횡단중,보행자보호의무위반,건조,맑음,교차로 - 교차로횡단보도내,승용,남,37세,상해없음,보행자,남,74세,중상
2019030700100344,2019년 3월 7일 15시,목요일,강원도 동해시 천곡동,경상사고,0,0,2,0,차대차 - 측면충돌,교차로운행방법위반,건조,흐림,교차로 - 교차로안,승합,여,48세,상해없음,승용,남,58세,경상
2019030700100411,2019년 3월 7일 17시,목요일,강원도 춘천시 근화동,경상사고,0,0,3,0,차대차 - 기타,신호위반,건조,맑음,교차로 - 교차로안,화물,남,53세,상해없음,승용,남,25세,경상
2019030700100412,2019년 3월 7일 17시,목요일,강원도 춘천시 후평동,경상사고,0,0,2,0,차대차 - 측면충돌,안전운전불이행,건조,맑음,교차로 - 교차로안,승합,남,41세,상해없음,승용,여,45세,경상
2019030700100451,2019년 3월 7일 18시,목요일,강원도 속초시 교동,중상사고,0,1,0,0,차대차 - 측면충돌,안전운전불이행,건조,맑음,기타 - 기타,이륜,남,54세,중상,승용,남,58세,상해없음
2019030700100567,2019년 3월 7일 21시,목요일,강원도 원주시 단구동,중상사고,0,1,0,0,차대차 - 측면충돌,신호위반,건조,기타,교차로 - 교차로안,화물,여,49세,상해없음,승용,여,53세,중상
2019030700100600,2019년 3월 7일 22시,목요일,강원도 동해시 발한동,중상사고,0,1,0,0,차대차 - 측면충돌,안전운전불이행,건조,맑음,단일로 - 기타,화물,남,62세,중상,승용,남,84세,기타불명
2019030800100058,2019년 3월 8일 05시,금요일,강원도 강릉시 내곡동,경상사고,0,0,1,0,차대차 - 측면충돌,신호위반,건조,맑음,교차로 - 교차로안,화물,남,61세,상해없음,승용,남,42세,경상
2019030800100072,2019년 3월 8일 06시,금요일,강원도 횡성군 횡성읍,경상사고,0,0,1,0,차대차 - 기타,신호위반,건조,맑음,교차로 - 교차로안,화물,남,54세,상해없음,승용,남,43세,경상
2019030800100141,2019년 3월 8일 08시,금요일,강원도 춘천시 동내면,경상사고,0,0,2,0,차대차 - 추돌,안전거리미확보,건조,맑음,교차로 - 교차로부근,승용,여,38세,상해없음,승용,여,59세,경상
2019030800100142,2019년 3월 8일 08시,금요일,강원도 원주시 태장동,경상사고,0,0,1,0,차대차 - 추돌,안전거리미확보,건조,맑음,교차로 - 교차로부근,승용,남,71세,상해없음,승용,여,59세,경상
2019030800100259,2019년 3월 8일 11시,금요일,강원도 원주시 흥업면,경상사고,0,0,2,0,차대차 - 추돌,안전운전불이행,건조,맑음,단일로 - 교량,승용,남,55세,상해없음,승용,남,66세,경상