사고번호,사고일시,요일,시군구,사고내용,사망자수,중상자수,경상자수,부상신고자수,사고유형,법규위반,노면상태,기상상태,도로형태,가해운전자 차종,가해운전자 성별,가해운전자 연령,가해운전자 상해정도,피해운전자 차종,피해운전자 성별,피해운전자 연령,피해운전자 상해정도
2019032100100478,2019년 3월 21일 18시,목요일,강원도 속초시 조양동,중상사고,0,1,0,0,차대차 - 측면충돌,신호위반,건조,맑음,교차로 - 교차로안,승용,남,64세,상해없음,승용,여,53세,중상
2019032100100479,2019년 3월 21일 18시,목요일,강원도 홍천군 홍천읍,부상신고사고,0,0,0,1,차대사람 - 횡단중,보행자보호의무위반,건조,맑음,교차로 - 교차로안,화물,남,55세,상해없음,보행자,여,54세,부상신고
2019032100100517,2019년 3월 21일 19시,목요일,강원도 원주시 개운동,중상사고,0,1,0,0,차대차 - 정면충돌,안전운전불이행,건조,맑음,교차로 - 교차로안,승용,여,43세,상해없음,이륜,남,64세,중상
2019032100100555,2019년 3월 21일 20시,목요일,강원도 원주시 태장동,중상사고,0,1,0,0,차대차 - 측면충돌,직진우회전진행방해,건조,맑음,교차로 - 교차로안,승용,남,59세,상해없음,이륜,남,21세,중상
2019032100100586,2019년 3월 21일 21시,목요일,강원도 춘천시 후평동,경상사고,0,0,2,0,차대차 - 추돌,안전운전불이행,건조,맑음,교차로 - 교차로부근,승용,여,23세,상해없음,승용,여,48세,경상
2019032100100587,2019년 3월 21일 21시,목요일,강원도 원주시 개운동,중상사고,0,1,1,0,차대차 - 측면충돌,신호위반,건조,맑음,교차로 - 교차로안,승용,남,20세,상해없음,이륜,남,46세,경상
2019032200100026,2019년 3월 22일 00시,금요일,강원도 원주시 반곡동,경상사고,0,0,2,0,차대차 - 측면충돌,신호위반,건조,맑음,교차로 - 교차로안,승용,남,54세,상해없음,승용,남,62세,경상
2019032200100070,2019년 3월 22일 05시,금요일,강원도 춘천시 석사동,경상사고,0,0,2,0,차대차 - 정면충돌,신호위반,건조,맑음,교차로 - 교차로안,화물,남,58세,상해없음,화물,남,50세,경상
2019032200100128,2019년 3월 22일 08시,금요일,강원도 철원군 동송읍,경상사고,0,0,1,0,차대차 - 추돌,안전운전불이행,건조,맑음,단일로 - 기타,승용,남,47세,상해없음,승합,남,50세,상해없음
2019032200100161,2019년 3월 22일 09시,금요일,강원도 평창군 방림면,경상사고,0,0,1,0,차대차 - 측면충돌,안전운전불이행,건조,맑음,단일로 - 기타,승용,남,40세,상해없음,화물,남,56세,경상
2019032200100187,2019년 3월 22일 10시,금요일,강원도 삼척시 성남동,경상사고,0,0,1,0,차대차 - 측면충돌,안전운전불이행,건조,맑음,주차장 - 주차장,승용,여,58세,경상,승용,남,73세,상해없음
2019032200100307,2019년 3월 22일 14시,금요일,강원도 횡성군 안흥면,경상사고,0,0,1,0,차대차 - 측면충돌,안전운전불이행,건조,맑음,단일로 - 기타,승용,여,50세,상해없음,승용,남,59세,경상
2019032200100377,2019년 3월 22일 16시,금요일,강원도 태백시 황지동,경상사고,0,0,1,1,차대차 - 측면충돌,안전운전불이행,건조,맑음,단일로 - 기타,승용,여,67세,상해없음,승용,남,39세,부상신고
2019032200100415,2019년 3월 22일 17시,금요일,강원도 춘천시 소양로2가,경상사고,0,0,1,1,차대차 - 추돌,안전운전불이행,건조,맑음,교차로 - 교차로부근,승용,남,19세,상해없음,승용,여,34세,경상
2019032200100416,2019년 3월 22일 17시,금요일,강원도 삼척시 교동,경상사고,0,0,2,0,차대차 - 추돌,안전거리미확보,건조,맑음,단일로 - 지하차도(도로)내,화물,남,55세,상해없음,화물,남,36세,경상
2019032200100417,2019년 3월 22일 17시,금요일,강원도 양구군 양구읍,경상사고,0,0,1,0,차대사람 - 횡단중,안전운전불이행,건조,맑음,단일로 - 기타,승용,여,33세,상해없음,보행자,남,8세,경상
2019032200100474,2019년 3월 22일 18시,금요일,강원도 춘천시 중앙로2가,경상사고,0,0,1,0,차대사람 - 횡단중,보행자보호의무위반,건조,맑음,교차로 - 교차로횡단보도내,승용,남,74세,상해없음,보행자,여,58세,경상
2019032200100475,2019년 3월 22일 18시,금요일,강원도 원주시 학성동,중상사고,0,1,0,0,차대사람 - 기타,안전운전불이행,건조,맑음,교차로 - 교차로부근,승용,여,40세,상해없음,보행자,여,20세,중상
2019032200100476,2019년 3월 22일 18시,금요일,강원도 원주시 소초면,경상사고,0,0,2,0,차대차 - 측면충돌,안전운전불이행,건조,맑음,단일로 - 기타,승용,남,23세,상해없음,승용,여,63세,경상
2019032200100520,2019년 3월 22일 19시,금요일,강원도 춘천시 석사동,부상신고사고,0,0,0,1,차대차 - 후진중충돌,안전운전불이행,건조,맑음,단일로 - 기타,승용,남,56세,상해없음,승용,남,31세,부상신고
2019032200100521,2019년 3월 22일 19시,금요일,강원도 원주시 단계동,경상사고,0,0,1,0,차대차 - 측면충돌,안전거리미확보,건조,맑음,단일로 - 기타,이륜,남,38세,상해없음,승용,여,44세,경상
2019032200100522,2019년 3월 22일 19시,금요일,강원도 평창군 미탄면,중상사고,0,1,0,0,차대차 - 측면충돌,신호위반,건조,맑음,교차로 - 교차로안,특수,남,55세,상해없음,승용,남,62세,중상
2019032200100563,2019년 3월 22일 20시,금요일,강원도 원주시 단계동,경상사고,0,0,1,0,차대사람 - 기타,안전운전불이행,건조,맑음,단일로 - 기타,기타불명,기타불명,미분류,기타불명,보행자,남,23세,경상
2019032200100564,2019년 3월 22일 20시,금요일,강원도 원주시 명륜동,경상사고,0,0,2,0,차대차 - 추돌,안전운전불이행,건조,맑음,단일로 - 기타,승용,남,18세,상해없음,승용,남,20세,경상
2019032200100595,2019년 3월 22일 21시,금요일,강원도 강릉시 내곡동,중상사고,0,2,0,0,차대차 - 측면충돌,신호위반,건조,맑음,교차로 - 교차로안,승용,여,55세,상해없음,승용,여,30세,중상
2019032200100616,2019년 3월 22일 22시,금요일,강원도 원주시 단계동,경상사고,0,0,1,0,차대차 - 정면충돌,안전운전불이행,건조,맑음,교차로 - 교차로부근,승용,여,47세,상해없음,승용,여,46세,경상
2019032200100617,2019년 3월 22일 22시,금요일,강원도 원주시 단계동,경상사고,0,0,1,0,차대사람 - 기타,안전운전불이행,건조,맑음,단일로 - 기타,승용,여,56세,상해없음,보행자,남,28세,경상
2019032200100647,2019년 3월 22일 23시,금요일,강원도 춘천시 효자동,부상신고사고,0,0,0,1,차대차 - 측면충돌,차로위반,건조,맑음,단일로 - 기타,승용,남,19세,상해없음,이륜,남,26세,부상신고
2019032200100648,2019년 3월 22일 23시,금요일,강원도 춘천시 후평동,경상사고,0,0,3,0,차대차 - 추돌,안전운전불이행,건조,맑음,단일로 - 기타,승용,남,51세,상해없음,화물,남,49세,경상
2019032200100649,2019년 3월 22일 23시,금요일,강원도 춘천시 효자동,경상사고,0,0,2,0,차대차 - 측면충돌,신호위반,건조,맑음,교차로 - 교차로안,승용,남,51세,경상,이륜,남,36세,경상
2019032300100068,2019년 3월 23일 03시,토요일,강원도 원주시 일산동,중상사고,0,2,1,0,차대차 - 측면충돌,신호위반,건조,맑음,교차로 - 교차로안,승용,여,23세,상해없음,승용,여,65세,중상
2019032300100087,2019년 3월 23일 05시,토요일,강원도 인제군 남면,중상사고,0,1,0,0,차량단독 - 공작물충돌,안전운전불이행,건조,맑음,단일로 - 기타,승용,남,59세,중상,,,,
2019032300100108,2019년 3월 23일 07시,토요일,미분류 미분류 미분류,경상사고,0,0,3,0,차대차 - 측면충돌,안전운전불이행,건조,맑음,교차로 - 교차로안,승용,여,68세,경상,화물,남,18세,경상
2019032300100131,2019년 3월 23일 08시,토요일,강원도 동해시 천곡동,경상사고,0,0,2,0,차대차 - 추돌,안전거리미확보,건조,맑음,교차로 - 교차로부근,승용,남,45세,상해없음,승용,남,65세,경상
2019032300100152,2019년 3월 23일 09시,토요일,강원도 평창군 용평면,중상사고,0,2,0,0,차대차 - 기타,안전거리미확보,건조,맑음,단일로 - 기타,승합,남,53세,상해없음,승용,남,49세,중상
2019032300100207,2019년 3월 23일 11시,토요일,강원도 원주시 명륜동,경상사고,0,0,1,0,차대차 - 기타,안전운전불이행,건조,맑음,단일로 - 기타,승용,남,51세,상해없음,기타불명,남,69세,경상
2019032300100208,2019년 3월 23일 11시,토요일,강원도 속초시 중앙동,경상사고,0,0,1,0,차대사람 - 횡단중,신호위반,건조,맑음,교차로 - 교차로횡단보도내,기타불명,기타불명,미분류,기타불명,보행자,여,23세,경상
2019032300100249,2019년 3월 23일 12시,토요일,강원도 춘천시 온의동,중상사고,0,1,0,0,차대차 - 추돌,안전운전불이행,젖음/습기,비,단일로 - 기타,승용,여,42세,상해없음,승용,여,38세,중상
2019032300100282,2019년 3월 23일 13시,토요일,강원도 강릉시 교동,중상사고,0,1,0,0,차대차 - 측면충돌,안전운전불이행,건조,맑음,교차로 - 교차로안,승용,여,44세,상해없음,승용,여,43세,중상
2019032300100283,2019년 3월 23일 13시,토요일,강원도 강릉시 연곡면,경상사고,0,0,1,0,차대사람 - 횡단중,안전운전불이행,건조,맑음,단일로 - 기타,승용,여,57세,상해없음,보행자,여,28세,경상
2019032300100331,2019년 3월 23일 14시,토요일,강원도 원주시 행구동,경상사고,0,0,1,0,차대차 - 측면충돌,중앙선침범,건조,맑음,단일로 - 기타,승용,남,26세,상해없음,승합,남,46세,경상
2019032300100332,2019년 3월 23일 14시,토요일,강원도 동해시 천곡동,중상사고,0,1,2,0,차대차 - 측면충돌,안전운전불이행,건조,맑음,교차로 - 교차로안,승용,여,58세,상해없음,승용,여,36세,경상
2019032300100367,2019년 3월 23일 15시,토요일,강원도 춘천시 동면,중상사고,0,1,3,0,차대차 - 측면충돌,신호위반,건조,맑음,교차로 - 교차로안,승합,남,73세,상해없음,승용,남,50세,중상
2019032300100409,2019년 3월 23일 16시,토요일,강원도 춘천시 석사동,중상사고,0,1,0,0,차대차 - 측면충돌,교차로운행방법위반,건조,맑음,교차로 - 교차로안,승용,여,45세,상해없음,승용,여,60세,중상
2019032300100410,2019년 3월 23일 16시,토요일,강원도 강릉시 옥계면,경상사고,0,0,2,0,차대차 - 정면충돌,중앙선침범,건조,맑음,단일로 - 기타,승용,남,42세,상해없음,승용,여,47세,경상
2019032300100549,2019년 3월 23일 20시,토요일,강원도 속초시 교동,경상사고,0,0,1,0,차대차 - 측면충돌,교차로운행방법위반,건조,맑음,교차로 - 교차로안,이륜,남,47세,상해없음,이륜,남,22세,경상
2019032300100571,2019년 3월 23일 21시,토요일,강원도 춘천시 퇴계동,경상사고,0,0,2,1,차대차 - 추돌,안전거리미확보,건조,맑음,단일로 - 기타,승용,여,57세,상해없음,승용,남,32세,경상
2019032300100597,2019년 3월 23일 22시,토요일,강원도 원주시 개운동,경상사고,0,0,1,0,차대차 - 측면충돌,안전운전불이행,건조,맑음,단일로 - 기타,승합,남,61세,상해없음,이륜,남,16세,경상
2019032300100598,2019년 3월 23일 22시,토요일,강원도 태백시 소도동,경상사고,0,0,1,0,차대사람 - 길가장자리구역통행중,안전운전불이행,건조,맑음,교차로 - 교차로안,승용,남,60세,상해없음,보행자,남,30세,경상
2019032300100618,2019년 3월 23일 23시,토요일,강원도 원주시 우산동,경상사고,0,0,1,1,차대차 - 측면충돌,안전운전불이행,건조,맑음,교차로 - 교차로안,이륜,남,57세,부상신고,승용,남,57세,경상
2019032400100037,2019년 3월 24일 00시,일요일,강원도 춘천시 효자동,경상사고,0,0,1,0,차대차 - 측면충돌,교차로운행방법위반,건조,맑음,교차로 - 교차로안,승용,남,48세,상해없음,승용,남,48세,경상
2019032400100050,2019년 3월 24일 01시,일요일,강원도 원주시 단계동,경상사고,0,0,1,0,차대사람 - 보도통행중,안전운전불이행,건조,맑음,단일로 - 기타,승용,남,26세,상해없음,보행자,남,28세,경상
2019032400100062,2019년 3월 24일 02시,일요일,강원도 홍천군 서면,경상사고,0,0,1,0,차량단독 - 기타,안전운전불이행,건조,맑음,교차로 - 교차로안,승용,남,26세,상해없음,,,,
2019032400100084,2019년 3월 24일 04시,일요일,강원도 원주시 단구동,경상사고,0,0,1,0,차대차 - 기타,안전운전불이행,건조,맑음,단일로 - 기타,승용,남,49세,상해없음,자전거,남,22세,경상
2019032400100085,2019년 3월 24일 04시,일요일,강원도 원주시 단계동,경상사고,0,0,2,0,차대차 - 측면충돌,중앙선침범,건조,맑음,단일로 - 기타,승용,남,23세,상해없음,승용,남,19세,경상
2019032400100119,2019년 3월 24일 08시,일요일,강원도 강릉시 교동,중상사고,0,1,0,0,차대차 - 측면충돌,안전운전불이행,건조,맑음,교차로 - 교차로안,승용,남,39세,상해없음,승용,여,57세,중상
2019032400100155,2019년 3월 24일 10시,일요일,강원도 횡성군 횡성읍,경상사고,0,0,1,0,차대차 - 측면충돌,안전운전불이행,건조,맑음,교차로 - 교차로안,화물,남,51세,상해없음,화물,여,60세,경상
2019032400100310,2019년 3월 24일 15시,일요일,강원도 강릉시 주문진읍,경상사고,0,0,2,0,차대차 - 측면충돌,신호위반,건조,맑음,교차로 - 교차로안,승용,남,58세,상해없음,승합,남,45세,상해없음
2019032400100339,2019년 3월 24일 16시,일요일,강원도 원주시 무실동,경상사고,0,0,1,0,차대차 - 측면충돌,신호위반,건조,맑음,교차로 - 교차로안,승용,남,35세,상해없음,이륜,남,16세,경상
2019032400100372,2019년 3월 24일 17시,일요일,강원도 양양군 현북면,중상사고,0,1,0,0,차대사람 - 길가장자리구역통행중,안전운전불이행,건조,맑음,단일로 - 기타,화물,남,66세,상해없음,보행자,남,8세,중상
2019032400100373,2019년 3월 24일 17시,일요일,강원도 동해시 대구동,경상사고,0,0,1,0,차대차 - 측면충돌,직진우회전진행방해,건조,맑음,교차로 - 교차로안,승용,여,49세,상해없음,화물,여,72세,경상
2019032400100430,2019년 3월 24일 19시,일요일,강원도 원주시 무실동,중상사고,0,1,1,0,차대차 - 추돌,안전운전불이행,건조,맑음,교차로 - 교차로부근,승용,여,52세,상해없음,승용,남,64세,중상
2019032400100452,2019년 3월 24일 20시,일요일,강원도 속초시 교동,경상사고,0,0,3,0,차대차 - 후진중충돌,안전운전불이행,건조,맑음,단일로 - 기타,승용,남,34세,상해없음,승용,남,41세,상해없음
2019032400100518,2019년 3월 24일 23시,일요일,강원도 원주시 호저면,중상사고,0,1,0,0,차량단독 - 공작물충돌,안전운전불이행,건조,맑음,단일로 - 기타,이륜,남,47세,중상,,,,
2019032400100519,2019년 3월 24일 23시,일요일,강원도 영월군 중동면,중상사고,0,1,0,0,차량단독 - 공작물충돌,안전운전불이행,건조,맑음,단일로 - 기타,승용,남,55세,중상,,,,
2019032500100071,2019년 3월 25일 07시,월요일,강원도 춘천시 남산면,중상사고,0,1,0,0,차대차 - 측면충돌,신호위반,건조,맑음,교차로 - 교차로안,건설기계,남,49세,상해없음,이륜,남,71세,중상
2019032500100113,2019년 3월 25일 08시,월요일,강원도 원주시 단계동,경상사고,0,0,1,0,차대사람 - 횡단중,보행자보호의무위반,건조,맑음,단일로 - 기타,승용,여,24세,상해없음,보행자,여,8세,경상
2019032500100114,2019년 3월 25일 08시,월요일,강원도 태백시 황지동,경상사고,0,0,2,0,차대차 - 추돌,안전운전불이행,건조,맑음,단일로 - 기타,승용,여,36세,상해없음,승용,여,67세,경상
2019032500100115,2019년 3월 25일 08시,월요일,강원도 동해시 나안동,경상사고,0,0,3,0,차대차 - 추돌,안전거리미확보,건조,맑음,단일로 - 지하차도(도로)내,건설기계,남,55세,상해없음,승합,남,73세,상해없음
2019032500100153,2019년 3월 25일 09시,월요일,강원도 춘천시 동산면,경상사고,0,0,1,0,차대차 - 기타,기타,건조,맑음,단일로 - 기타,기타불명,기타불명,미분류,기타불명,승용,여,41세,경상
2019032500100177,2019년 3월 25일 10시,월요일,강원도 강릉시 입암동,경상사고,0,0,1,0,차대차 - 측면충돌,안전운전불이행,건조,맑음,교차로 - 교차로부근,승용,여,43세,상해없음,화물,남,58세,상해없음
2019032500100214,2019년 3월 25일 11시,월요일,강원도 원주시 중앙동,경상사고,0,0,1,0,차대차 - 정면충돌,신호위반,건조,맑음,교차로 - 교차로안,승용,남,84세,상해없음,승용,여,51세,경상
2019032500100263,2019년 3월 25일 13시,월요일,강원도 원주시 단구동,경상사고,0,0,1,0,차대사람 - 보도통행중,기타,건조,맑음,단일로 - 기타,화물,남,36세,상해없음,보행자,여,21세,경상
2019032500100299,2019년 3월 25일 14시,월요일,강원도 정선군 신동읍,중상사고,0,1,0,0,차대차 - 기타,안전운전불이행,건조,맑음,교차로 - 교차로안,농기계,남,74세,상해없음,승합,남,50세,상해없음
2019032500100328,2019년 3월 25일 15시,월요일,강원도 속초시 동명동,경상사고,0,0,3,0,차대차 - 기타,안전운전불이행,건조,맑음,단일로 - 지하차도(도로)내,승용,여,36세,상해없음,승용,여,57세,경상
2019032500100364,2019년 3월 25일 16시,월요일,강원도 강릉시 유천동,중상사고,0,1,0,0,차대차 - 추돌,안전운전불이행,건조,맑음,단일로 - 기타,화물,남,34세,상해없음,이륜,남,83세,중상
2019032500100365,2019년 3월 25일 16시,월요일,강원도 속초시 영랑동,경상사고,0,0,1,0,차대차 - 후진중충돌,안전운전불이행,건조,맑음,주차장 - 주차장,승용,남,55세,상해없음,승용,남,56세,경상
2019032500100366,2019년 3월 25일 16시,월요일,강원도 철원군 갈말읍,경상사고,0,0,1,0,차량단독 - 전도전복 - 전도,안전운전불이행,건조,맑음,단일로 - 기타,이륜,남,55세,경상,,,,
2019032500100452,2019년 3월 25일 18시,월요일,강원도 고성군 간성읍,경상사고,0,0,2,0,차대차 - 측면충돌,안전운전불이행,건조,맑음,교차로 - 교차로부근,승용,여,38세,상해없음,승용,여,38세,경상
2019032500100523,2019년 3월 25일 20시,월요일,강원도 화천군 화천읍,경상사고,0,0,1,0,차대차 - 측면충돌,교차로운행방법위반,건조,맑음,단일로 - 터널,승용,남,57세,상해없음,승용,남,50세,경상
2019032500100560,2019년 3월 25일 21시,월요일,강원도 원주시 단구동,경상사고,0,0,1,0,차대차 - 측면충돌,안전운전불이행,건조,맑음,기타 - 기타,승용,남,34세,상해없음,승용,여,61세,경상
2019032600100060,2019년 3월 26일 04시,화요일,강원도 홍천군 홍천읍,부상신고사고,0,0,0,1,차대사람 - 기타,안전운전불이행,건조,맑음,교차로 - 교차로안,승용,여,58세,상해없음,보행자,남,33세,부상신고
2019032600100077,2019년 3월 26일 05시,화요일,강원도 홍천군 서석면,사망사고,1,0,0,0,차대차 - 추돌,안전운전불이행,건조,맑음,단일로 - 기타,화물,남,59세,상해없음,자전거,여,77세,사망
2019032600100104,2019년 3월 26일 07시,화요일,강원도 원주시 명륜동,경상사고,0,0,1,0,차대사람 - 횡단중,안전운전불이행,건조,맑음,기타 - 기타,승용,남,58세,상해없음,보행자,남,47세,경상
2019032600100130,2019년 3월 26일 08시,화요일,강원도 강릉시 노암동,중상사고,0,1,0,0,차대사람 - 기타,안전운전불이행,건조,맑음,교차로 - 교차로횡단보도내,승용,여,40세,상해없음,보행자,남,14세,중상
2019032600100131,2019년 3월 26일 08시,화요일,강원도 원주시 인동,경상사고,0,0,2,0,차대차 - 측면충돌,중앙선침범,건조,맑음,단일로 - 기타,승용,남,38세,상해없음,승용,남,29세,경상
2019032600100132,2019년 3월 26일 08시,화요일,강원도 삼척시 교동,경상사고,0,0,2,0,차대차 - 측면충돌,안전거리미확보,건조,맑음,교차로 - 교차로부근,승용,남,20세,경상,승용,여,39세,경상
2019032600100166,2019년 3월 26일 09시,화요일,강원도 춘천시 후평동,경상사고,0,0,1,0,차대차 - 측면충돌,안전운전불이행,건조,맑음,교차로 - 교차로안,승용,여,60세,상해없음,승용,남,67세,경상
2019032600100167,2019년 3월 26일 09시,화요일,강원도 춘천시 사북면,중상사고,0,1,2,0,차대차 - 추돌,안전거리미확보,건조,맑음,단일로 - 기타,승합,남,59세,상해없음,승용,남,44세,중상
2019032600100262,2019년 3월 26일 12시,화요일,강원도 강릉시 성남동,중상사고,0,1,0,0,차대사람 - 횡단중,안전운전불이행,건조,맑음,단일로 - 기타,승용,남,70세,상해없음,보행자,여,90세 이상,중상
2019032600100286,2019년 3월 26일 13시,화요일,강원도 태백시 화전동,경상사고,0,0,2,0,차대차 - 측면충돌,신호위반,건조,맑음,교차로 - 교차로안,승용,남,50세,상해없음,승용,여,38세,경상
2019032600100435,2019년 3월 26일 17시,화요일,강원도 춘천시 동면,경상사고,0,0,1,0,차대사람 - 횡단중,보행자보호의무위반,건조,맑음,교차로 - 교차로부근,승용,남,63세,상해없음,보행자,여,8세,경상
2019032600100436,2019년 3월 26일 17시,화요일,강원도 강릉시 교동,경상사고,0,0,1,0,차대사람 - 횡단중,보행자보호의무위반,건조,맑음,교차로 - 교차로횡단보도내,승용,여,33세,상해없음,보행자,여,2세,경상
2019032600100437,2019년 3월 26일 17시,화요일,강원도 홍천군 홍천읍,경상사고,0,0,2,0,차대사람 - 횡단중,안전운전불이행,건조,맑음,단일로 - 기타,승용,여,49세,상해없음,보행자,여,11세,경상
2019032600100512,2019년 3월 26일 19시,화요일,강원도 원주시 태장동,경상사고,0,0,1,0,차대사람 - 길가장자리구역통행중,안전운전불이행,건조,맑음,단일로 - 기타,승용,남,18세,상해없음,보행자,남,43세,경상
2019032700100046,2019년 3월 27일 02시,수요일,강원도 춘천시 효자동,중상사고,0,1,0,0,차대사람 - 기타,보행자보호의무위반,건조,맑음,단일로 - 기타,승용,남,19세,상해없음,보행자,남,22세,중상
2019032700100139,2019년 3월 27일 08시,수요일,강원도 고성군 토성면,중상사고,0,1,1,0,차량단독 - 공작물충돌,안전운전불이행,건조,맑음,단일로 - 기타,화물,남,64세,상해없음,,,,
2019032700100169,2019년 3월 27일 09시,수요일,강원도 삼척시 도계읍,경상사고,0,0,1,0,차대사람 - 길가장자리구역통행중,안전운전불이행,건조,맑음,단일로 - 지하차도(도로)내,이륜,남,78세,상해없음,보행자,남,77세,경상
2019032700100170,2019년 3월 27일 09시,수요일,강원도 횡성군 우천면,중상사고,0,1,0,0,차량단독 - 공작물충돌,안전운전불이행,건조,맑음,단일로 - 기타,화물,남,63세,상해없음,,,,
2019032700100201,2019년 3월 27일 10시,수요일,강원도 원주시 명륜동,경상사고,0,0,1,0,차대사람 - 기타,안전운전불이행,건조,맑음,단일로 - 기타,화물,남,45세,상해없음,보행자,남,51세,경상
2019032700100202,2019년 3월 27일 10시,수요일,강원도 삼척시 남양동,경상사고,0,0,1,0,차대사람 - 길가장자리구역통행중,안전운전불이행,건조,맑음,교차로 - 교차로부근,화물,남,72세,상해없음,보행자,남,63세,경상
2019032700100203,2019년 3월 27일 10시,수요일,강원도 홍천군 홍천읍,중상사고,0,1,0,0,차대차 - 기타,교차로운행방법위반,건조,맑음,교차로 - 교차로안,승합,남,66세,상해없음,이륜,남,78세,중상
2019032700100204,2019년 3월 27일 10시,수요일,강원도 원주시 문막읍,경상사고,0,0,1,0,차대차 - 기타,안전거리미확보,건조,맑음,단일로 - 기타,승용,남,58세,상해없음,승용,남,62세,경상
2019032700100250,2019년 3월 27일 12시,수요일,강원도 춘천시 석사동,중상사고,0,1,1,0,차대차 - 측면충돌,교차로운행방법위반,건조,맑음,교차로 - 교차로안,승용,여,65세,상해없음,승용,남,41세,경상
2019032700100251,2019년 3월 27일 12시,수요일,강원도 춘천시 칠전동,경상사고,0,0,2,0,차대차 - 측면충돌,안전거리미확보,건조,맑음,단일로 - 기타,승용,여,32세,상해없음,승합,남,57세,경상
2019032700100252,2019년 3월 27일 12시,수요일,강원도 강릉시 홍제동,경상사고,0,0,1,0,차대차 - 기타,중앙선침범,건조,맑음,단일로 - 기타,승용,남,71세,상해없음,승용,여,58세,상해없음
2019032700100253,2019년 3월 27일 12시,수요일,강원도 홍천군 홍천읍,중상사고,0,1,1,0,차대차 - 측면충돌,교차로운행방법위반,건조,맑음,교차로 - 교차로안,승용,여,54세,상해없음,승합,남,56세,상해없음
2019032700100277,2019년 3월 27일 13시,수요일,강원도 강릉시 포남동,중상사고,0,1,2,0,차대차 - 측면충돌,안전운전불이행,건조,맑음,교차로 - 교차로안,승용,여,56세,상해없음,승용,남,70세,경상
2019032700100302,2019년 3월 27일 14시,수요일,강원도 원주시 단구동,중상사고,0,1,2,0,차대차 - 추돌,안전거리미확보,건조,맑음,교차로 - 교차로부근,승용,남,36세,상해없음,승용,남,42세,경상
2019032700100392,2019년 3월 27일 17시,수요일,강원도 동해시 구미동,경상사고,0,0,3,0,차대차 - 측면충돌,직진우회전진행방해,건조,맑음,교차로 - 교차로안,승용,남,58세,상해없음,승용,남,42세,경상
2019032700100430,2019년 3월 27일 18시,수요일,강원도 춘천시 신북읍,중상사고,0,3,2,0,차대차 - 측면충돌,안전운전불이행,건조,맑음,단일로 - 기타,화물,남,80세,중상,승용,남,39세,중상
2019032700100431,2019년 3월 27일 18시,수요일,강원도 홍천군 내면,부상신고사고,0,0,0,1,차대차 - 정면충돌,중앙선침범,건조,맑음,단일로 - 기타,화물,남,59세,상해없음,승용,남,58세,상해없음
2019032700100465,2019년 3월 27일 19시,수요일,강원도 춘천시 근화동,경상사고,0,0,2,0,차대사람 - 횡단중,안전운전불이행,건조,맑음,단일로 - 기타,이륜,남,28세,경상,보행자,남,57세,경상
2019032700100578,2019년 3월 27일 23시,수요일,강원도 원주시 단구동,경상사고,0,0,1,0,차대차 - 기타,교차로운행방법위반,건조,맑음,교차로 - 교차로안,이륜,남,16세,상해없음,승용,남,24세,경상
2019032800100090,2019년 3월 28일 07시,목요일,강원도 춘천시 근화동,경상사고,0,0,1,0,차대차 - 기타,안전거리미확보,건조,맑음,단일로 - 기타,이륜,남,55세,경상,기타불명,기타불명,미분류,기타불명
2019032800100091,2019년 3월 28일 07시,목요일,강원도 원주시 호저면,중상사고,0,1,2,0,차대차 - 기타,안전거리미확보,건조,맑음,단일로 - 기타,화물,남,70세,경상,승용,남,49세,경상
2019032800100126,2019년 3월 28일 08시,목요일,강원도 춘천시 후평동,경상사고,0,0,1,0,차대차 - 측면충돌,교차로운행방법위반,건조,맑음,교차로 - 교차로안,승용,여,56세,상해없음,승용,남,33세,상해없음
2019032800100127,2019년 3월 28일 08시,목요일,강원도 강릉시 노암동,경상사고,0,0,1,0,차대차 - 측면충돌,안전운전불이행,젖음/습기,비,단일로 - 기타,승용,여,40세,상해없음,승용,여,44세,경상
2019032800100166,2019년 3월 28일 09시,목요일,강원도 삼척시 정하동,중상사고,0,1,1,0,차대차 - 측면충돌,안전운전불이행,젖음/습기,비,주차장 - 주차장,승용,여,45세,중상,승용,여,60세,경상
2019032800100311,2019년 3월 28일 14시,목요일,강원도 춘천시 우두동,경상사고,0,0,1,0,차대사람 - 횡단중,안전운전불이행,건조,맑음,단일로 - 기타,승용,남,74세,상해없음,보행자,남,13세,경상
2019032800100312,2019년 3월 28일 14시,목요일,강원도 횡성군 횡성읍,경상사고,0,0,1,0,차대차 - 측면충돌,안전운전불이행,건조,맑음,교차로 - 교차로안,화물,여,61세,상해없음,화물,남,49세,상해없음
2019032800100345,2019년 3월 28일 15시,목요일,강원도 원주시 관설동,경상사고,0,0,1,0,차대차 - 추돌,안전거리미확보,건조,맑음,단일로 - 기타,화물,남,55세,상해없음,승용,여,51세,경상
2019032800100393,2019년 3월 28일 16시,목요일,강원도 홍천군 화촌면,중상사고,0,1,1,0,차대차 - 추돌,안전거리미확보,건조,맑음,교차로 - 교차로부근,화물,남,77세,상해없음,화물,남,58세,경상
2019032800100482,2019년 3월 28일 18시,목요일,강원도 강릉시 포남동,중상사고,0,1,0,0,차대사람 - 길가장자리구역통행중,안전운전불이행,건조,맑음,단일로 - 기타,화물,남,56세,상해없음,보행자,남,52세,중상