사고번호,사고일시,요일,시군구,사고내용,사망자수,중상자수,경상자수,부상신고자수,사고유형,법규위반,노면상태,기상상태,도로형태,가해운전자 차종,가해운전자 성별,가해운전자 연령,가해운전자 상해정도,피해운전자 차종,피해운전자 성별,피해운전자 연령,피해운전자 상해정도
2019032800100559,2019년 3월 28일 20시,목요일,강원도 원주시 태장동,중상사고,0,1,0,0,차대차 - 측면충돌,신호위반,건조,맑음,교차로 - 교차로안,이륜,남,16세,상해없음,이륜,남,37세,중상
2019032900100026,2019년 3월 29일 00시,금요일,강원도 원주시 단계동,경상사고,0,0,2,0,차대차 - 측면충돌,안전운전불이행,건조,맑음,교차로 - 교차로안,승용,여,51세,상해없음,승용,남,50세,경상
2019032900100160,2019년 3월 29일 09시,금요일,강원도 춘천시 퇴계동,중상사고,0,1,0,0,차대사람 - 횡단중,안전운전불이행,건조,맑음,교차로 - 교차로안,승합,남,37세,상해없음,보행자,여,76세,중상
2019032900100161,2019년 3월 29일 09시,금요일,강원도 태백시 황지동,경상사고,0,0,1,0,차대사람 - 횡단중,신호위반,건조,맑음,교차로 - 교차로부근,화물,남,52세,상해없음,보행자,여,73세,경상
2019032900100200,2019년 3월 29일 10시,금요일,강원도 원주시 태장동,경상사고,0,0,2,0,차대차 - 측면충돌,교차로운행방법위반,건조,맑음,교차로 - 교차로부근,화물,남,71세,상해없음,승용,남,53세,경상
2019032900100201,2019년 3월 29일 10시,금요일,강원도 원주시 단계동,중상사고,0,1,1,0,차대차 - 측면충돌,직진우회전진행방해,건조,맑음,교차로 - 교차로안,승용,남,48세,상해없음,승용,남,56세,상해없음
2019032900100234,2019년 3월 29일 11시,금요일,강원도 원주시 개운동,경상사고,0,0,2,0,차대차 - 추돌,안전거리미확보,건조,맑음,단일로 - 기타,승용,남,68세,상해없음,승용,남,64세,경상
2019032900100309,2019년 3월 29일 13시,금요일,강원도 원주시 평원동,경상사고,0,0,1,0,차대차 - 측면충돌,교차로운행방법위반,건조,맑음,교차로 - 교차로안,승용,여,59세,상해없음,승합,남,43세,상해없음
2019032900100384,2019년 3월 29일 15시,금요일,강원도 동해시 북평동,경상사고,0,0,1,0,차량단독 - 기타,기타,건조,맑음,단일로 - 기타,승합,남,39세,상해없음,,,,
2019032900100425,2019년 3월 29일 16시,금요일,강원도 춘천시 온의동,경상사고,0,0,1,0,차대차 - 측면충돌,안전운전불이행,건조,맑음,교차로 - 교차로안,승용,여,33세,상해없음,승용,남,37세,경상
2019032900100572,2019년 3월 29일 19시,금요일,강원도 강릉시 포남동,중상사고,0,1,0,0,차대사람 - 횡단중,보행자보호의무위반,건조,맑음,교차로 - 교차로횡단보도내,승용,여,56세,상해없음,보행자,여,52세,중상
2019033000100035,2019년 3월 30일 00시,토요일,강원도 원주시 태장동,경상사고,0,0,2,0,차대차 - 추돌,안전운전불이행,건조,맑음,교차로 - 교차로횡단보도내,승용,여,29세,상해없음,승용,남,68세,경상
2019033000100064,2019년 3월 30일 01시,토요일,강원도 춘천시 동면,경상사고,0,0,1,0,차대차 - 측면충돌,직진우회전진행방해,건조,맑음,교차로 - 교차로안,승용,여,51세,상해없음,승용,남,31세,경상
2019033000100065,2019년 3월 30일 01시,토요일,강원도 강릉시 교동,경상사고,0,0,1,0,차대차 - 정면충돌,중앙선침범,젖음/습기,비,단일로 - 기타,승용,남,29세,상해없음,승용,남,35세,경상
2019033000100194,2019년 3월 30일 08시,토요일,강원도 춘천시 동내면,경상사고,0,0,2,0,차대차 - 추돌,안전거리미확보,건조,맑음,단일로 - 기타,승합,남,22세,상해없음,승용,남,59세,경상
2019033000100195,2019년 3월 30일 08시,토요일,강원도 원주시 개운동,경상사고,0,0,1,0,차대차 - 추돌,안전운전불이행,건조,맑음,교차로 - 교차로부근,승용,남,30세,상해없음,자전거,여,65세,경상
2019033000100196,2019년 3월 30일 08시,토요일,강원도 원주시 단구동,경상사고,0,0,1,0,차대사람 - 횡단중,안전운전불이행,젖음/습기,비,교차로 - 교차로안,승용,여,55세,상해없음,보행자,남,14세,경상
2019033000100224,2019년 3월 30일 09시,토요일,강원도 영월군 영월읍,부상신고사고,0,0,0,1,차량단독 - 공작물충돌,안전운전불이행,건조,맑음,단일로 - 교량,승용,남,59세,부상신고,,,,
2019033000100245,2019년 3월 30일 10시,토요일,강원도 춘천시 서면,중상사고,0,1,1,0,차대차 - 추돌,안전거리미확보,건조,맑음,교차로 - 교차로부근,건설기계,남,46세,상해없음,화물,남,60세,경상
2019033000100246,2019년 3월 30일 10시,토요일,강원도 삼척시 원당동,중상사고,0,1,0,0,차대차 - 측면충돌,안전거리미확보,건조,맑음,교차로 - 교차로부근,건설기계,남,46세,상해없음,승용,여,66세,중상
2019033000100283,2019년 3월 30일 11시,토요일,강원도 춘천시 남산면,경상사고,0,0,1,0,차대차 - 측면충돌,교차로운행방법위반,건조,맑음,교차로 - 교차로안,화물,남,40세,상해없음,자전거,남,48세,경상
2019033000100284,2019년 3월 30일 11시,토요일,강원도 속초시 대포동,경상사고,0,0,1,0,차대차 - 추돌,안전운전불이행,건조,맑음,교차로 - 교차로안,승용,남,25세,상해없음,승용,여,58세,경상
2019033000100285,2019년 3월 30일 11시,토요일,강원도 홍천군 홍천읍,경상사고,0,0,1,0,차대사람 - 기타,보행자보호의무위반,건조,맑음,교차로 - 교차로부근,승용,남,61세,상해없음,보행자,여,46세,경상
2019033000100324,2019년 3월 30일 12시,토요일,강원도 춘천시 칠전동,중상사고,0,2,0,1,차대차 - 추돌,안전운전불이행,건조,맑음,교차로 - 교차로부근,승용,여,58세,부상신고,승용,남,73세,중상
2019033000100325,2019년 3월 30일 12시,토요일,강원도 원주시 문막읍,중상사고,0,1,0,0,차대차 - 측면충돌,안전운전불이행,건조,맑음,단일로 - 기타,화물,남,64세,상해없음,이륜,남,67세,중상
2019033000100363,2019년 3월 30일 13시,토요일,강원도 춘천시 신동면,경상사고,0,0,1,0,차대차 - 측면충돌,교차로운행방법위반,건조,맑음,교차로 - 교차로안,승용,여,45세,상해없음,승용,남,54세,경상
2019033000100364,2019년 3월 30일 13시,토요일,강원도 삼척시 근덕면,중상사고,0,1,0,0,차대차 - 기타,안전운전불이행,건조,맑음,단일로 - 기타,화물,남,65세,상해없음,승용,남,57세,중상
2019033000100404,2019년 3월 30일 14시,토요일,강원도 원주시 무실동,경상사고,0,0,2,0,차대차 - 측면충돌,안전거리미확보,건조,맑음,교차로 - 교차로부근,승용,남,22세,상해없음,승용,남,26세,경상
2019033000100405,2019년 3월 30일 14시,토요일,강원도 횡성군 우천면,중상사고,0,1,3,0,차대차 - 기타,차로위반,건조,흐림,교차로 - 교차로안,화물,남,60세,경상,승용,남,49세,경상
2019033000100439,2019년 3월 30일 15시,토요일,강원도 강릉시 포남동,경상사고,0,0,1,0,차대차 - 기타,중앙선침범,건조,맑음,교차로 - 교차로부근,이륜,남,25세,상해없음,승용,여,24세,경상
2019033000100440,2019년 3월 30일 15시,토요일,강원도 원주시 단구동,경상사고,0,0,2,0,차대차 - 측면충돌,신호위반,젖음/습기,비,교차로 - 교차로안,승용,여,40세,상해없음,승용,남,71세,경상
2019033000100441,2019년 3월 30일 15시,토요일,강원도 원주시 우산동,경상사고,0,0,2,0,차대차 - 추돌,안전운전불이행,건조,맑음,단일로 - 기타,건설기계,남,41세,상해없음,승용,여,59세,경상
2019033000100442,2019년 3월 30일 15시,토요일,강원도 평창군 진부면,경상사고,0,0,2,0,차대차 - 측면충돌,차로위반,건조,맑음,단일로 - 기타,승용,여,31세,상해없음,승용,여,48세,경상
2019033000100477,2019년 3월 30일 16시,토요일,강원도 원주시 소초면,경상사고,0,0,1,0,차대차 - 기타,안전운전불이행,젖음/습기,흐림,단일로 - 기타,승용,남,30세,상해없음,승용,남,40세,경상
2019033000100509,2019년 3월 30일 17시,토요일,강원도 춘천시 후평동,경상사고,0,0,2,2,차대차 - 측면충돌,안전운전불이행,건조,맑음,교차로 - 교차로안,승용,여,39세,경상,승용,여,57세,경상
2019033000100510,2019년 3월 30일 17시,토요일,강원도 원주시 중앙동,경상사고,0,0,1,0,차대사람 - 기타,안전운전불이행,건조,맑음,교차로 - 교차로부근,자전거,남,60세,상해없음,보행자,여,50세,경상
2019033000100511,2019년 3월 30일 17시,토요일,강원도 양양군 강현면,중상사고,0,1,1,0,차대차 - 정면충돌,중앙선침범,건조,맑음,단일로 - 지하차도(도로)내,화물,남,65세,상해없음,승용,남,42세,경상
2019033000100512,2019년 3월 30일 17시,토요일,강원도 철원군 동송읍,경상사고,0,0,1,0,차대차 - 추돌,기타,건조,맑음,단일로 - 기타,승용,남,66세,상해없음,원동기,남,60세,경상
2019033000100555,2019년 3월 30일 18시,토요일,강원도 원주시 무실동,경상사고,0,0,3,0,차대차 - 정면충돌,과속,젖음/습기,흐림,교차로 - 교차로안,승용,남,32세,상해없음,이륜,남,19세,경상
2019033000100582,2019년 3월 30일 19시,토요일,강원도 영월군 영월읍,부상신고사고,0,0,0,2,차대차 - 측면충돌,안전운전불이행,건조,흐림,단일로 - 지하차도(도로)내,승용,남,55세,상해없음,승용,남,38세,부상신고
2019033000100615,2019년 3월 30일 20시,토요일,강원도 홍천군 서면,중상사고,0,2,1,0,차대차 - 추돌,안전운전불이행,젖음/습기,비,단일로 - 기타,승용,남,26세,중상,승용,남,26세,상해없음
2019033000100652,2019년 3월 30일 21시,토요일,강원도 인제군 인제읍,중상사고,0,1,0,0,차대사람 - 횡단중,안전운전불이행,건조,맑음,단일로 - 기타,화물,남,58세,상해없음,보행자,남,66세,중상
2019033000100674,2019년 3월 30일 22시,토요일,강원도 춘천시 후평동,경상사고,0,0,3,0,차대차 - 측면충돌,안전운전불이행,건조,맑음,교차로 - 교차로안,승용,남,30세,경상,승용,남,25세,경상
2019033000100692,2019년 3월 30일 23시,토요일,강원도 삼척시 교동,경상사고,0,0,1,0,차대차 - 측면충돌,안전운전불이행,건조,흐림,교차로 - 교차로부근,승용,남,60세,상해없음,승용,남,24세,경상
2019033100100029,2019년 3월 31일 00시,일요일,강원도 원주시 단계동,경상사고,0,0,1,0,차대차 - 측면충돌,안전운전불이행,젖음/습기,비,교차로 - 교차로안,승용,남,25세,상해없음,승용,남,23세,경상
2019033100100030,2019년 3월 31일 00시,일요일,강원도 영월군 영월읍,경상사고,0,0,1,0,차대사람 - 기타,안전운전불이행,젖음/습기,비,단일로 - 기타,승용,남,56세,상해없음,보행자,남,20세,경상
2019033100100051,2019년 3월 31일 01시,일요일,강원도 원주시 단계동,경상사고,0,0,1,0,차대차 - 측면충돌,안전운전불이행,젖음/습기,비,교차로 - 교차로안,승용,남,53세,상해없음,승용,남,27세,경상
2019033100100087,2019년 3월 31일 05시,일요일,강원도 강릉시 포남동,경상사고,0,0,2,0,차대차 - 측면충돌,안전운전불이행,건조,맑음,교차로 - 교차로안,승용,남,27세,상해없음,화물,남,34세,경상
2019033100100125,2019년 3월 31일 10시,일요일,강원도 원주시 단구동,경상사고,0,0,1,0,차대차 - 측면충돌,교차로운행방법위반,건조,맑음,교차로 - 교차로안,승용,여,36세,상해없음,승용,여,51세,경상
2019033100100204,2019년 3월 31일 13시,일요일,강원도 속초시 중앙동,중상사고,0,1,0,0,차대사람 - 차도통행중,안전운전불이행,건조,맑음,단일로 - 기타,승용,남,53세,상해없음,보행자,여,78세,중상
2019033100100231,2019년 3월 31일 14시,일요일,강원도 춘천시 온의동,경상사고,0,0,2,0,차대차 - 추돌,안전거리미확보,건조,흐림,단일로 - 기타,승용,여,68세,상해없음,승용,남,52세,경상
2019033100100232,2019년 3월 31일 14시,일요일,강원도 원주시 판부면,경상사고,0,0,1,0,차대차 - 측면충돌,교차로운행방법위반,건조,맑음,교차로 - 교차로안,승용,여,48세,상해없음,승용,남,28세,경상
2019033100100233,2019년 3월 31일 14시,일요일,강원도 평창군 평창읍,중상사고,0,1,1,0,차대차 - 측면충돌,신호위반,건조,맑음,교차로 - 교차로안,승용,남,78세,상해없음,승용,남,41세,경상
2019033100100260,2019년 3월 31일 15시,일요일,강원도 동해시 평릉동,경상사고,0,0,2,0,차대차 - 후진중충돌,안전운전불이행,건조,맑음,단일로 - 기타,승용,남,59세,상해없음,승용,여,37세,경상
2019033100100352,2019년 3월 31일 18시,일요일,강원도 춘천시 후평동,중상사고,0,1,1,0,차대차 - 측면충돌,신호위반,건조,맑음,교차로 - 교차로안,승용,여,22세,상해없음,승용,남,35세,경상
2019033100100413,2019년 3월 31일 20시,일요일,강원도 강릉시 포남동,중상사고,0,1,0,0,차대차 - 측면충돌,안전운전불이행,건조,맑음,교차로 - 교차로부근,승용,남,47세,상해없음,승용,남,68세,상해없음
2019033100100414,2019년 3월 31일 20시,일요일,강원도 횡성군 횡성읍,경상사고,0,0,2,0,차대차 - 측면충돌,안전운전불이행,건조,맑음,교차로 - 교차로안,승용,여,49세,상해없음,승용,남,56세,경상
2019033100100438,2019년 3월 31일 21시,일요일,강원도 춘천시 석사동,부상신고사고,0,0,0,1,차대차 - 추돌,안전운전불이행,건조,맑음,교차로 - 교차로안,승용,남,39세,상해없음,이륜,남,45세,부상신고
2019033100100439,2019년 3월 31일 21시,일요일,강원도 원주시 단계동,경상사고,0,0,1,0,차대사람 - 차도통행중,안전운전불이행,건조,맑음,교차로 - 교차로부근,승용,남,47세,상해없음,보행자,남,44세,경상
2019040100100063,2019년 4월 1일 05시,월요일,강원도 홍천군 홍천읍,경상사고,0,0,3,0,차대차 - 기타,교차로운행방법위반,건조,맑음,교차로 - 교차로안,승용,남,50세,상해없음,승합,남,60세,경상
2019040100100082,2019년 4월 1일 06시,월요일,강원도 태백시 통동,경상사고,0,0,1,0,차대차 - 측면충돌,차로위반,건조,맑음,단일로 - 기타,화물,남,50세,상해없음,승용,여,68세,경상
2019040100100105,2019년 4월 1일 07시,월요일,강원도 춘천시 동내면,경상사고,0,0,1,0,차대차 - 측면충돌,신호위반,건조,맑음,교차로 - 교차로안,화물,남,67세,상해없음,승용,여,50세,경상
2019040100100144,2019년 4월 1일 08시,월요일,강원도 원주시 판부면,경상사고,0,0,5,0,차대차 - 기타,안전운전불이행,건조,맑음,교차로 - 교차로부근,승용,남,44세,상해없음,화물,남,56세,경상
2019040100100145,2019년 4월 1일 08시,월요일,강원도 철원군 근남면,경상사고,0,0,2,0,차대차 - 정면충돌,직진우회전진행방해,건조,맑음,교차로 - 교차로안,화물,남,57세,경상,특수,남,43세,경상
2019040100100198,2019년 4월 1일 09시,월요일,강원도 태백시 혈동,중상사고,0,1,0,0,차대사람 - 기타,안전운전불이행,건조,맑음,기타 - 기타,승용,남,68세,상해없음,보행자,남,63세,중상
2019040100100236,2019년 4월 1일 10시,월요일,강원도 원주시 원동,경상사고,0,0,1,0,차대사람 - 기타,안전운전불이행,건조,맑음,단일로 - 기타,승용,남,43세,상해없음,보행자,여,61세,경상
2019040100100301,2019년 4월 1일 12시,월요일,강원도 원주시 단계동,경상사고,0,0,1,0,차대차 - 기타,안전거리미확보,건조,맑음,단일로 - 기타,승용,여,46세,상해없음,승용,남,30세,경상
2019040100100302,2019년 4월 1일 12시,월요일,강원도 철원군 김화읍,경상사고,0,0,1,0,차대차 - 측면충돌,안전운전불이행,건조,맑음,교차로 - 교차로안,승용,여,65세,상해없음,이륜,남,84세,경상
2019040100100332,2019년 4월 1일 13시,월요일,강원도 강릉시 노암동,경상사고,0,0,1,0,차대차 - 측면충돌,안전운전불이행,건조,흐림,교차로 - 교차로안,승용,여,35세,상해없음,승용,남,29세,경상
2019040100100333,2019년 4월 1일 13시,월요일,강원도 원주시 학성동,경상사고,0,0,1,3,차대차 - 기타,안전운전불이행,건조,맑음,단일로 - 기타,화물,남,44세,상해없음,승합,남,65세,상해없음
2019040100100334,2019년 4월 1일 13시,월요일,강원도 속초시 조양동,경상사고,0,0,1,1,차대차 - 기타,안전운전불이행,건조,맑음,단일로 - 고가도로위,승합,남,46세,상해없음,화물,남,33세,경상
2019040100100369,2019년 4월 1일 14시,월요일,강원도 춘천시 석사동,중상사고,0,1,1,0,차대차 - 측면충돌,신호위반,건조,맑음,교차로 - 교차로안,승용,남,50세,상해없음,이륜,남,68세,중상
2019040100100370,2019년 4월 1일 14시,월요일,강원도 횡성군 우천면,경상사고,0,0,2,0,차대차 - 측면충돌,안전운전불이행,건조,맑음,교차로 - 교차로부근,승용,남,38세,상해없음,승용,남,33세,경상
2019040100100371,2019년 4월 1일 14시,월요일,강원도 원주시 판부면,사망사고,1,0,0,0,차량단독 - 도로외이탈 - 추락,안전운전불이행,건조,맑음,단일로 - 교량,건설기계,남,23세,사망,,,,
2019040100100493,2019년 4월 1일 17시,월요일,강원도 원주시 무실동,중상사고,0,2,0,0,차대차 - 측면충돌,안전운전불이행,건조,맑음,단일로 - 지하차도(도로)내,승용,여,55세,상해없음,승용,여,58세,중상
2019040100100494,2019년 4월 1일 17시,월요일,강원도 원주시 봉산동,경상사고,0,0,1,0,차대사람 - 횡단중,안전운전불이행,건조,맑음,교차로 - 교차로부근,승용,여,52세,상해없음,보행자,남,66세,경상
2019040100100540,2019년 4월 1일 18시,월요일,강원도 강릉시 교동,경상사고,0,0,2,0,차대차 - 측면충돌,안전운전불이행,건조,맑음,단일로 - 기타,승합,남,57세,상해없음,승용,여,41세,경상
2019040100100589,2019년 4월 1일 19시,월요일,강원도 강릉시 교동,중상사고,0,1,0,0,차대차 - 측면충돌,안전운전불이행,건조,맑음,교차로 - 교차로안,승용,남,41세,상해없음,승용,여,52세,중상
2019040200100033,2019년 4월 2일 00시,화요일,강원도 춘천시 온의동,중상사고,0,1,0,0,차량단독 - 공작물충돌,안전운전불이행,건조,흐림,단일로 - 기타,승용,남,29세,중상,,,,
2019040200100066,2019년 4월 2일 04시,화요일,강원도 양구군 양구읍,중상사고,0,1,0,0,차대사람 - 횡단중,보행자보호의무위반,건조,맑음,교차로 - 교차로횡단보도내,승합,남,36세,상해없음,보행자,여,83세,중상
2019040200100105,2019년 4월 2일 07시,화요일,강원도 횡성군 안흥면,경상사고,0,0,1,0,차대차 - 측면충돌,기타,건조,맑음,교차로 - 교차로안,화물,남,53세,상해없음,승용,남,53세,경상
2019040200100151,2019년 4월 2일 08시,화요일,강원도 강릉시 교동,경상사고,0,0,3,0,차대차 - 추돌,안전운전불이행,건조,맑음,단일로 - 기타,승합,남,46세,상해없음,승용,남,45세,경상
2019040200100152,2019년 4월 2일 08시,화요일,강원도 원주시 개운동,경상사고,0,0,1,0,차대차 - 추돌,안전운전불이행,건조,맑음,단일로 - 기타,승용,여,50세,상해없음,승용,여,36세,경상
2019040200100153,2019년 4월 2일 08시,화요일,강원도 원주시 문막읍,경상사고,0,0,1,0,차대사람 - 보도통행중,보행자보호의무위반,건조,맑음,단일로 - 기타,승용,여,51세,상해없음,보행자,여,62세,경상
2019040200100200,2019년 4월 2일 09시,화요일,강원도 강릉시 내곡동,경상사고,0,0,1,0,차대차 - 측면충돌,안전운전불이행,건조,맑음,단일로 - 기타,승합,여,45세,상해없음,승용,남,62세,상해없음
2019040200100235,2019년 4월 2일 10시,화요일,강원도 춘천시 퇴계동,경상사고,0,0,1,0,차대차 - 기타,교차로운행방법위반,건조,맑음,교차로 - 교차로안,승용,여,60세,상해없음,승용,남,59세,경상
2019040200100236,2019년 4월 2일 10시,화요일,강원도 강릉시 주문진읍,사망사고,1,0,0,0,차대차 - 추돌,안전운전불이행,건조,맑음,교차로 - 교차로안,화물,남,56세,상해없음,자전거,남,81세,사망
2019040200100267,2019년 4월 2일 11시,화요일,강원도 원주시 명륜동,중상사고,0,1,2,0,차대차 - 측면충돌,교차로운행방법위반,건조,맑음,교차로 - 교차로안,승용,남,76세,상해없음,승용,남,64세,중상
2019040200100302,2019년 4월 2일 12시,화요일,강원도 강릉시 옥천동,중상사고,0,1,0,0,차대차 - 측면충돌,안전운전불이행,건조,맑음,교차로 - 교차로안,승용,남,85세,상해없음,이륜,여,52세,중상
2019040200100303,2019년 4월 2일 12시,화요일,강원도 원주시 일산동,경상사고,0,0,1,0,차대차 - 측면충돌,안전운전불이행,건조,맑음,기타 - 기타,자전거,남,82세,경상,승용,여,45세,상해없음
2019040200100335,2019년 4월 2일 13시,화요일,강원도 삼척시 원당동,경상사고,0,0,1,0,차대차 - 측면충돌,안전운전불이행,건조,맑음,단일로 - 기타,승용,여,49세,상해없음,승용,여,27세,경상
2019040200100336,2019년 4월 2일 13시,화요일,강원도 정선군 임계면,경상사고,0,0,1,1,차대차 - 정면충돌,중앙선침범,건조,맑음,단일로 - 기타,화물,남,31세,상해없음,화물,남,52세,경상
2019040200100369,2019년 4월 2일 14시,화요일,강원도 원주시 중앙동,경상사고,0,0,1,0,차대차 - 측면충돌,안전운전불이행,건조,맑음,교차로 - 교차로안,승용,남,54세,상해없음,이륜,남,55세,경상
2019040200100370,2019년 4월 2일 14시,화요일,강원도 삼척시 남양동,경상사고,0,0,1,0,차대사람 - 보도통행중,보행자보호의무위반,건조,맑음,단일로 - 기타,승용,남,37세,상해없음,보행자,남,43세,경상
2019040200100371,2019년 4월 2일 14시,화요일,강원도 강릉시 구정면,경상사고,0,0,2,0,차대차 - 측면충돌,안전운전불이행,건조,맑음,단일로 - 기타,승용,남,60세,경상,승용,남,39세,경상
2019040200100405,2019년 4월 2일 15시,화요일,강원도 춘천시 온의동,경상사고,0,0,2,0,차대차 - 기타,안전거리미확보,건조,맑음,단일로 - 기타,승용,여,52세,기타불명,승합,남,58세,상해없음
2019040200100527,2019년 4월 2일 18시,화요일,강원도 춘천시 효자동,경상사고,0,0,2,0,차대차 - 측면충돌,신호위반,건조,맑음,단일로 - 기타,승용,남,68세,상해없음,승용,여,50세,경상
2019040200100528,2019년 4월 2일 18시,화요일,강원도 동해시 이도동,경상사고,0,0,2,0,차대차 - 추돌,안전운전불이행,건조,맑음,교차로 - 교차로부근,승용,남,65세,상해없음,승용,여,39세,경상
2019040200100568,2019년 4월 2일 19시,화요일,강원도 원주시 단구동,경상사고,0,0,2,0,차대차 - 기타,안전운전불이행,건조,맑음,교차로 - 교차로부근,승용,남,56세,상해없음,승용,남,35세,경상
2019040200100569,2019년 4월 2일 19시,화요일,강원도 횡성군 둔내면,중상사고,0,1,0,0,차대차 - 기타,안전운전불이행,건조,맑음,교차로 - 교차로안,승용,남,49세,상해없음,화물,남,78세,중상
2019040200100607,2019년 4월 2일 20시,화요일,강원도 태백시 황지동,경상사고,0,0,1,0,차대차 - 측면충돌,교차로운행방법위반,건조,맑음,교차로 - 교차로부근,승용,남,50세,상해없음,승용,여,54세,경상
2019040200100635,2019년 4월 2일 21시,화요일,강원도 춘천시 신북읍,부상신고사고,0,0,0,5,차대차 - 기타,안전거리미확보,건조,맑음,교차로 - 교차로부근,승용,여,53세,상해없음,화물,남,20세,부상신고
2019040200100652,2019년 4월 2일 22시,화요일,강원도 동해시 평릉동,경상사고,0,0,2,0,차대차 - 추돌,안전운전불이행,건조,맑음,교차로 - 교차로부근,승용,여,34세,상해없음,승용,남,56세,경상
2019040300100143,2019년 4월 3일 08시,수요일,강원도 원주시 명륜동,경상사고,0,0,1,0,차대차 - 추돌,안전거리미확보,건조,맑음,단일로 - 기타,승용,남,43세,상해없음,승용,남,27세,경상
2019040300100144,2019년 4월 3일 08시,수요일,강원도 양양군 서면,중상사고,0,1,0,0,차량단독 - 공작물충돌,안전운전불이행,건조,맑음,단일로 - 고가도로위,이륜,남,58세,중상,,,,
2019040300100183,2019년 4월 3일 09시,수요일,강원도 춘천시 남면,사망사고,1,0,1,0,차대차 - 추돌,안전운전불이행,건조,맑음,단일로 - 교량,승용,남,30세,사망,화물,남,65세,기타불명
2019040300100208,2019년 4월 3일 10시,수요일,강원도 춘천시 효자동,경상사고,0,0,1,0,차대차 - 추돌,안전거리미확보,건조,맑음,단일로 - 기타,승용,남,54세,상해없음,승용,여,54세,경상
2019040300100209,2019년 4월 3일 10시,수요일,강원도 원주시 단구동,경상사고,0,0,1,0,차대차 - 측면충돌,교차로운행방법위반,건조,맑음,교차로 - 교차로안,승용,여,63세,상해없음,승용,남,24세,경상
2019040300100258,2019년 4월 3일 12시,수요일,강원도 화천군 화천읍,중상사고,0,1,0,0,차대차 - 측면충돌,교차로운행방법위반,건조,맑음,교차로 - 교차로안,화물,남,38세,상해없음,이륜,남,57세,중상
2019040300100285,2019년 4월 3일 13시,수요일,강원도 강릉시 노암동,경상사고,0,0,4,0,차대차 - 추돌,안전운전불이행,건조,맑음,교차로 - 교차로부근,승용,여,56세,상해없음,승용,남,60세,경상
2019040300100320,2019년 4월 3일 14시,수요일,강원도 원주시 우산동,경상사고,0,0,1,1,차대차 - 측면충돌,직진우회전진행방해,건조,맑음,교차로 - 교차로안,승용,남,54세,부상신고,승용,여,45세,경상
2019040300100356,2019년 4월 3일 15시,수요일,강원도 춘천시 신동면,경상사고,0,0,2,0,차대차 - 측면충돌,안전운전불이행,건조,맑음,교차로 - 교차로부근,승용,여,38세,기타불명,승용,남,53세,경상
2019040300100357,2019년 4월 3일 15시,수요일,강원도 삼척시 정상동,경상사고,0,0,2,0,차대차 - 추돌,안전거리미확보,건조,맑음,교차로 - 교차로안,건설기계,남,57세,상해없음,승용,남,70세,경상
2019040300100442,2019년 4월 3일 17시,수요일,강원도 춘천시 근화동,경상사고,0,0,1,0,차대차 - 측면충돌,안전운전불이행,건조,맑음,교차로 - 교차로안,승용,남,64세,상해없음,승용,남,32세,경상
2019040300100487,2019년 4월 3일 18시,수요일,강원도 삼척시 근덕면,경상사고,0,0,1,0,차량단독 - 도로외이탈 - 기타,안전운전불이행,건조,맑음,단일로 - 기타,승용,남,51세,경상,,,,
2019040300100610,2019년 4월 3일 22시,수요일,강원도 원주시 단계동,경상사고,0,0,1,0,차대차 - 측면충돌,신호위반,건조,맑음,교차로 - 교차로안,승용,남,30세,상해없음,이륜,남,17세,경상
2019040300100611,2019년 4월 3일 22시,수요일,강원도 원주시 인동,경상사고,0,0,2,0,차대차 - 측면충돌,안전운전불이행,건조,맑음,단일로 - 기타,승용,남,57세,상해없음,승용,남,60세,경상
2019040300100634,2019년 4월 3일 23시,수요일,강원도 원주시 우산동,경상사고,0,0,1,0,차대사람 - 기타,안전운전불이행,건조,맑음,단일로 - 기타,승용,남,48세,상해없음,보행자,남,61세,경상
2019040400100024,2019년 4월 4일 00시,목요일,강원도 강릉시 옥천동,경상사고,0,0,1,0,차대차 - 측면충돌,안전운전불이행,건조,맑음,교차로 - 교차로안,승용,남,37세,상해없음,승용,남,26세,경상
2019040400100098,2019년 4월 4일 07시,목요일,강원도 춘천시 동내면,경상사고,0,0,1,0,차대차 - 측면충돌,안전거리미확보,건조,맑음,단일로 - 기타,화물,남,66세,상해없음,승용,남,40세,경상
2019040400100099,2019년 4월 4일 07시,목요일,강원도 홍천군 홍천읍,경상사고,0,0,2,0,차대차 - 추돌,안전운전불이행,건조,맑음,교차로 - 교차로부근,승용,남,52세,상해없음,승용,여,49세,경상
2019040400100142,2019년 4월 4일 08시,목요일,강원도 춘천시 근화동,경상사고,0,0,1,0,차대차 - 측면충돌,안전운전불이행,건조,맑음,단일로 - 기타,승용,여,64세,상해없음,승용,남,27세,경상
2019040400100143,2019년 4월 4일 08시,목요일,강원도 원주시 우산동,중상사고,0,1,0,0,차대차 - 측면충돌,교차로운행방법위반,건조,맑음,교차로 - 교차로안,화물,남,39세,상해없음,승용,여,56세,중상
2019040400100144,2019년 4월 4일 08시,목요일,강원도 화천군 상서면,경상사고,0,0,16,0,차대차 - 측면충돌,안전운전불이행,건조,맑음,교차로 - 교차로안,승용,남,26세,상해없음,승용,남,35세,상해없음