사고번호,사고일시,요일,시군구,사고내용,사망자수,중상자수,경상자수,부상신고자수,사고유형,법규위반,노면상태,기상상태,도로형태,가해운전자 차종,가해운전자 성별,가해운전자 연령,가해운전자 상해정도,피해운전자 차종,피해운전자 성별,피해운전자 연령,피해운전자 상해정도
2019040400100192,2019년 4월 4일 09시,목요일,강원도 원주시 반곡동,경상사고,0,0,1,0,차대차 - 측면충돌,신호위반,건조,맑음,교차로 - 교차로안,승용,여,40세,상해없음,승용,여,51세,경상
2019040400100226,2019년 4월 4일 10시,목요일,강원도 강릉시 강동면,중상사고,0,1,0,0,차대사람 - 길가장자리구역통행중,안전운전불이행,건조,맑음,교차로 - 교차로부근,건설기계,남,59세,상해없음,보행자,여,82세,중상
2019040400100286,2019년 4월 4일 12시,목요일,강원도 원주시 태장동,경상사고,0,0,1,0,차대사람 - 횡단중,보행자보호의무위반,건조,맑음,교차로 - 교차로횡단보도내,승용,여,59세,상해없음,보행자,남,28세,경상
2019040400100314,2019년 4월 4일 13시,목요일,강원도 춘천시 퇴계동,경상사고,0,0,2,0,차대차 - 측면충돌,안전운전불이행,건조,맑음,교차로 - 교차로안,승용,남,29세,상해없음,승용,남,34세,경상
2019040400100315,2019년 4월 4일 13시,목요일,강원도 원주시 판부면,경상사고,0,0,2,0,차대차 - 추돌,안전거리미확보,건조,맑음,단일로 - 지하차도(도로)내,승용,여,45세,상해없음,승용,여,67세,상해없음
2019040400100316,2019년 4월 4일 13시,목요일,강원도 동해시 천곡동,경상사고,0,0,2,0,차대차 - 측면충돌,안전운전불이행,건조,맑음,교차로 - 교차로안,승용,여,78세,상해없음,승용,남,32세,경상
2019040400100370,2019년 4월 4일 15시,목요일,강원도 횡성군 둔내면,중상사고,0,1,0,0,차대차 - 측면충돌,신호위반,건조,맑음,교차로 - 교차로안,승합,남,69세,상해없음,건설기계,남,48세,중상
2019040400100412,2019년 4월 4일 16시,목요일,강원도 원주시 개운동,경상사고,0,0,1,0,차대차 - 측면충돌,안전운전불이행,건조,맑음,단일로 - 기타,승용,남,40세,상해없음,화물,남,32세,경상
2019040400100456,2019년 4월 4일 17시,목요일,강원도 춘천시 퇴계동,경상사고,0,0,1,0,차대차 - 기타,안전운전불이행,건조,맑음,교차로 - 교차로안,승용,남,55세,상해없음,이륜,남,29세,경상
2019040400100457,2019년 4월 4일 17시,목요일,강원도 강릉시 교동,경상사고,0,0,1,0,차대차 - 추돌,안전운전불이행,건조,맑음,교차로 - 교차로안,화물,남,49세,상해없음,승용,여,44세,경상
2019040400100458,2019년 4월 4일 17시,목요일,강원도 강릉시 입암동,경상사고,0,0,1,0,차대차 - 측면충돌,안전운전불이행,건조,맑음,단일로 - 기타,승용,여,51세,상해없음,자전거,남,78세,경상
2019040400100503,2019년 4월 4일 18시,목요일,강원도 춘천시 근화동,경상사고,0,0,2,0,차대차 - 측면충돌,안전운전불이행,건조,맑음,교차로 - 교차로부근,승용,남,60세,상해없음,승용,여,29세,경상
2019040400100504,2019년 4월 4일 18시,목요일,강원도 원주시 개운동,경상사고,0,0,1,0,차대차 - 기타,안전거리미확보,건조,맑음,교차로 - 교차로부근,승합,남,53세,상해없음,승용,여,44세,경상
2019040400100505,2019년 4월 4일 18시,목요일,강원도 동해시 송정동,경상사고,0,0,2,0,차대차 - 측면충돌,안전운전불이행,건조,맑음,교차로 - 교차로부근,건설기계,남,55세,상해없음,승용,여,34세,경상
2019040400100580,2019년 4월 4일 20시,목요일,강원도 고성군 토성면,경상사고,0,0,2,0,차대차 - 추돌,안전거리미확보,건조,흐림,기타 - 기타,승용,여,27세,상해없음,승용,여,65세,경상
2019040400100646,2019년 4월 4일 22시,목요일,강원도 속초시 교동,중상사고,0,1,0,0,차대차 - 추돌,안전운전불이행,건조,맑음,교차로 - 교차로부근,승용,남,55세,상해없음,승용,남,34세,중상
2019040400100647,2019년 4월 4일 22시,목요일,강원도 속초시 조양동,경상사고,0,0,1,0,차대사람 - 보도통행중,기타,건조,맑음,단일로 - 기타,기타불명,기타불명,미분류,기타불명,보행자,여,52세,경상
2019040400100665,2019년 4월 4일 23시,목요일,강원도 원주시 개운동,중상사고,0,1,1,0,차대차 - 측면충돌,신호위반,건조,맑음,교차로 - 교차로안,승용,남,35세,상해없음,승용,남,46세,경상
2019040500100169,2019년 4월 5일 09시,금요일,강원도 춘천시 동내면,경상사고,0,0,1,0,차대차 - 측면충돌,안전운전불이행,건조,맑음,단일로 - 기타,승용,남,61세,상해없음,화물,남,53세,경상
2019040500100170,2019년 4월 5일 09시,금요일,강원도 태백시 황지동,경상사고,0,0,2,0,차대차 - 추돌,안전운전불이행,건조,맑음,단일로 - 기타,화물,여,46세,상해없음,화물,남,50세,경상
2019040500100193,2019년 4월 5일 10시,금요일,강원도 춘천시 운교동,경상사고,0,0,2,0,차대차 - 측면충돌,안전거리미확보,건조,맑음,단일로 - 기타,승용,남,84세,상해없음,승용,여,28세,경상
2019040500100194,2019년 4월 5일 10시,금요일,강원도 원주시 반곡동,경상사고,0,0,1,0,차대사람 - 기타,안전운전불이행,젖음/습기,맑음,기타 - 기타,승용,남,35세,상해없음,보행자,남,41세,경상
2019040500100214,2019년 4월 5일 11시,금요일,강원도 원주시 학성동,중상사고,0,2,1,0,차대차 - 기타,안전운전불이행,건조,맑음,단일로 - 기타,승용,여,61세,상해없음,승용,남,28세,경상
2019040500100280,2019년 4월 5일 13시,금요일,강원도 원주시 무실동,경상사고,0,0,1,0,차대차 - 후진중충돌,안전운전불이행,건조,맑음,단일로 - 기타,승용,남,55세,상해없음,승용,남,40세,경상
2019040500100306,2019년 4월 5일 14시,금요일,강원도 춘천시 석사동,경상사고,0,0,1,0,차대사람 - 횡단중,신호위반,건조,맑음,교차로 - 교차로횡단보도내,이륜,남,51세,상해없음,보행자,여,44세,경상
2019040500100352,2019년 4월 5일 15시,금요일,강원도 강릉시 교동,경상사고,0,0,1,0,차대차 - 추돌,안전운전불이행,건조,맑음,교차로 - 교차로안,승용,여,35세,상해없음,승합,여,64세,경상
2019040500100353,2019년 4월 5일 15시,금요일,강원도 삼척시 남양동,중상사고,0,1,0,0,차대사람 - 횡단중,안전운전불이행,건조,맑음,단일로 - 기타,화물,남,51세,상해없음,보행자,남,46세,중상
2019040500100354,2019년 4월 5일 15시,금요일,강원도 횡성군 우천면,경상사고,0,0,2,0,차대차 - 기타,안전운전불이행,건조,맑음,단일로 - 기타,화물,남,68세,상해없음,승용,남,27세,경상
2019040500100355,2019년 4월 5일 15시,금요일,강원도 횡성군 횡성읍,경상사고,0,0,1,0,차대차 - 측면충돌,안전운전불이행,건조,맑음,교차로 - 교차로부근,승용,여,63세,상해없음,이륜,남,63세,경상
2019040500100443,2019년 4월 5일 17시,금요일,강원도 강릉시 성산면,중상사고,0,1,0,0,차대차 - 측면충돌,안전운전불이행,건조,맑음,단일로 - 기타,승용,여,58세,상해없음,자전거,남,14세,중상
2019040500100494,2019년 4월 5일 18시,금요일,강원도 영월군 중동면,경상사고,0,0,1,1,차대차 - 추돌,중앙선침범,건조,맑음,단일로 - 지하차도(도로)내,승용,여,25세,부상신고,화물,남,50세,경상
2019040500100495,2019년 4월 5일 18시,금요일,강원도 동해시 부곡동,중상사고,0,1,0,0,차대차 - 측면충돌,교차로운행방법위반,건조,맑음,교차로 - 교차로안,승용,남,46세,상해없음,자전거,남,65세,중상
2019040500100548,2019년 4월 5일 19시,금요일,강원도 춘천시 석사동,경상사고,0,0,2,0,차대차 - 기타,안전운전불이행,건조,맑음,단일로 - 기타,이륜,남,46세,경상,승용,남,73세,상해없음
2019040500100549,2019년 4월 5일 19시,금요일,강원도 강릉시 내곡동,경상사고,0,0,1,0,차대차 - 측면충돌,안전운전불이행,건조,맑음,교차로 - 교차로안,승용,여,34세,상해없음,승용,여,63세,경상
2019040500100550,2019년 4월 5일 19시,금요일,강원도 원주시 우산동,경상사고,0,0,1,0,차대차 - 측면충돌,교차로운행방법위반,건조,맑음,교차로 - 교차로안,승용,여,18세,상해없음,승용,남,30세,경상
2019040500100551,2019년 4월 5일 19시,금요일,강원도 원주시 명륜동,경상사고,0,0,1,0,차대차 - 측면충돌,중앙선침범,건조,맑음,단일로 - 기타,승용,여,56세,상해없음,이륜,남,18세,경상
2019040500100639,2019년 4월 5일 21시,금요일,강원도 강릉시 죽헌동,경상사고,0,0,2,0,차대차 - 추돌,차로위반,건조,맑음,단일로 - 기타,승용,남,55세,상해없음,승용,남,28세,경상
2019040600100116,2019년 4월 6일 07시,토요일,강원도 철원군 동송읍,중상사고,0,1,0,0,차대차 - 기타,안전운전불이행,건조,맑음,단일로 - 기타,화물,남,25세,중상,승용,여,41세,기타불명
2019040600100233,2019년 4월 6일 11시,토요일,강원도 춘천시 후평동,경상사고,0,0,1,0,차대사람 - 보도통행중,보행자보호의무위반,건조,맑음,기타 - 기타,승용,남,29세,상해없음,보행자,여,47세,경상
2019040600100234,2019년 4월 6일 11시,토요일,강원도 강릉시 사천면,경상사고,0,0,5,0,차대차 - 추돌,안전운전불이행,건조,맑음,교차로 - 교차로부근,승용,남,33세,상해없음,승용,남,31세,경상
2019040600100266,2019년 4월 6일 12시,토요일,강원도 원주시 우산동,중상사고,0,1,0,0,차대사람 - 기타,안전운전불이행,건조,맑음,주차장 - 주차장,승용,남,59세,상해없음,보행자,여,80세,중상
2019040600100267,2019년 4월 6일 12시,토요일,강원도 홍천군 홍천읍,경상사고,0,0,1,0,차대사람 - 차도통행중,안전운전불이행,건조,맑음,단일로 - 기타,승용,여,59세,상해없음,보행자,남,56세,경상
2019040600100309,2019년 4월 6일 13시,토요일,강원도 영월군 영월읍,경상사고,0,0,1,0,차대사람 - 횡단중,안전운전불이행,건조,맑음,단일로 - 기타,승용,남,56세,상해없음,보행자,남,41세,경상
2019040600100310,2019년 4월 6일 13시,토요일,강원도 동해시 발한동,경상사고,0,0,1,0,차대차 - 추돌,안전거리미확보,건조,맑음,단일로 - 기타,승용,남,59세,상해없음,승용,남,50세,경상
2019040600100385,2019년 4월 6일 15시,토요일,강원도 영월군 영월읍,경상사고,0,0,1,0,차대사람 - 기타,안전운전불이행,건조,맑음,단일로 - 기타,승용,여,56세,상해없음,보행자,남,64세,경상
2019040600100422,2019년 4월 6일 16시,토요일,강원도 원주시 평원동,경상사고,0,0,2,0,차대차 - 측면충돌,안전운전불이행,건조,맑음,단일로 - 기타,승용,남,37세,상해없음,승용,여,54세,경상
2019040600100458,2019년 4월 6일 17시,토요일,강원도 원주시 단구동,경상사고,0,0,1,0,차대차 - 정면충돌,안전운전불이행,건조,맑음,단일로 - 기타,승용,남,36세,상해없음,자전거,여,38세,경상
2019040600100492,2019년 4월 6일 18시,토요일,강원도 속초시 조양동,경상사고,0,0,1,0,차대사람 - 차도통행중,안전운전불이행,젖음/습기,비,교차로 - 교차로안,승용,여,38세,상해없음,보행자,남,85세,경상
2019040600100493,2019년 4월 6일 18시,토요일,강원도 동해시 천곡동,경상사고,0,0,1,0,차대차 - 후진중충돌,안전운전불이행,건조,맑음,단일로 - 기타,승용,여,23세,상해없음,원동기,남,17세,경상
2019040600100531,2019년 4월 6일 19시,토요일,강원도 강릉시 홍제동,경상사고,0,0,1,0,차대차 - 측면충돌,안전운전불이행,건조,맑음,단일로 - 기타,화물,남,43세,상해없음,원동기,남,21세,경상
2019040600100532,2019년 4월 6일 19시,토요일,강원도 강릉시 임당동,경상사고,0,0,1,0,차대사람 - 횡단중,신호위반,젖음/습기,비,단일로 - 기타,승용,남,72세,상해없음,보행자,남,64세,경상
2019040600100533,2019년 4월 6일 19시,토요일,강원도 원주시 개운동,경상사고,0,0,1,0,차대차 - 추돌,안전운전불이행,건조,맑음,교차로 - 교차로부근,화물,남,65세,상해없음,이륜,남,16세,경상
2019040600100534,2019년 4월 6일 19시,토요일,강원도 동해시 천곡동,경상사고,0,0,2,0,차대사람 - 보도통행중,보행자보호의무위반,건조,맑음,교차로 - 교차로횡단보도내,승용,남,41세,상해없음,보행자,남,43세,경상
2019040600100565,2019년 4월 6일 20시,토요일,강원도 원주시 신림면,경상사고,0,0,2,0,차대차 - 정면충돌,안전운전불이행,건조,맑음,단일로 - 기타,승용,남,60세,상해없음,승용,남,53세,경상
2019040600100566,2019년 4월 6일 20시,토요일,강원도 속초시 교동,중상사고,0,1,1,0,차대차 - 측면충돌,신호위반,건조,맑음,교차로 - 교차로안,승용,여,49세,상해없음,승용,남,55세,중상
2019040600100621,2019년 4월 6일 22시,토요일,강원도 춘천시 퇴계동,경상사고,0,0,1,0,차대차 - 측면충돌,안전거리미확보,젖음/습기,흐림,단일로 - 기타,승용,남,46세,상해없음,승용,남,30세,경상
2019040700100127,2019년 4월 7일 09시,일요일,강원도 횡성군 청일면,경상사고,0,0,1,0,차대차 - 측면충돌,교차로운행방법위반,건조,맑음,교차로 - 교차로안,승용,남,56세,상해없음,화물,남,80세,경상
2019040700100180,2019년 4월 7일 11시,일요일,강원도 평창군 평창읍,경상사고,0,0,1,0,차대차 - 측면충돌,중앙선침범,건조,맑음,단일로 - 기타,승용,남,71세,상해없음,승용,여,67세,경상
2019040700100265,2019년 4월 7일 14시,일요일,강원도 철원군 철원읍,사망사고,1,0,0,0,차대차 - 측면충돌,교차로운행방법위반,건조,맑음,교차로 - 교차로안,승용,여,26세,상해없음,이륜,남,48세,사망
2019040700100341,2019년 4월 7일 16시,일요일,강원도 삼척시 근덕면,경상사고,0,0,2,0,차대차 - 측면충돌,직진우회전진행방해,건조,맑음,교차로 - 교차로안,승용,남,65세,상해없음,승용,남,44세,경상
2019040700100379,2019년 4월 7일 17시,일요일,강원도 고성군 토성면,경상사고,0,0,2,0,차대차 - 추돌,안전운전불이행,건조,맑음,교차로 - 교차로부근,화물,남,48세,상해없음,승용,여,52세,경상
2019040700100396,2019년 4월 7일 18시,일요일,강원도 춘천시 퇴계동,경상사고,0,0,1,0,차량단독 - 기타,기타,건조,맑음,단일로 - 기타,승합,남,53세,상해없음,,,,
2019040700100482,2019년 4월 7일 21시,일요일,강원도 원주시 일산동,경상사고,0,0,1,0,차대차 - 측면충돌,안전거리미확보,건조,맑음,단일로 - 기타,승용,남,59세,상해없음,승용,여,59세,경상
2019040800100063,2019년 4월 8일 05시,월요일,강원도 속초시 대포동,경상사고,0,0,1,0,차대사람 - 길가장자리구역통행중,안전운전불이행,건조,기타,단일로 - 기타,화물,남,75세,상해없음,보행자,남,30세,경상
2019040800100073,2019년 4월 8일 06시,월요일,강원도 원주시 소초면,경상사고,0,0,2,0,차대차 - 측면충돌,안전운전불이행,건조,맑음,교차로 - 교차로부근,승용,남,53세,상해없음,승용,여,25세,경상
2019040800100100,2019년 4월 8일 07시,월요일,강원도 춘천시 교동,중상사고,0,1,0,0,차대차 - 기타,안전거리미확보,건조,맑음,단일로 - 기타,승용,남,39세,상해없음,이륜,남,33세,중상
2019040800100287,2019년 4월 8일 12시,월요일,강원도 춘천시 사농동,경상사고,0,0,1,0,차대사람 - 보도통행중,안전운전불이행,건조,맑음,주차장 - 주차장,승용,여,30세,상해없음,보행자,여,38세,경상
2019040800100288,2019년 4월 8일 12시,월요일,강원도 강릉시 주문진읍,경상사고,0,0,1,0,차대사람 - 기타,안전운전불이행,건조,맑음,단일로 - 기타,원동기,남,60세,상해없음,보행자,여,80세,경상
2019040800100289,2019년 4월 8일 12시,월요일,강원도 동해시 평릉동,경상사고,0,0,1,0,차대차 - 추돌,안전운전불이행,건조,맑음,교차로 - 교차로부근,승용,남,30세,상해없음,승용,남,38세,경상
2019040800100323,2019년 4월 8일 13시,월요일,강원도 춘천시 온의동,중상사고,0,1,0,0,차대차 - 측면충돌,안전운전불이행,건조,맑음,단일로 - 기타,승용,여,67세,상해없음,이륜,여,76세,중상
2019040800100324,2019년 4월 8일 13시,월요일,강원도 홍천군 홍천읍,경상사고,0,0,1,0,차대차 - 기타,교차로운행방법위반,건조,맑음,교차로 - 교차로안,화물,남,58세,상해없음,이륜,남,52세,경상
2019040800100386,2019년 4월 8일 15시,월요일,강원도 춘천시 후평동,경상사고,0,0,1,0,차대차 - 측면충돌,교차로운행방법위반,건조,맑음,교차로 - 교차로안,승용,남,61세,상해없음,승용,여,49세,경상
2019040800100416,2019년 4월 8일 16시,월요일,강원도 동해시 천곡동,경상사고,0,0,1,0,차대차 - 추돌,안전운전불이행,건조,맑음,단일로 - 기타,승용,여,64세,상해없음,승용,여,38세,경상
2019040800100453,2019년 4월 8일 17시,월요일,강원도 양양군 양양읍,경상사고,0,0,1,0,차대차 - 측면충돌,안전운전불이행,건조,맑음,교차로 - 교차로부근,승용,남,83세,상해없음,승용,여,37세,경상
2019040800100454,2019년 4월 8일 17시,월요일,강원도 속초시 금호동,중상사고,0,1,0,0,차대사람 - 보도통행중,안전운전불이행,건조,맑음,교차로 - 교차로횡단보도내,승용,여,49세,상해없음,보행자,여,61세,중상
2019040800100544,2019년 4월 8일 19시,월요일,강원도 강릉시 옥천동,중상사고,0,1,0,0,차대차 - 측면충돌,중앙선침범,건조,맑음,교차로 - 교차로안,승용,남,29세,상해없음,승용,여,52세,중상
2019040800100545,2019년 4월 8일 19시,월요일,강원도 원주시 관설동,경상사고,0,0,1,1,차대차 - 측면충돌,안전운전불이행,건조,맑음,교차로 - 교차로안,화물,남,76세,부상신고,승용,남,24세,경상
2019040800100576,2019년 4월 8일 20시,월요일,강원도 춘천시 효자동,경상사고,0,0,2,0,차대차 - 측면충돌,안전운전불이행,건조,맑음,단일로 - 기타,승용,여,30세,경상,승용,여,58세,경상
2019040800100577,2019년 4월 8일 20시,월요일,강원도 원주시 단계동,경상사고,0,0,2,0,차대차 - 측면충돌,안전운전불이행,건조,맑음,교차로 - 교차로안,승용,남,22세,상해없음,승용,남,42세,경상
2019040800100578,2019년 4월 8일 20시,월요일,강원도 원주시 단계동,경상사고,0,0,4,0,차대차 - 측면충돌,직진우회전진행방해,건조,맑음,교차로 - 교차로안,승용,남,23세,상해없음,승용,남,26세,경상
2019040800100579,2019년 4월 8일 20시,월요일,강원도 삼척시 미로면,중상사고,0,3,0,0,차대차 - 정면충돌,중앙선침범,건조,맑음,단일로 - 기타,승용,여,61세,중상,승용,남,54세,중상
2019040800100648,2019년 4월 8일 23시,월요일,강원도 춘천시 동내면,중상사고,0,1,1,0,차대차 - 측면충돌,직진우회전진행방해,건조,맑음,교차로 - 교차로안,승용,여,56세,상해없음,승용,남,24세,중상
2019040800100649,2019년 4월 8일 23시,월요일,강원도 원주시 일산동,경상사고,0,0,1,0,차대사람 - 기타,안전운전불이행,건조,기타,교차로 - 교차로부근,승용,남,65세,상해없음,보행자,남,61세,경상
2019040900100027,2019년 4월 9일 00시,화요일,강원도 춘천시 효자동,경상사고,0,0,1,0,차대차 - 측면충돌,안전운전불이행,건조,맑음,단일로 - 기타,승용,남,60세,상해없음,이륜,남,18세,경상
2019040900100081,2019년 4월 9일 06시,화요일,강원도 원주시 반곡동,중상사고,0,1,0,0,차대차 - 추돌,안전거리미확보,건조,맑음,단일로 - 기타,승용,남,79세,상해없음,승용,여,48세,중상
2019040900100082,2019년 4월 9일 06시,화요일,강원도 양구군 동면,중상사고,0,6,2,0,차대차 - 정면충돌,안전운전불이행,건조,맑음,단일로 - 기타,화물,남,30세,상해없음,화물,남,50세,중상
2019040900100097,2019년 4월 9일 07시,화요일,강원도 원주시 호저면,경상사고,0,0,1,0,차대차 - 추돌,안전거리미확보,건조,맑음,교차로 - 교차로부근,승용,여,59세,상해없음,승용,남,50세,경상
2019040900100123,2019년 4월 9일 08시,화요일,강원도 속초시 교동,경상사고,0,0,2,0,차대사람 - 횡단중,보행자보호의무위반,건조,맑음,교차로 - 교차로횡단보도내,승용,여,59세,상해없음,보행자,남,31세,경상
2019040900100124,2019년 4월 9일 08시,화요일,강원도 영월군 영월읍,경상사고,0,0,1,0,차대차 - 측면충돌,안전운전불이행,건조,맑음,단일로 - 지하차도(도로)내,승용,남,67세,상해없음,승용,여,67세,경상
2019040900100125,2019년 4월 9일 08시,화요일,강원도 고성군 간성읍,경상사고,0,0,1,0,차대사람 - 길가장자리구역통행중,안전운전불이행,건조,맑음,단일로 - 기타,화물,남,28세,상해없음,보행자,남,35세,경상
2019040900100160,2019년 4월 9일 09시,화요일,강원도 고성군 토성면,경상사고,0,0,1,0,차대차 - 추돌,안전운전불이행,건조,맑음,교차로 - 교차로부근,화물,남,66세,상해없음,화물,남,64세,경상
2019040900100161,2019년 4월 9일 09시,화요일,강원도 동해시 천곡동,중상사고,0,1,0,0,차대차 - 측면충돌,안전운전불이행,건조,맑음,주차장 - 주차장,승용,남,62세,상해없음,자전거,남,66세,중상
2019040900100190,2019년 4월 9일 10시,화요일,강원도 원주시 관설동,경상사고,0,0,3,0,차대차 - 추돌,안전거리미확보,건조,맑음,단일로 - 기타,화물,남,54세,상해없음,승용,남,45세,경상
2019040900100293,2019년 4월 9일 14시,화요일,강원도 속초시 조양동,경상사고,0,0,4,0,차대차 - 추돌,안전운전불이행,건조,맑음,교차로 - 교차로부근,승용,남,40세,상해없음,승용,남,75세,경상
2019040900100294,2019년 4월 9일 14시,화요일,강원도 정선군 신동읍,중상사고,0,1,0,0,차대사람 - 횡단중,중앙선침범,건조,맑음,단일로 - 기타,승합,남,43세,상해없음,보행자,여,23세,중상
2019040900100327,2019년 4월 9일 15시,화요일,강원도 원주시 단구동,경상사고,0,0,1,0,차대차 - 후진중충돌,중앙선침범,건조,맑음,단일로 - 기타,승용,여,60세,상해없음,승용,여,46세,경상
2019040900100328,2019년 4월 9일 15시,화요일,강원도 속초시 청호동,중상사고,0,1,0,0,차대사람 - 차도통행중,안전운전불이행,건조,맑음,단일로 - 지하차도(도로)내,승용,여,64세,상해없음,보행자,남,73세,중상
2019040900100356,2019년 4월 9일 16시,화요일,강원도 고성군 토성면,경상사고,0,0,1,0,차대차 - 추돌,안전거리미확보,건조,맑음,교차로 - 교차로부근,승용,남,50세,상해없음,승용,여,37세,경상
2019040900100439,2019년 4월 9일 18시,화요일,강원도 원주시 흥업면,경상사고,0,0,3,0,차대차 - 측면충돌,교차로운행방법위반,젖음/습기,비,교차로 - 교차로안,승용,여,27세,상해없음,승합,남,56세,경상
2019040900100440,2019년 4월 9일 18시,화요일,강원도 동해시 동회동,사망사고,1,0,0,0,차대사람 - 횡단중,보행자보호의무위반,젖음/습기,비,교차로 - 교차로부근,승용,남,33세,상해없음,보행자,여,69세,사망
2019040900100493,2019년 4월 9일 19시,화요일,강원도 춘천시 사농동,경상사고,0,0,1,0,차대차 - 측면충돌,안전거리미확보,젖음/습기,비,교차로 - 교차로부근,승용,남,52세,상해없음,화물,남,48세,경상
2019040900100494,2019년 4월 9일 19시,화요일,강원도 춘천시 후평동,경상사고,0,0,1,0,차대차 - 측면충돌,교차로운행방법위반,젖음/습기,비,교차로 - 교차로안,승용,남,59세,상해없음,승용,여,25세,경상
2019040900100495,2019년 4월 9일 19시,화요일,강원도 동해시 천곡동,경상사고,0,0,1,0,차대차 - 측면충돌,교차로운행방법위반,젖음/습기,비,교차로 - 교차로안,승용,여,54세,상해없음,승용,남,54세,경상
2019040900100551,2019년 4월 9일 20시,화요일,강원도 춘천시 효자동,경상사고,0,0,1,0,차대차 - 측면충돌,신호위반,건조,맑음,교차로 - 교차로안,승용,남,57세,상해없음,승용,여,30세,경상
2019040900100609,2019년 4월 9일 21시,화요일,강원도 원주시 무실동,경상사고,0,0,4,0,차대차 - 측면충돌,신호위반,젖음/습기,비,교차로 - 교차로안,승용,남,67세,상해없음,승용,남,27세,경상
2019040900100610,2019년 4월 9일 21시,화요일,강원도 속초시 영랑동,중상사고,0,1,0,0,차대사람 - 횡단중,안전운전불이행,젖음/습기,비,교차로 - 교차로안,승용,남,48세,상해없음,보행자,남,53세,중상
2019040900100672,2019년 4월 9일 22시,화요일,강원도 춘천시 효자동,경상사고,0,0,1,0,차대차 - 기타,안전운전불이행,젖음/습기,비,단일로 - 기타,이륜,남,45세,상해없음,승용,여,45세,경상
2019040900100673,2019년 4월 9일 22시,화요일,강원도 강릉시 노암동,경상사고,0,0,1,0,차대차 - 측면충돌,신호위반,젖음/습기,비,교차로 - 교차로안,승용,여,54세,상해없음,승용,여,27세,경상
2019040900100674,2019년 4월 9일 22시,화요일,강원도 고성군 토성면,경상사고,0,0,1,0,차대차 - 측면충돌,신호위반,젖음/습기,비,교차로 - 교차로안,승용,남,37세,상해없음,승용,여,60세,경상
2019040900100727,2019년 4월 9일 23시,화요일,강원도 강릉시 임당동,경상사고,0,0,1,0,차대차 - 추돌,안전거리미확보,젖음/습기,비,단일로 - 기타,승용,남,30세,상해없음,승용,남,57세,경상
2019040900100728,2019년 4월 9일 23시,화요일,강원도 강릉시 홍제동,경상사고,0,0,2,0,차대차 - 측면충돌,안전운전불이행,젖음/습기,비,교차로 - 교차로부근,승용,남,34세,상해없음,승용,남,46세,경상
2019040900100729,2019년 4월 9일 23시,화요일,강원도 영월군 남면,중상사고,0,1,0,1,차량단독 - 공작물충돌,안전운전불이행,적설,눈,단일로 - 기타,승합,남,58세,상해없음,,,,
2019040900100730,2019년 4월 9일 23시,화요일,강원도 홍천군 홍천읍,경상사고,0,0,2,0,차대차 - 추돌,안전운전불이행,젖음/습기,비,단일로 - 기타,승용,여,47세,상해없음,승용,남,63세,경상
2019041000100061,2019년 4월 10일 01시,수요일,강원도 춘천시 후평동,경상사고,0,0,1,0,차대차 - 정면충돌,안전운전불이행,젖음/습기,비,교차로 - 교차로안,승용,여,58세,상해없음,승용,남,57세,경상
2019041000100182,2019년 4월 10일 09시,수요일,강원도 원주시 지정면,경상사고,0,0,2,0,차대차 - 기타,직진우회전진행방해,건조,맑음,교차로 - 교차로부근,승용,남,31세,상해없음,승용,여,58세,경상
2019041000100254,2019년 4월 10일 11시,수요일,강원도 원주시 단구동,경상사고,0,0,1,0,차대차 - 측면충돌,직진우회전진행방해,건조,맑음,교차로 - 교차로안,승용,남,57세,상해없음,승용,여,45세,경상
2019041000100282,2019년 4월 10일 12시,수요일,강원도 원주시 태장동,경상사고,0,0,1,0,차대차 - 측면충돌,안전거리미확보,건조,맑음,교차로 - 교차로부근,승용,남,28세,상해없음,승합,남,45세,경상
2019041000100307,2019년 4월 10일 13시,수요일,강원도 강릉시 왕산면,중상사고,0,1,0,0,차대사람 - 횡단중,안전운전불이행,젖음/습기,눈,단일로 - 기타,승용,여,62세,상해없음,보행자,여,66세,중상
2019041000100308,2019년 4월 10일 13시,수요일,강원도 양양군 강현면,경상사고,0,0,2,0,차대차 - 추돌,안전운전불이행,젖음/습기,비,단일로 - 지하차도(도로)내,승용,남,72세,상해없음,승합,남,35세,상해없음
2019041000100309,2019년 4월 10일 13시,수요일,강원도 인제군 기린면,경상사고,0,0,1,0,차대차 - 추돌,안전운전불이행,건조,맑음,교차로 - 교차로안,승용,남,73세,상해없음,승용,여,23세,경상
2019041000100339,2019년 4월 10일 14시,수요일,강원도 춘천시 조양동,경상사고,0,0,1,0,차대차 - 측면충돌,교차로운행방법위반,젖음/습기,비,교차로 - 교차로안,승용,남,63세,상해없음,승용,남,52세,경상
2019041000100340,2019년 4월 10일 14시,수요일,강원도 삼척시 교동,경상사고,0,0,1,0,차대차 - 측면충돌,교차로운행방법위반,건조,맑음,교차로 - 교차로안,승용,남,37세,상해없음,승용,남,31세,경상
2019041000100365,2019년 4월 10일 15시,수요일,강원도 동해시 천곡동,경상사고,0,0,1,0,차대차 - 측면충돌,안전운전불이행,젖음/습기,비,교차로 - 교차로안,승용,남,60세,상해없음,승용,남,41세,경상
2019041000100432,2019년 4월 10일 17시,수요일,강원도 양양군 강현면,경상사고,0,0,1,0,차대차 - 측면충돌,교차로운행방법위반,건조,흐림,교차로 - 교차로안,승용,남,59세,상해없음,승용,남,33세,경상