사고번호,사고일시,요일,시군구,사고내용,사망자수,중상자수,경상자수,부상신고자수,사고유형,법규위반,노면상태,기상상태,도로형태,가해운전자 차종,가해운전자 성별,가해운전자 연령,가해운전자 상해정도,피해운전자 차종,피해운전자 성별,피해운전자 연령,피해운전자 상해정도
2019043000100045,2019년 4월 30일 02시,화요일,강원도 고성군 토성면,경상사고,0,0,1,0,차대사람 - 기타,안전운전불이행,건조,맑음,교차로 - 교차로부근,승용,남,23세,상해없음,보행자,남,38세,경상
2019043000100067,2019년 4월 30일 05시,화요일,강원도 원주시 일산동,중상사고,0,1,0,0,차대차 - 측면충돌,교차로운행방법위반,건조,맑음,교차로 - 교차로안,승용,여,62세,상해없음,승용,여,56세,중상
2019043000100068,2019년 4월 30일 05시,화요일,강원도 양구군 양구읍,경상사고,0,0,1,0,차대차 - 정면충돌,교차로운행방법위반,건조,맑음,교차로 - 교차로안,승용,남,64세,상해없음,승용,남,37세,경상
2019043000100075,2019년 4월 30일 06시,화요일,강원도 홍천군 홍천읍,경상사고,0,0,1,0,차대사람 - 기타,안전운전불이행,건조,맑음,단일로 - 기타,이륜,여,48세,상해없음,보행자,남,51세,경상
2019043000100094,2019년 4월 30일 07시,화요일,강원도 춘천시 삼천동,경상사고,0,0,1,0,차대차 - 추돌,안전거리미확보,건조,맑음,단일로 - 기타,승용,남,38세,상해없음,승용,남,64세,경상
2019043000100124,2019년 4월 30일 08시,화요일,강원도 춘천시 칠전동,경상사고,0,0,2,0,차대차 - 기타,안전거리미확보,건조,맑음,단일로 - 기타,승용,남,26세,상해없음,승용,여,54세,경상
2019043000100164,2019년 4월 30일 09시,화요일,강원도 춘천시 우두동,경상사고,0,0,1,0,차대차 - 기타,안전운전불이행,건조,맑음,교차로 - 교차로부근,기타불명,기타불명,미분류,기타불명,승용,여,64세,경상
2019043000100165,2019년 4월 30일 09시,화요일,강원도 강릉시 입암동,경상사고,0,0,1,0,차대차 - 측면충돌,안전운전불이행,건조,맑음,교차로 - 교차로안,건설기계,남,37세,상해없음,승용,여,59세,경상
2019043000100199,2019년 4월 30일 10시,화요일,강원도 원주시 명륜동,경상사고,0,0,1,0,차대사람 - 기타,안전운전불이행,건조,맑음,단일로 - 기타,승합,남,61세,상해없음,보행자,여,67세,경상
2019043000100229,2019년 4월 30일 11시,화요일,강원도 원주시 우산동,중상사고,0,2,3,0,차대차 - 측면충돌,안전거리미확보,건조,맑음,교차로 - 교차로부근,승용,남,35세,상해없음,승용,여,45세,경상
2019043000100268,2019년 4월 30일 12시,화요일,강원도 원주시 태장동,중상사고,0,1,0,0,차대차 - 측면충돌,교차로운행방법위반,건조,맑음,교차로 - 교차로안,승용,남,59세,상해없음,이륜,남,38세,중상
2019043000100319,2019년 4월 30일 14시,화요일,강원도 춘천시 근화동,경상사고,0,0,2,0,차대차 - 측면충돌,안전거리미확보,건조,맑음,단일로 - 기타,승용,남,78세,상해없음,승용,여,42세,경상
2019043000100320,2019년 4월 30일 14시,화요일,강원도 태백시 황지동,중상사고,0,1,0,0,차대사람 - 횡단중,보행자보호의무위반,건조,맑음,단일로 - 기타,승용,여,39세,상해없음,보행자,여,74세,중상
2019043000100356,2019년 4월 30일 15시,화요일,강원도 속초시 중앙동,경상사고,0,0,1,0,차대사람 - 횡단중,보행자보호의무위반,건조,맑음,교차로 - 교차로횡단보도내,승용,남,52세,상해없음,보행자,여,78세,경상
2019043000100357,2019년 4월 30일 15시,화요일,강원도 영월군 영월읍,경상사고,0,0,1,0,차대차 - 추돌,안전거리미확보,건조,맑음,교차로 - 교차로부근,승용,여,52세,상해없음,승용,여,62세,경상
2019043000100483,2019년 4월 30일 18시,화요일,강원도 춘천시 효자동,경상사고,0,0,2,0,차대차 - 기타,직진우회전진행방해,건조,맑음,교차로 - 교차로안,승용,여,53세,상해없음,승용,남,54세,경상
2019043000100517,2019년 4월 30일 19시,화요일,강원도 강릉시 주문진읍,경상사고,0,0,1,0,차대사람 - 횡단중,안전운전불이행,건조,맑음,단일로 - 기타,이륜,남,17세,상해없음,보행자,여,35세,경상
2019043000100518,2019년 4월 30일 19시,화요일,강원도 원주시 단구동,경상사고,0,0,1,0,차대사람 - 횡단중,보행자보호의무위반,건조,맑음,교차로 - 교차로횡단보도내,승용,남,38세,상해없음,보행자,여,31세,경상
2019043000100519,2019년 4월 30일 19시,화요일,강원도 동해시 구미동,경상사고,0,0,1,0,차대차 - 측면충돌,안전운전불이행,건조,맑음,교차로 - 교차로안,승용,남,59세,상해없음,승용,여,59세,경상
2019043000100547,2019년 4월 30일 20시,화요일,강원도 동해시 천곡동,경상사고,0,0,1,0,차대차 - 측면충돌,신호위반,건조,맑음,교차로 - 교차로안,승용,남,26세,상해없음,승용,남,64세,경상
2019050100100101,2019년 5월 1일 05시,수요일,강원도 원주시 태장동,경상사고,0,0,1,0,차대차 - 추돌,안전거리미확보,건조,맑음,교차로 - 교차로부근,화물,남,67세,상해없음,화물,남,48세,경상
2019050100100156,2019년 5월 1일 09시,수요일,강원도 춘천시 동면,경상사고,0,0,2,0,차대차 - 추돌,안전운전불이행,건조,맑음,단일로 - 기타,화물,남,44세,경상,승용,남,72세,경상
2019050100100157,2019년 5월 1일 09시,수요일,강원도 원주시 평원동,경상사고,0,0,2,1,차대차 - 기타,안전운전불이행,건조,맑음,단일로 - 기타,화물,남,63세,부상신고,승용,여,60세,경상
2019050100100193,2019년 5월 1일 11시,수요일,강원도 원주시 명륜동,경상사고,0,0,2,0,차대차 - 측면충돌,중앙선침범,건조,맑음,단일로 - 기타,승용,여,37세,상해없음,승용,남,52세,경상
2019050100100237,2019년 5월 1일 12시,수요일,강원도 홍천군 홍천읍,경상사고,0,0,1,0,차대사람 - 기타,안전운전불이행,건조,맑음,단일로 - 기타,원동기,남,80세,상해없음,보행자,여,58세,경상
2019050100100272,2019년 5월 1일 13시,수요일,강원도 원주시 행구동,경상사고,0,0,1,0,차대사람 - 기타,안전운전불이행,건조,맑음,주차장 - 주차장,승용,남,29세,상해없음,보행자,여,39세,경상
2019050100100307,2019년 5월 1일 14시,수요일,강원도 삼척시 미로면,경상사고,0,0,1,0,차대차 - 측면충돌,안전운전불이행,건조,맑음,단일로 - 지하차도(도로)내,승용,남,65세,상해없음,화물,남,61세,경상
2019050100100383,2019년 5월 1일 16시,수요일,강원도 홍천군 남면,경상사고,0,0,2,0,차대차 - 기타,중앙선침범,건조,맑음,단일로 - 기타,승용,남,31세,상해없음,화물,남,59세,경상
2019050100100460,2019년 5월 1일 18시,수요일,강원도 동해시 동회동,경상사고,0,0,1,0,차대차 - 추돌,안전운전불이행,건조,맑음,교차로 - 교차로부근,승용,남,34세,상해없음,승용,남,63세,경상
2019050100100487,2019년 5월 1일 19시,수요일,강원도 홍천군 홍천읍,경상사고,0,0,1,0,차대차 - 기타,안전운전불이행,건조,맑음,단일로 - 기타,자전거,남,53세,경상,승용,여,47세,상해없음
2019050100100518,2019년 5월 1일 20시,수요일,강원도 원주시 개운동,경상사고,0,0,2,0,차대차 - 측면충돌,직진우회전진행방해,건조,맑음,교차로 - 교차로안,화물,남,48세,상해없음,이륜,남,17세,경상
2019050100100567,2019년 5월 1일 22시,수요일,강원도 춘천시 석사동,경상사고,0,0,3,0,차대차 - 측면충돌,안전운전불이행,건조,맑음,교차로 - 교차로안,이륜,남,39세,경상,승용,남,64세,경상
2019050200100027,2019년 5월 2일 00시,목요일,강원도 강릉시 홍제동,중상사고,0,1,1,0,차대차 - 측면충돌,신호위반,건조,맑음,교차로 - 교차로안,승용,남,31세,상해없음,승용,남,67세,중상
2019050200100090,2019년 5월 2일 07시,목요일,강원도 강릉시 홍제동,경상사고,0,0,1,0,차대차 - 측면충돌,안전운전불이행,건조,맑음,단일로 - 기타,승용,여,53세,상해없음,이륜,남,76세,경상
2019050200100091,2019년 5월 2일 07시,목요일,강원도 원주시 태장동,경상사고,0,0,1,0,차대차 - 측면충돌,안전운전불이행,건조,맑음,단일로 - 기타,승용,남,48세,상해없음,승용,남,58세,경상
2019050200100131,2019년 5월 2일 08시,목요일,강원도 춘천시 후평동,경상사고,0,0,1,0,차대사람 - 기타,보행자보호의무위반,건조,맑음,교차로 - 교차로횡단보도내,승용,남,74세,상해없음,보행자,여,56세,경상
2019050200100132,2019년 5월 2일 08시,목요일,강원도 강릉시 노암동,경상사고,0,0,1,0,차대차 - 측면충돌,안전운전불이행,건조,맑음,단일로 - 기타,승용,남,62세,상해없음,승합,남,47세,경상
2019050200100133,2019년 5월 2일 08시,목요일,강원도 홍천군 서면,사망사고,1,3,1,0,차대차 - 측면충돌,중앙선침범,건조,맑음,단일로 - 기타,승용,남,79세,사망,화물,남,60세,경상
2019050200100134,2019년 5월 2일 08시,목요일,강원도 홍천군 홍천읍,경상사고,0,0,1,0,차대차 - 추돌,안전운전불이행,건조,맑음,교차로 - 교차로부근,승합,남,63세,상해없음,이륜,남,78세,경상
2019050200100135,2019년 5월 2일 08시,목요일,강원도 동해시 천곡동,경상사고,0,0,1,0,차대차 - 측면충돌,안전운전불이행,건조,맑음,교차로 - 교차로안,승용,여,69세,상해없음,승용,여,52세,경상
2019050200100184,2019년 5월 2일 09시,목요일,강원도 삼척시 등봉동,경상사고,0,0,1,0,차대차 - 추돌,안전거리미확보,건조,맑음,교차로 - 교차로부근,건설기계,남,45세,상해없음,승용,여,32세,경상
2019050200100219,2019년 5월 2일 10시,목요일,강원도 강릉시 홍제동,경상사고,0,0,1,0,차대차 - 측면충돌,신호위반,건조,맑음,교차로 - 교차로안,승용,남,45세,상해없음,승용,남,74세,경상
2019050200100357,2019년 5월 2일 14시,목요일,강원도 원주시 단계동,경상사고,0,0,1,0,차대차 - 측면충돌,안전운전불이행,건조,맑음,교차로 - 교차로안,승용,남,40세,상해없음,승합,남,46세,경상
2019050200100358,2019년 5월 2일 14시,목요일,강원도 양구군 양구읍,중상사고,0,1,0,0,차대사람 - 차도통행중,보행자보호의무위반,건조,맑음,교차로 - 교차로안,화물,남,56세,상해없음,보행자,여,52세,중상
2019050200100399,2019년 5월 2일 15시,목요일,강원도 강릉시 홍제동,경상사고,0,0,1,0,차대차 - 측면충돌,신호위반,건조,맑음,교차로 - 교차로안,승용,여,48세,상해없음,승용,여,37세,경상
2019050200100400,2019년 5월 2일 15시,목요일,강원도 철원군 근남면,사망사고,1,0,1,0,차대차 - 측면충돌,직진우회전진행방해,건조,맑음,교차로 - 교차로안,화물,남,65세,사망,건설기계,남,36세,경상
2019050200100436,2019년 5월 2일 16시,목요일,강원도 춘천시 남산면,사망사고,1,0,0,0,차대사람 - 기타,안전운전불이행,건조,맑음,단일로 - 기타,화물,남,54세,상해없음,보행자,여,64세,사망
2019050200100437,2019년 5월 2일 16시,목요일,강원도 태백시 황지동,경상사고,0,0,1,0,차대차 - 측면충돌,안전운전불이행,건조,맑음,교차로 - 교차로안,승용,여,62세,상해없음,승용,남,37세,경상
2019050200100484,2019년 5월 2일 17시,목요일,강원도 홍천군 북방면,부상신고사고,0,0,0,1,차대차 - 기타,안전운전불이행,건조,맑음,단일로 - 기타,승용,여,64세,상해없음,승용,여,31세,부상신고
2019050200100584,2019년 5월 2일 19시,목요일,강원도 강릉시 옥계면,중상사고,0,1,0,0,차대차 - 기타,중앙선침범,건조,맑음,단일로 - 기타,승용,남,59세,상해없음,자전거,남,51세,중상
2019050200100585,2019년 5월 2일 19시,목요일,강원도 동해시 발한동,경상사고,0,0,1,0,차대사람 - 횡단중,안전운전불이행,건조,맑음,교차로 - 교차로안,승용,남,70세,상해없음,보행자,여,61세,경상
2019050200100645,2019년 5월 2일 21시,목요일,강원도 춘천시 옥천동,경상사고,0,0,2,0,차대차 - 후진중충돌,안전운전불이행,건조,맑음,교차로 - 교차로부근,승용,남,58세,상해없음,승용,여,24세,경상
2019050300100049,2019년 5월 3일 01시,금요일,강원도 춘천시 석사동,중상사고,0,3,0,0,차대차 - 기타,안전운전불이행,건조,맑음,교차로 - 교차로안,화물,남,57세,중상,승용,남,55세,중상
2019050300100079,2019년 5월 3일 05시,금요일,강원도 속초시 청호동,중상사고,0,1,0,0,차대차 - 정면충돌,안전운전불이행,건조,맑음,교차로 - 교차로안,승용,여,26세,상해없음,사륜오토바이(ATV),여,58세,중상
2019050300100115,2019년 5월 3일 07시,금요일,강원도 원주시 개운동,사망사고,1,0,0,0,차량단독 - 전도전복 - 전도,안전운전불이행,건조,맑음,교차로 - 교차로부근,자전거,남,81세,사망,,,,
2019050300100145,2019년 5월 3일 08시,금요일,강원도 춘천시 신동면,중상사고,0,1,1,0,차대차 - 정면충돌,중앙선침범,건조,맑음,단일로 - 기타,승용,여,48세,경상,승용,남,60세,중상
2019050300100146,2019년 5월 3일 08시,금요일,강원도 춘천시 효자동,경상사고,0,0,1,0,차대차 - 추돌,안전거리미확보,건조,맑음,단일로 - 기타,승용,여,38세,상해없음,승용,여,29세,경상
2019050300100147,2019년 5월 3일 08시,금요일,강원도 원주시 단구동,경상사고,0,0,1,0,차대차 - 추돌,신호위반,건조,맑음,교차로 - 교차로안,승용,남,24세,상해없음,승용,남,47세,경상
2019050300100148,2019년 5월 3일 08시,금요일,강원도 홍천군 홍천읍,경상사고,0,0,1,0,차대차 - 기타,교차로운행방법위반,건조,맑음,교차로 - 교차로안,승용,여,54세,상해없음,이륜,남,27세,경상
2019050300100198,2019년 5월 3일 09시,금요일,강원도 원주시 단계동,부상신고사고,0,0,0,1,차대차 - 추돌,안전운전불이행,건조,맑음,교차로 - 교차로안,자전거,여,20세,부상신고,승용,남,59세,상해없음
2019050300100229,2019년 5월 3일 10시,금요일,강원도 속초시 교동,중상사고,0,1,0,0,차대차 - 측면충돌,안전운전불이행,건조,맑음,단일로 - 지하차도(도로)내,승용,남,56세,상해없음,자전거,남,76세,중상
2019050300100378,2019년 5월 3일 14시,금요일,강원도 원주시 단계동,경상사고,0,0,1,0,차대차 - 정면충돌,직진우회전진행방해,건조,맑음,교차로 - 교차로안,승용,남,57세,상해없음,이륜,남,62세,경상
2019050300100414,2019년 5월 3일 15시,금요일,강원도 강릉시 내곡동,중상사고,0,1,0,0,차대차 - 측면충돌,중앙선침범,건조,맑음,단일로 - 기타,승용,여,62세,상해없음,이륜,남,24세,중상
2019050300100462,2019년 5월 3일 16시,금요일,강원도 강릉시 연곡면,경상사고,0,0,1,0,차대차 - 측면충돌,안전운전불이행,건조,맑음,단일로 - 기타,승용,여,58세,상해없음,승용,남,56세,경상
2019050300100521,2019년 5월 3일 17시,금요일,강원도 평창군 평창읍,중상사고,0,1,0,0,차대차 - 측면충돌,신호위반,건조,맑음,교차로 - 교차로안,화물,남,18세,상해없음,승용,여,57세,중상
2019050300100522,2019년 5월 3일 17시,금요일,강원도 동해시 북평동,경상사고,0,0,1,0,차대사람 - 차도통행중,안전운전불이행,건조,맑음,교차로 - 교차로부근,승용,남,35세,상해없음,보행자,남,57세,경상
2019050300100583,2019년 5월 3일 18시,금요일,강원도 강릉시 교동,중상사고,0,1,4,0,차대차 - 추돌,안전운전불이행,건조,맑음,단일로 - 기타,승용,남,63세,상해없음,승용,여,43세,경상
2019050300100624,2019년 5월 3일 19시,금요일,강원도 춘천시 후평동,경상사고,0,0,1,0,차대차 - 기타,교차로운행방법위반,건조,맑음,교차로 - 교차로안,승용,남,32세,상해없음,승용,여,52세,경상
2019050300100655,2019년 5월 3일 20시,금요일,강원도 태백시 황지동,경상사고,0,0,1,0,차대사람 - 차도통행중,보행자보호의무위반,건조,맑음,단일로 - 기타,승용,남,22세,상해없음,보행자,남,45세,경상
2019050300100656,2019년 5월 3일 20시,금요일,강원도 태백시 황지동,경상사고,0,0,1,0,차대차 - 추돌,차로위반,건조,맑음,단일로 - 기타,승용,남,56세,상해없음,승용,남,65세,상해없음
2019050300100695,2019년 5월 3일 21시,금요일,강원도 원주시 단계동,경상사고,0,0,1,0,차대사람 - 횡단중,보행자보호의무위반,건조,맑음,교차로 - 교차로안,승용,남,59세,상해없음,보행자,여,81세,경상
2019050300100696,2019년 5월 3일 21시,금요일,강원도 동해시 부곡동,경상사고,0,0,1,0,차대사람 - 횡단중,보행자보호의무위반,건조,맑음,교차로 - 교차로횡단보도내,승용,남,59세,상해없음,보행자,여,74세,경상
2019050300100697,2019년 5월 3일 21시,금요일,강원도 동해시 천곡동,중상사고,0,1,0,0,차대사람 - 기타,안전운전불이행,기타,기타,단일로 - 기타,기타불명,기타불명,미분류,기타불명,보행자,남,55세,중상
2019050300100750,2019년 5월 3일 23시,금요일,강원도 강릉시 노암동,경상사고,0,0,2,0,차대사람 - 기타,안전운전불이행,건조,맑음,단일로 - 기타,승용,남,42세,상해없음,보행자,남,52세,경상
2019050400100115,2019년 5월 4일 06시,토요일,강원도 횡성군 우천면,중상사고,0,1,0,0,차대차 - 측면충돌,신호위반,건조,맑음,교차로 - 교차로안,화물,남,44세,상해없음,승용,여,62세,중상
2019050400100170,2019년 5월 4일 09시,토요일,강원도 춘천시 옥천동,경상사고,0,0,3,0,차대차 - 측면충돌,교차로운행방법위반,건조,맑음,교차로 - 교차로안,승용,남,72세,경상,승용,여,41세,경상
2019050400100240,2019년 5월 4일 11시,토요일,강원도 춘천시 동내면,경상사고,0,0,1,0,차대차 - 측면충돌,안전운전불이행,건조,맑음,단일로 - 기타,승용,남,44세,상해없음,화물,남,41세,경상
2019050400100241,2019년 5월 4일 11시,토요일,강원도 춘천시 효자동,부상신고사고,0,0,0,1,차대차 - 측면충돌,차로위반,건조,맑음,단일로 - 기타,승용,남,38세,상해없음,화물,남,67세,부상신고
2019050400100287,2019년 5월 4일 12시,토요일,강원도 동해시 천곡동,중상사고,0,2,2,0,차대차 - 측면충돌,안전운전불이행,건조,맑음,교차로 - 교차로안,승용,남,59세,상해없음,승용,남,69세,경상
2019050400100365,2019년 5월 4일 14시,토요일,강원도 양양군 강현면,경상사고,0,0,4,0,차대차 - 추돌,안전운전불이행,건조,맑음,교차로 - 교차로안,승합,여,39세,상해없음,승용,남,45세,경상
2019050400100366,2019년 5월 4일 14시,토요일,강원도 영월군 영월읍,부상신고사고,0,0,0,3,차대차 - 측면충돌,교차로운행방법위반,건조,맑음,교차로 - 교차로안,승용,남,50세,부상신고,승용,남,54세,부상신고
2019050400100367,2019년 5월 4일 14시,토요일,강원도 인제군 북면,중상사고,0,1,0,0,차대차 - 기타,신호위반,건조,맑음,교차로 - 교차로안,이륜,남,52세,상해없음,이륜,남,72세,상해없음
2019050400100368,2019년 5월 4일 14시,토요일,강원도 속초시 노학동,경상사고,0,0,2,0,차대차 - 측면충돌,안전운전불이행,건조,맑음,단일로 - 기타,승용,여,42세,상해없음,승용,남,24세,경상
2019050400100416,2019년 5월 4일 15시,토요일,강원도 춘천시 동면,경상사고,0,0,1,0,차대차 - 정면충돌,교차로운행방법위반,건조,맑음,교차로 - 교차로안,승용,남,32세,상해없음,이륜,남,27세,경상
2019050400100417,2019년 5월 4일 15시,토요일,강원도 원주시 단계동,부상신고사고,0,0,0,1,차대차 - 추돌,안전거리미확보,건조,맑음,교차로 - 교차로부근,건설기계,남,62세,상해없음,승용,남,42세,부상신고
2019050400100462,2019년 5월 4일 16시,토요일,강원도 속초시 교동,중상사고,0,1,2,0,차대차 - 추돌,안전운전불이행,건조,맑음,교차로 - 교차로부근,승용,여,48세,상해없음,승용,남,55세,상해없음
2019050400100492,2019년 5월 4일 17시,토요일,강원도 영월군 영월읍,중상사고,0,2,0,1,차대차 - 측면충돌,교차로운행방법위반,건조,맑음,교차로 - 교차로안,승용,여,38세,상해없음,화물,남,57세,부상신고
2019050400100535,2019년 5월 4일 18시,토요일,강원도 춘천시 온의동,경상사고,0,0,1,0,차대차 - 측면충돌,안전운전불이행,건조,맑음,단일로 - 기타,승용,여,43세,상해없음,승용,남,55세,경상
2019050400100536,2019년 5월 4일 18시,토요일,강원도 춘천시 퇴계동,경상사고,0,0,3,0,차대차 - 정면충돌,중앙선침범,건조,맑음,교차로 - 교차로부근,승용,남,29세,상해없음,승용,남,69세,경상
2019050400100537,2019년 5월 4일 18시,토요일,강원도 철원군 동송읍,중상사고,0,1,3,0,차대차 - 측면충돌,안전거리미확보,건조,맑음,단일로 - 기타,승용,남,64세,상해없음,승용,남,62세,경상
2019050400100597,2019년 5월 4일 20시,토요일,강원도 원주시 태장동,중상사고,0,1,0,0,차대사람 - 횡단중,안전운전불이행,건조,맑음,교차로 - 교차로안,승용,남,67세,기타불명,보행자,여,58세,중상
2019050400100667,2019년 5월 4일 22시,토요일,강원도 춘천시 석사동,경상사고,0,0,1,0,차대차 - 측면충돌,안전운전불이행,건조,맑음,단일로 - 기타,승용,여,52세,상해없음,승용,남,60세,상해없음
2019050400100668,2019년 5월 4일 22시,토요일,강원도 원주시 관설동,경상사고,0,0,3,0,차대차 - 측면충돌,직진우회전진행방해,건조,맑음,교차로 - 교차로안,승용,여,62세,경상,승용,남,56세,경상
2019050500100059,2019년 5월 5일 02시,일요일,강원도 원주시 단계동,사망사고,1,0,0,0,차대사람 - 차도통행중,안전운전불이행,건조,맑음,단일로 - 기타,승용,남,38세,상해없음,보행자,남,22세,사망
2019050500100089,2019년 5월 5일 06시,일요일,강원도 춘천시 신동면,경상사고,0,0,3,0,차대차 - 추돌,안전운전불이행,건조,맑음,단일로 - 기타,승용,여,29세,상해없음,화물,남,44세,경상
2019050500100090,2019년 5월 5일 06시,일요일,강원도 강릉시 왕산면,중상사고,0,1,0,0,차대차 - 측면충돌,안전운전불이행,건조,맑음,교차로 - 교차로안,승용,남,63세,상해없음,자전거,남,70세,중상
2019050500100109,2019년 5월 5일 08시,일요일,강원도 횡성군 우천면,중상사고,0,9,0,0,차대차 - 정면충돌,중앙선침범,건조,맑음,단일로 - 기타,승용,남,63세,중상,승합,남,59세,중상
2019050500100110,2019년 5월 5일 08시,일요일,강원도 철원군 철원읍,중상사고,0,1,0,0,차대차 - 측면충돌,교차로운행방법위반,건조,맑음,교차로 - 교차로안,승용,남,71세,상해없음,승용,남,30세,중상
2019050500100128,2019년 5월 5일 09시,일요일,강원도 춘천시 온의동,경상사고,0,0,2,0,차대차 - 측면충돌,안전운전불이행,건조,맑음,교차로 - 교차로부근,승용,남,63세,경상,화물,여,52세,경상
2019050500100129,2019년 5월 5일 09시,일요일,강원도 춘천시 신동면,경상사고,0,0,1,0,차대사람 - 기타,안전운전불이행,건조,맑음,교차로 - 교차로부근,승합,남,57세,상해없음,보행자,남,47세,경상
2019050500100153,2019년 5월 5일 10시,일요일,강원도 철원군 갈말읍,경상사고,0,0,2,0,차대차 - 측면충돌,안전운전불이행,건조,맑음,단일로 - 기타,승용,남,63세,경상,승용,남,35세,경상
2019050500100207,2019년 5월 5일 12시,일요일,강원도 춘천시 석사동,경상사고,0,0,2,0,차대차 - 추돌,안전거리미확보,건조,맑음,교차로 - 교차로안,화물,남,56세,상해없음,승용,남,64세,경상
2019050500100208,2019년 5월 5일 12시,일요일,강원도 양구군 양구읍,중상사고,0,2,1,0,차대차 - 정면충돌,직진우회전진행방해,건조,맑음,교차로 - 교차로안,승용,여,51세,중상,승용,남,30세,상해없음
2019050500100244,2019년 5월 5일 13시,일요일,강원도 춘천시 사농동,경상사고,0,0,2,0,차대차 - 추돌,안전거리미확보,건조,맑음,단일로 - 기타,화물,남,64세,상해없음,승용,남,59세,경상
2019050500100245,2019년 5월 5일 13시,일요일,강원도 강릉시 주문진읍,부상신고사고,0,0,0,1,차대사람 - 차도통행중,기타,건조,맑음,단일로 - 기타,기타불명,기타불명,미분류,기타불명,보행자,남,25세,부상신고
2019050500100246,2019년 5월 5일 13시,일요일,강원도 강릉시 교동,경상사고,0,0,2,0,차대차 - 추돌,안전운전불이행,건조,맑음,교차로 - 교차로부근,승용,남,23세,상해없음,승용,여,45세,경상
2019050500100247,2019년 5월 5일 13시,일요일,강원도 원주시 소초면,중상사고,0,1,0,0,차대차 - 정면충돌,중앙선침범,건조,맑음,단일로 - 기타,화물,남,64세,상해없음,승용,여,49세,중상
2019050500100248,2019년 5월 5일 13시,일요일,강원도 양양군 서면,중상사고,0,1,3,0,차대차 - 측면충돌,기타,건조,맑음,교차로 - 교차로안,이륜,남,57세,중상,승용,남,42세,경상
2019050500100249,2019년 5월 5일 13시,일요일,강원도 삼척시 하장면,중상사고,0,1,0,0,차량단독 - 공작물충돌,안전운전불이행,건조,맑음,단일로 - 기타,원동기,남,56세,중상,,,,
2019050500100250,2019년 5월 5일 13시,일요일,강원도 동해시 천곡동,경상사고,0,0,1,0,차대차 - 측면충돌,중앙선침범,건조,맑음,단일로 - 기타,화물,여,64세,상해없음,승용,여,45세,경상
2019050500100293,2019년 5월 5일 14시,일요일,강원도 원주시 일산동,중상사고,0,1,2,2,차대차 - 측면충돌,안전운전불이행,건조,맑음,기타 - 기타,승용,남,40세,상해없음,승용,남,69세,상해없음
2019050500100334,2019년 5월 5일 15시,일요일,강원도 홍천군 홍천읍,중상사고,0,1,4,0,차대차 - 측면충돌,교차로운행방법위반,건조,맑음,교차로 - 교차로안,승합,남,47세,상해없음,화물,남,42세,경상
2019050500100382,2019년 5월 5일 16시,일요일,강원도 춘천시 동내면,경상사고,0,0,4,0,차대차 - 측면충돌,안전운전불이행,건조,맑음,교차로 - 교차로안,승용,여,46세,상해없음,승용,남,35세,경상
2019050500100383,2019년 5월 5일 16시,일요일,강원도 강릉시 내곡동,중상사고,0,1,0,0,차대차 - 기타,신호위반,건조,맑음,교차로 - 교차로안,승용,남,60세,상해없음,원동기,남,25세,중상
2019050500100384,2019년 5월 5일 16시,일요일,강원도 동해시 구호동,중상사고,0,1,1,0,차대차 - 측면충돌,직진우회전진행방해,건조,맑음,교차로 - 교차로안,승용,여,29세,상해없음,건설기계,남,61세,경상
2019050500100421,2019년 5월 5일 17시,일요일,강원도 양양군 서면,중상사고,0,1,0,0,차대차 - 측면충돌,안전운전불이행,건조,맑음,단일로 - 기타,승용,남,74세,상해없음,이륜,남,21세,중상
2019050500100456,2019년 5월 5일 18시,일요일,강원도 속초시 청학동,중상사고,0,2,2,0,차대차 - 정면충돌,중앙선침범,건조,맑음,단일로 - 지하차도(도로)내,승용,남,34세,상해없음,승용,남,50세,중상
2019050500100491,2019년 5월 5일 19시,일요일,강원도 삼척시 도계읍,경상사고,0,0,1,0,차대차 - 정면충돌,중앙선침범,건조,흐림,단일로 - 기타,승용,여,61세,상해없음,승용,남,35세,경상
2019050500100553,2019년 5월 5일 21시,일요일,강원도 화천군 하남면,경상사고,0,0,2,0,차대사람 - 차도통행중,안전운전불이행,건조,맑음,단일로 - 기타,승용,남,53세,상해없음,보행자,여,48세,경상
2019050500100610,2019년 5월 5일 23시,일요일,강원도 춘천시 동면,경상사고,0,0,1,0,차대차 - 추돌,안전운전불이행,건조,맑음,단일로 - 기타,승용,남,52세,기타불명,화물,남,46세,경상
2019050600100129,2019년 5월 6일 09시,월요일,강원도 춘천시 후평동,경상사고,0,0,1,0,차대차 - 측면충돌,중앙선침범,건조,맑음,단일로 - 기타,승용,남,29세,상해없음,승용,남,35세,경상
2019050600100130,2019년 5월 6일 09시,월요일,강원도 강릉시 성남동,경상사고,0,0,1,0,차대차 - 측면충돌,안전운전불이행,건조,맑음,교차로 - 교차로안,승용,남,61세,상해없음,승용,남,62세,상해없음
2019050600100156,2019년 5월 6일 10시,월요일,강원도 강릉시 성산면,경상사고,0,0,1,0,차대차 - 정면충돌,중앙선침범,건조,맑음,단일로 - 기타,이륜,남,48세,상해없음,승용,남,58세,경상
2019050600100210,2019년 5월 6일 12시,월요일,강원도 원주시 흥업면,중상사고,0,1,0,0,차대차 - 측면충돌,안전거리미확보,건조,맑음,단일로 - 기타,승용,남,46세,상해없음,농기계,남,56세,중상