사고번호,사고일시,요일,시군구,사고내용,사망자수,중상자수,경상자수,부상신고자수,사고유형,법규위반,노면상태,기상상태,도로형태,가해운전자 차종,가해운전자 성별,가해운전자 연령,가해운전자 상해정도,피해운전자 차종,피해운전자 성별,피해운전자 연령,피해운전자 상해정도
2019051200100400,2019년 5월 12일 17시,일요일,강원도 강릉시 왕산면,경상사고,0,0,1,0,차대차 - 정면충돌,중앙선침범,젖음/습기,비,교차로 - 교차로부근,승용,남,51세,상해없음,승용,여,25세,경상
2019051200100401,2019년 5월 12일 17시,일요일,강원도 홍천군 홍천읍,경상사고,0,0,1,0,차대차 - 기타,안전운전불이행,건조,맑음,단일로 - 기타,자전거,남,77세,경상,승용,여,29세,상해없음
2019051200100463,2019년 5월 12일 19시,일요일,강원도 강릉시 주문진읍,경상사고,0,0,2,0,차대차 - 측면충돌,안전운전불이행,건조,맑음,교차로 - 교차로안,승용,여,59세,상해없음,승용,남,54세,경상
2019051200100464,2019년 5월 12일 19시,일요일,강원도 홍천군 서석면,경상사고,0,0,1,0,차대차 - 기타,안전운전불이행,건조,맑음,단일로 - 기타,승용,남,57세,상해없음,승용,남,25세,경상
2019051200100491,2019년 5월 12일 20시,일요일,강원도 강릉시 교동,경상사고,0,0,1,0,차대차 - 측면충돌,안전운전불이행,건조,맑음,단일로 - 기타,승합,남,60세,상해없음,원동기,남,27세,경상
2019051200100517,2019년 5월 12일 21시,일요일,강원도 횡성군 우천면,경상사고,0,0,1,0,차대차 - 측면충돌,안전운전불이행,건조,맑음,단일로 - 기타,승용,남,64세,상해없음,승용,남,56세,경상
2019051200100541,2019년 5월 12일 22시,일요일,강원도 양양군 강현면,경상사고,0,0,2,0,차대차 - 추돌,안전운전불이행,건조,맑음,교차로 - 교차로부근,승용,여,58세,상해없음,승용,여,58세,경상
2019051300100121,2019년 5월 13일 08시,월요일,강원도 춘천시 동내면,경상사고,0,0,3,0,차대차 - 추돌,안전거리미확보,건조,맑음,단일로 - 기타,승용,남,57세,경상,승용,남,41세,상해없음
2019051300100122,2019년 5월 13일 08시,월요일,강원도 원주시 관설동,경상사고,0,0,1,0,차대차 - 기타,안전운전불이행,건조,맑음,단일로 - 기타,승용,여,50세,상해없음,자전거,남,12세,경상
2019051300100123,2019년 5월 13일 08시,월요일,강원도 원주시 지정면,중상사고,0,1,0,0,차대차 - 측면충돌,안전운전불이행,건조,맑음,교차로 - 교차로안,승용,남,45세,상해없음,승용,여,31세,중상
2019051300100124,2019년 5월 13일 08시,월요일,강원도 원주시 무실동,경상사고,0,0,1,0,차대차 - 측면충돌,안전운전불이행,건조,맑음,단일로 - 기타,승용,여,50세,상해없음,자전거,여,29세,경상
2019051300100125,2019년 5월 13일 08시,월요일,강원도 원주시 우산동,경상사고,0,0,1,0,차대차 - 측면충돌,교차로운행방법위반,건조,맑음,단일로 - 기타,승용,남,26세,상해없음,자전거,남,71세,경상
2019051300100126,2019년 5월 13일 08시,월요일,강원도 태백시 황지동,사망사고,1,0,0,0,차대사람 - 횡단중,안전운전불이행,건조,맑음,교차로 - 교차로부근,화물,남,56세,상해없음,보행자,여,65세,사망
2019051300100161,2019년 5월 13일 09시,월요일,강원도 춘천시 퇴계동,경상사고,0,0,1,0,차대차 - 측면충돌,신호위반,건조,맑음,교차로 - 교차로안,승용,여,28세,상해없음,승용,남,68세,경상
2019051300100162,2019년 5월 13일 09시,월요일,강원도 강릉시 입암동,경상사고,0,0,2,0,차대차 - 추돌,안전운전불이행,건조,맑음,단일로 - 기타,화물,남,56세,상해없음,승용,여,26세,경상
2019051300100163,2019년 5월 13일 09시,월요일,강원도 횡성군 횡성읍,경상사고,0,0,1,0,차대차 - 측면충돌,교차로운행방법위반,건조,맑음,교차로 - 교차로안,승용,남,44세,상해없음,승용,남,59세,경상
2019051300100164,2019년 5월 13일 09시,월요일,강원도 양구군 남면,중상사고,0,1,0,0,차대차 - 측면충돌,직진우회전진행방해,건조,맑음,교차로 - 교차로안,승용,남,23세,상해없음,이륜,남,74세,중상
2019051300100203,2019년 5월 13일 10시,월요일,강원도 원주시 개운동,중상사고,0,1,0,0,차대차 - 측면충돌,안전운전불이행,건조,맑음,교차로 - 교차로부근,화물,남,49세,상해없음,이륜,남,74세,중상
2019051300100204,2019년 5월 13일 10시,월요일,강원도 속초시 교동,경상사고,0,0,2,0,차대차 - 측면충돌,차로위반,건조,맑음,교차로 - 교차로안,승용,여,58세,경상,건설기계,남,51세,상해없음
2019051300100269,2019년 5월 13일 12시,월요일,강원도 춘천시 후평동,경상사고,0,0,3,0,차대차 - 측면충돌,안전운전불이행,건조,맑음,교차로 - 교차로안,승용,남,62세,경상,승합,남,46세,경상
2019051300100298,2019년 5월 13일 13시,월요일,강원도 춘천시 동면,경상사고,0,0,1,0,차대차 - 측면충돌,안전운전불이행,건조,맑음,교차로 - 교차로안,승용,남,20세,상해없음,승용,여,69세,경상
2019051300100340,2019년 5월 13일 14시,월요일,강원도 속초시 교동,경상사고,0,0,1,0,차대차 - 추돌,안전운전불이행,건조,맑음,교차로 - 교차로안,승용,남,59세,상해없음,승용,여,26세,경상
2019051300100381,2019년 5월 13일 15시,월요일,강원도 원주시 흥업면,경상사고,0,0,3,0,차대차 - 측면충돌,신호위반,건조,맑음,교차로 - 교차로안,화물,남,47세,상해없음,승용,남,41세,경상
2019051300100408,2019년 5월 13일 16시,월요일,강원도 춘천시 퇴계동,중상사고,0,1,0,0,차대사람 - 횡단중,보행자보호의무위반,건조,맑음,교차로 - 교차로횡단보도내,승용,여,51세,상해없음,보행자,여,68세,중상
2019051300100409,2019년 5월 13일 16시,월요일,강원도 춘천시 석사동,중상사고,0,1,0,0,차대사람 - 횡단중,신호위반,건조,맑음,교차로 - 교차로횡단보도내,승용,남,28세,상해없음,보행자,남,30세,중상
2019051300100410,2019년 5월 13일 16시,월요일,강원도 동해시 송정동,경상사고,0,0,3,0,차대차 - 추돌,안전운전불이행,건조,맑음,교차로 - 교차로부근,승용,여,39세,상해없음,승용,남,63세,경상
2019051300100446,2019년 5월 13일 17시,월요일,강원도 태백시 황지동,경상사고,0,0,1,0,차대사람 - 기타,안전운전불이행,건조,맑음,교차로 - 교차로안,화물,여,48세,상해없음,보행자,여,22세,경상
2019051300100526,2019년 5월 13일 19시,월요일,강원도 원주시 태장동,중상사고,0,1,0,0,차대사람 - 횡단중,신호위반,건조,맑음,교차로 - 교차로횡단보도내,이륜,남,72세,상해없음,보행자,남,86세,중상
2019051300100527,2019년 5월 13일 19시,월요일,강원도 속초시 조양동,경상사고,0,0,1,0,차대차 - 측면충돌,중앙선침범,건조,맑음,교차로 - 교차로부근,자전거,여,68세,경상,승용,남,60세,상해없음
2019051400100037,2019년 5월 14일 00시,화요일,강원도 원주시 단구동,경상사고,0,0,3,0,차대차 - 추돌,안전운전불이행,건조,맑음,교차로 - 교차로부근,승용,남,22세,상해없음,승용,남,46세,경상
2019051400100081,2019년 5월 14일 06시,화요일,강원도 춘천시 칠전동,경상사고,0,0,1,0,차대차 - 기타,교차로운행방법위반,건조,맑음,교차로 - 교차로안,승용,남,44세,상해없음,승용,여,49세,경상
2019051400100119,2019년 5월 14일 08시,화요일,강원도 영월군 남면,중상사고,0,1,0,0,차대차 - 추돌,안전운전불이행,건조,맑음,단일로 - 기타,특수,남,51세,상해없음,승용,남,72세,중상
2019051400100120,2019년 5월 14일 08시,화요일,강원도 화천군 화천읍,중상사고,0,1,1,0,차대차 - 측면충돌,안전운전불이행,건조,맑음,교차로 - 교차로안,승용,남,27세,상해없음,승합,남,48세,중상
2019051400100170,2019년 5월 14일 09시,화요일,강원도 춘천시 우두동,경상사고,0,0,2,0,차대차 - 측면충돌,안전거리미확보,건조,맑음,단일로 - 기타,승용,여,63세,경상,승용,여,48세,경상
2019051400100201,2019년 5월 14일 10시,화요일,강원도 춘천시 옥천동,중상사고,0,1,0,0,차대차 - 정면충돌,안전운전불이행,건조,맑음,단일로 - 기타,화물,남,31세,상해없음,이륜,남,17세,중상
2019051400100202,2019년 5월 14일 10시,화요일,강원도 원주시 지정면,부상신고사고,0,0,0,1,차대사람 - 기타,안전운전불이행,건조,맑음,기타 - 기타,화물,남,56세,상해없음,보행자,남,64세,부상신고
2019051400100203,2019년 5월 14일 10시,화요일,강원도 속초시 조양동,중상사고,0,1,0,0,차대사람 - 보도통행중,안전운전불이행,건조,맑음,교차로 - 교차로안,승용,여,42세,상해없음,보행자,남,53세,중상
2019051400100259,2019년 5월 14일 12시,화요일,강원도 원주시 단계동,중상사고,0,2,0,0,차대차 - 측면충돌,교차로운행방법위반,건조,맑음,교차로 - 교차로안,승용,여,61세,상해없음,승용,남,52세,중상
2019051400100334,2019년 5월 14일 14시,화요일,강원도 강릉시 주문진읍,경상사고,0,0,1,0,차대사람 - 차도통행중,안전운전불이행,건조,맑음,단일로 - 기타,승용,여,53세,상해없음,보행자,남,7세,경상
2019051400100373,2019년 5월 14일 15시,화요일,강원도 춘천시 석사동,중상사고,0,3,0,0,차대차 - 추돌,안전거리미확보,건조,맑음,교차로 - 교차로부근,건설기계,남,56세,상해없음,승용,여,47세,중상
2019051400100414,2019년 5월 14일 16시,화요일,강원도 춘천시 우두동,중상사고,0,1,0,0,차대차 - 기타,교차로운행방법위반,건조,맑음,교차로 - 교차로안,승용,여,59세,상해없음,이륜,남,54세,중상
2019051400100461,2019년 5월 14일 17시,화요일,강원도 춘천시 교동,경상사고,0,0,1,0,차대차 - 추돌,안전거리미확보,건조,맑음,단일로 - 기타,이륜,남,45세,상해없음,승용,남,58세,경상
2019051400100462,2019년 5월 14일 17시,화요일,강원도 원주시 단구동,부상신고사고,0,0,0,1,차대차 - 측면충돌,안전운전불이행,건조,맑음,단일로 - 기타,기타불명,기타불명,미분류,기타불명,자전거,남,12세,부상신고
2019051400100463,2019년 5월 14일 17시,화요일,강원도 정선군 고한읍,중상사고,0,1,0,0,차대차 - 측면충돌,안전운전불이행,건조,맑음,단일로 - 기타,승용,남,41세,상해없음,이륜,남,72세,중상
2019051400100464,2019년 5월 14일 17시,화요일,강원도 철원군 서면,경상사고,0,0,1,0,차대차 - 추돌,안전운전불이행,건조,맑음,교차로 - 교차로안,화물,남,17세,상해없음,이륜,남,66세,경상
2019051400100518,2019년 5월 14일 18시,화요일,강원도 원주시 단계동,경상사고,0,0,1,0,차대사람 - 기타,안전운전불이행,건조,맑음,단일로 - 기타,화물,남,64세,상해없음,보행자,여,75세,경상
2019051400100557,2019년 5월 14일 19시,화요일,강원도 강릉시 입암동,경상사고,0,0,4,0,차대차 - 측면충돌,안전운전불이행,건조,흐림,교차로 - 교차로안,승용,여,40세,상해없음,승용,여,28세,경상
2019051400100663,2019년 5월 14일 22시,화요일,강원도 춘천시 교동,경상사고,0,0,1,0,차대사람 - 길가장자리구역통행중,기타,건조,맑음,단일로 - 기타,기타불명,기타불명,미분류,기타불명,보행자,남,65세,경상
2019051500100051,2019년 5월 15일 01시,수요일,강원도 횡성군 횡성읍,중상사고,0,2,0,0,차대사람 - 기타,안전운전불이행,건조,맑음,단일로 - 기타,승용,남,57세,상해없음,보행자,남,23세,중상
2019051500100090,2019년 5월 15일 06시,수요일,강원도 춘천시 동산면,중상사고,0,1,2,0,차대차 - 기타,중앙선침범,건조,맑음,단일로 - 기타,승용,남,62세,경상,화물,남,48세,중상
2019051500100110,2019년 5월 15일 07시,수요일,강원도 원주시 명륜동,중상사고,0,1,2,0,차대차 - 추돌,안전거리미확보,건조,맑음,단일로 - 기타,승용,남,37세,상해없음,승용,남,47세,경상
2019051500100148,2019년 5월 15일 08시,수요일,강원도 원주시 반곡동,경상사고,0,0,1,0,차대차 - 측면충돌,직진우회전진행방해,건조,맑음,교차로 - 교차로안,승용,여,43세,상해없음,승용,남,29세,경상
2019051500100149,2019년 5월 15일 08시,수요일,강원도 삼척시 교동,경상사고,0,0,1,0,차대차 - 측면충돌,안전운전불이행,건조,맑음,교차로 - 교차로안,승용,남,51세,상해없음,이륜,남,37세,경상
2019051500100180,2019년 5월 15일 09시,수요일,강원도 홍천군 홍천읍,경상사고,0,0,3,0,차대차 - 기타,과속,건조,맑음,교차로 - 교차로안,승용,여,53세,경상,승용,여,39세,경상
2019051500100256,2019년 5월 15일 11시,수요일,강원도 원주시 중앙동,경상사고,0,0,1,0,차대차 - 측면충돌,안전운전불이행,건조,맑음,교차로 - 교차로부근,승용,남,69세,상해없음,승용,여,46세,경상
2019051500100294,2019년 5월 15일 12시,수요일,강원도 원주시 학성동,중상사고,0,1,4,0,차대차 - 추돌,교차로운행방법위반,건조,맑음,교차로 - 교차로안,화물,남,56세,상해없음,승용,남,79세,경상
2019051500100295,2019년 5월 15일 12시,수요일,강원도 횡성군 횡성읍,경상사고,0,0,2,0,차대차 - 측면충돌,안전거리미확보,건조,맑음,단일로 - 기타,승용,여,32세,상해없음,화물,남,48세,경상
2019051500100339,2019년 5월 15일 13시,수요일,강원도 춘천시 온의동,경상사고,0,0,1,0,차대차 - 측면충돌,안전운전불이행,건조,맑음,교차로 - 교차로안,승용,남,48세,상해없음,승용,여,36세,경상
2019051500100340,2019년 5월 15일 13시,수요일,강원도 평창군 평창읍,경상사고,0,0,1,0,차대차 - 측면충돌,안전거리미확보,건조,맑음,교차로 - 교차로안,승용,남,61세,상해없음,화물,남,48세,경상
2019051500100341,2019년 5월 15일 13시,수요일,강원도 화천군 사내면,경상사고,0,0,3,0,차대차 - 후진중충돌,안전운전불이행,건조,맑음,주차장 - 주차장,승용,남,30세,상해없음,승합,남,64세,경상
2019051500100342,2019년 5월 15일 13시,수요일,강원도 횡성군 우천면,경상사고,0,0,2,0,차대차 - 측면충돌,안전운전불이행,건조,맑음,단일로 - 기타,승용,남,58세,상해없음,화물,남,48세,경상
2019051500100371,2019년 5월 15일 14시,수요일,강원도 춘천시 석사동,경상사고,0,0,1,0,차대차 - 기타,직진우회전진행방해,건조,맑음,교차로 - 교차로안,승용,여,35세,상해없음,원동기,남,19세,경상
2019051500100414,2019년 5월 15일 15시,수요일,강원도 삼척시 남양동,경상사고,0,0,1,0,차대차 - 측면충돌,안전운전불이행,건조,맑음,단일로 - 기타,승용,남,40세,상해없음,원동기,여,69세,경상
2019051500100498,2019년 5월 15일 17시,수요일,강원도 횡성군 횡성읍,중상사고,0,1,2,0,차대차 - 추돌,안전운전불이행,건조,맑음,단일로 - 기타,화물,남,54세,경상,승용,남,52세,중상
2019051500100499,2019년 5월 15일 17시,수요일,강원도 철원군 서면,경상사고,0,0,1,0,차대차 - 측면충돌,신호위반,건조,맑음,교차로 - 교차로안,화물,남,74세,상해없음,승용,여,59세,경상
2019051500100500,2019년 5월 15일 17시,수요일,강원도 동해시 효가동,경상사고,0,0,1,0,차대차 - 측면충돌,교차로운행방법위반,건조,맑음,교차로 - 교차로안,승용,여,60세,상해없음,승용,남,39세,경상
2019051500100590,2019년 5월 15일 19시,수요일,강원도 원주시 단계동,경상사고,0,0,1,0,차량단독 - 기타,안전운전불이행,건조,맑음,단일로 - 기타,승용,남,64세,상해없음,,,,
2019051500100627,2019년 5월 15일 20시,수요일,강원도 원주시 개운동,중상사고,0,1,0,0,차대사람 - 횡단중,보행자보호의무위반,건조,맑음,교차로 - 교차로횡단보도내,화물,남,61세,상해없음,보행자,남,45세,중상
2019051500100628,2019년 5월 15일 20시,수요일,강원도 홍천군 홍천읍,경상사고,0,0,1,0,차대차 - 기타,교차로운행방법위반,건조,맑음,교차로 - 교차로안,승용,남,61세,상해없음,이륜,남,18세,경상
2019051500100683,2019년 5월 15일 22시,수요일,강원도 춘천시 효자동,경상사고,0,0,1,0,차대차 - 추돌,안전거리미확보,건조,맑음,교차로 - 교차로부근,이륜,남,21세,상해없음,승용,남,58세,경상
2019051500100684,2019년 5월 15일 22시,수요일,강원도 원주시 우산동,경상사고,0,0,1,0,차대차 - 측면충돌,안전운전불이행,건조,맑음,단일로 - 지하차도(도로)내,승용,남,57세,상해없음,이륜,남,26세,경상
2019051600100046,2019년 5월 16일 00시,목요일,강원도 춘천시 소양로1가,경상사고,0,0,1,0,차대차 - 기타,신호위반,건조,맑음,교차로 - 교차로안,승용,남,22세,상해없음,승용,남,24세,경상
2019051600100123,2019년 5월 16일 07시,목요일,강원도 원주시 단계동,경상사고,0,0,1,0,차대사람 - 길가장자리구역통행중,안전운전불이행,건조,맑음,단일로 - 기타,특수,남,44세,상해없음,보행자,남,23세,경상
2019051600100165,2019년 5월 16일 08시,목요일,강원도 원주시 무실동,경상사고,0,0,2,0,차대차 - 측면충돌,안전거리미확보,건조,맑음,단일로 - 기타,승용,남,57세,경상,승용,남,42세,경상
2019051600100166,2019년 5월 16일 08시,목요일,강원도 횡성군 횡성읍,경상사고,0,0,1,0,차대차 - 기타,신호위반,건조,맑음,단일로 - 고가도로위,화물,남,90세 이상,상해없음,화물,남,29세,경상
2019051600100213,2019년 5월 16일 09시,목요일,강원도 춘천시 퇴계동,경상사고,0,0,1,0,차대차 - 측면충돌,안전운전불이행,건조,맑음,교차로 - 교차로안,화물,남,67세,상해없음,승용,여,37세,경상
2019051600100214,2019년 5월 16일 09시,목요일,강원도 원주시 명륜동,경상사고,0,0,1,0,차대사람 - 기타,안전운전불이행,건조,맑음,단일로 - 기타,승용,남,43세,상해없음,보행자,여,55세,경상
2019051600100297,2019년 5월 16일 11시,목요일,강원도 원주시 학성동,경상사고,0,0,4,0,차대차 - 측면충돌,안전운전불이행,건조,맑음,기타 - 기타,화물,남,66세,상해없음,승용,남,21세,경상
2019051600100334,2019년 5월 16일 12시,목요일,강원도 강릉시 임당동,경상사고,0,0,2,0,차대차 - 측면충돌,안전운전불이행,건조,맑음,교차로 - 교차로안,승용,남,30세,상해없음,승용,남,65세,경상
2019051600100362,2019년 5월 16일 13시,목요일,강원도 춘천시 후평동,경상사고,0,0,1,0,차대차 - 측면충돌,신호위반,건조,맑음,교차로 - 교차로안,승합,남,50세,상해없음,승용,여,43세,경상
2019051600100363,2019년 5월 16일 13시,목요일,강원도 철원군 동송읍,경상사고,0,0,2,0,차대차 - 측면충돌,안전운전불이행,건조,맑음,기타 - 기타,승용,여,57세,기타불명,승용,남,63세,경상
2019051600100389,2019년 5월 16일 14시,목요일,강원도 홍천군 홍천읍,경상사고,0,0,1,0,차대차 - 측면충돌,직진우회전진행방해,건조,맑음,교차로 - 교차로안,승용,남,48세,상해없음,이륜,여,53세,경상
2019051600100460,2019년 5월 16일 16시,목요일,강원도 춘천시 석사동,경상사고,0,0,1,0,차대차 - 측면충돌,안전거리미확보,건조,맑음,단일로 - 기타,승용,여,50세,상해없음,화물,여,65세,경상
2019051600100513,2019년 5월 16일 17시,목요일,강원도 춘천시 온의동,부상신고사고,0,0,0,1,차대차 - 기타,차로위반,건조,맑음,단일로 - 기타,화물,남,53세,상해없음,승용,남,25세,부상신고
2019051600100514,2019년 5월 16일 17시,목요일,강원도 강릉시 성산면,경상사고,0,0,1,0,차대차 - 측면충돌,중앙선침범,건조,맑음,단일로 - 기타,승합,남,52세,상해없음,승용,여,29세,경상
2019051600100561,2019년 5월 16일 18시,목요일,강원도 원주시 태장동,경상사고,0,0,2,1,차대차 - 측면충돌,중앙선침범,건조,맑음,단일로 - 기타,화물,남,63세,부상신고,승용,남,62세,경상
2019051600100562,2019년 5월 16일 18시,목요일,강원도 영월군 남면,중상사고,0,1,0,0,차대차 - 측면충돌,안전거리미확보,건조,맑음,단일로 - 교량,승용,남,58세,상해없음,승용,남,30세,상해없음
2019051600100641,2019년 5월 16일 20시,목요일,강원도 양양군 양양읍,중상사고,0,1,0,0,차대사람 - 횡단중,안전운전불이행,건조,흐림,단일로 - 지하차도(도로)내,승용,여,58세,상해없음,보행자,남,43세,중상
2019051600100642,2019년 5월 16일 20시,목요일,강원도 홍천군 홍천읍,경상사고,0,0,1,0,차대차 - 기타,안전운전불이행,건조,맑음,단일로 - 기타,승용,남,52세,상해없음,이륜,남,20세,경상
2019051600100673,2019년 5월 16일 21시,목요일,강원도 속초시 교동,중상사고,0,1,0,0,차대사람 - 횡단중,보행자보호의무위반,건조,맑음,교차로 - 교차로안,승용,남,46세,상해없음,보행자,남,55세,중상
2019051600100674,2019년 5월 16일 21시,목요일,강원도 철원군 갈말읍,경상사고,0,0,3,0,차대차 - 측면충돌,직진우회전진행방해,건조,맑음,교차로 - 교차로안,승합,남,59세,상해없음,승용,여,47세,경상
2019051600100699,2019년 5월 16일 22시,목요일,강원도 춘천시 퇴계동,경상사고,0,0,1,0,차대차 - 측면충돌,안전운전불이행,건조,맑음,단일로 - 기타,이륜,남,17세,상해없음,승용,여,35세,경상
2019051700100141,2019년 5월 17일 08시,금요일,강원도 원주시 우산동,경상사고,0,0,1,0,차대차 - 기타,안전운전불이행,건조,맑음,교차로 - 교차로안,승용,남,23세,상해없음,승용,여,41세,경상
2019051700100176,2019년 5월 17일 09시,금요일,강원도 삼척시 도계읍,중상사고,0,1,0,0,차량단독 - 전도전복 - 전도,안전운전불이행,건조,맑음,단일로 - 기타,건설기계,남,56세,중상,,,,
2019051700100210,2019년 5월 17일 10시,금요일,강원도 홍천군 내촌면,경상사고,0,0,1,0,차량단독 - 공작물충돌,안전운전불이행,건조,맑음,단일로 - 기타,화물,남,69세,상해없음,,,,
2019051700100267,2019년 5월 17일 12시,금요일,강원도 강릉시 포남동,경상사고,0,0,2,0,차대차 - 기타,안전운전불이행,건조,맑음,교차로 - 교차로안,승용,여,68세,기타불명,승용,남,23세,경상
2019051700100268,2019년 5월 17일 12시,금요일,강원도 홍천군 서면,경상사고,0,0,2,0,차대차 - 측면충돌,차로위반,건조,맑음,단일로 - 기타,승합,남,72세,상해없음,승용,남,43세,경상
2019051700100344,2019년 5월 17일 14시,금요일,강원도 강릉시 포남동,경상사고,0,0,1,0,차대차 - 측면충돌,안전운전불이행,건조,맑음,교차로 - 교차로안,승용,남,31세,상해없음,승용,남,49세,경상
2019051700100381,2019년 5월 17일 15시,금요일,강원도 춘천시 사농동,경상사고,0,0,1,0,차대차 - 정면충돌,신호위반,건조,맑음,교차로 - 교차로안,승용,남,61세,상해없음,승용,남,49세,경상
2019051700100382,2019년 5월 17일 15시,금요일,강원도 원주시 단계동,경상사고,0,0,1,0,차대사람 - 횡단중,안전운전불이행,건조,맑음,단일로 - 기타,화물,남,46세,상해없음,보행자,남,69세,경상
2019051700100383,2019년 5월 17일 15시,금요일,강원도 삼척시 도계읍,경상사고,0,0,1,0,차대사람 - 보도통행중,보행자보호의무위반,건조,맑음,단일로 - 기타,승용,남,74세,상해없음,보행자,남,7세,경상
2019051700100384,2019년 5월 17일 15시,금요일,강원도 영월군 영월읍,경상사고,0,0,1,0,차대차 - 측면충돌,교차로운행방법위반,건조,흐림,교차로 - 교차로부근,화물,남,54세,상해없음,자전거,여,75세,경상
2019051700100466,2019년 5월 17일 17시,금요일,강원도 원주시 우산동,경상사고,0,0,1,0,차대차 - 측면충돌,신호위반,건조,맑음,교차로 - 교차로안,승용,남,39세,상해없음,화물,남,54세,경상
2019051700100467,2019년 5월 17일 17시,금요일,강원도 화천군 상서면,중상사고,0,1,1,0,차대차 - 측면충돌,중앙선침범,건조,맑음,단일로 - 기타,화물,남,53세,상해없음,승용,남,20세,경상
2019051700100468,2019년 5월 17일 17시,금요일,강원도 양구군 양구읍,중상사고,0,1,0,0,차량단독 - 기타,안전운전불이행,건조,맑음,단일로 - 교량,화물,남,45세,상해없음,,,,
2019051700100469,2019년 5월 17일 17시,금요일,강원도 동해시 이도동,경상사고,0,0,1,0,차대차 - 측면충돌,신호위반,건조,맑음,단일로 - 교량,승용,남,68세,상해없음,특수,남,27세,경상
2019051700100513,2019년 5월 17일 18시,금요일,강원도 춘천시 효자동,경상사고,0,0,1,0,차대차 - 측면충돌,안전운전불이행,건조,맑음,교차로 - 교차로부근,승용,남,60세,상해없음,승용,남,23세,경상
2019051700100514,2019년 5월 17일 18시,금요일,강원도 원주시 인동,경상사고,0,0,1,0,차대사람 - 기타,안전운전불이행,건조,맑음,단일로 - 기타,승용,여,49세,상해없음,보행자,남,71세,경상
2019051700100515,2019년 5월 17일 18시,금요일,강원도 원주시 문막읍,경상사고,0,0,3,0,차대차 - 측면충돌,안전운전불이행,건조,맑음,단일로 - 기타,승용,여,45세,상해없음,승용,남,40세,경상
2019051700100562,2019년 5월 17일 19시,금요일,강원도 춘천시 석사동,중상사고,0,1,1,0,차대차 - 측면충돌,교차로운행방법위반,건조,맑음,교차로 - 교차로안,승용,여,49세,상해없음,승용,남,57세,경상
2019051700100563,2019년 5월 17일 19시,금요일,강원도 원주시 원동,중상사고,0,1,0,0,차대사람 - 횡단중,안전운전불이행,건조,맑음,교차로 - 교차로부근,승합,남,70세,상해없음,보행자,여,77세,중상
2019051700100564,2019년 5월 17일 19시,금요일,강원도 원주시 태장동,사망사고,1,0,0,0,차대사람 - 횡단중,안전운전불이행,건조,맑음,단일로 - 기타,승용,여,66세,상해없음,보행자,여,82세,사망
2019051700100565,2019년 5월 17일 19시,금요일,강원도 삼척시 원덕읍,중상사고,0,2,0,0,차대차 - 정면충돌,중앙선침범,건조,맑음,교차로 - 교차로부근,승용,여,72세,중상,승용,여,26세,중상
2019051700100609,2019년 5월 17일 20시,금요일,강원도 원주시 태장동,경상사고,0,0,1,0,차대차 - 정면충돌,안전운전불이행,건조,맑음,교차로 - 교차로안,승용,남,61세,상해없음,이륜,남,20세,경상
2019051700100648,2019년 5월 17일 21시,금요일,강원도 평창군 대관령면,경상사고,0,0,1,0,차대차 - 측면충돌,차로위반,건조,맑음,단일로 - 기타,화물,남,53세,상해없음,승용,여,37세,경상
2019051700100708,2019년 5월 17일 23시,금요일,강원도 춘천시 효자동,경상사고,0,0,2,0,차대차 - 측면충돌,안전운전불이행,건조,맑음,단일로 - 기타,승용,남,80세,상해없음,승용,남,27세,경상
2019051700100709,2019년 5월 17일 23시,금요일,강원도 원주시 명륜동,경상사고,0,0,2,0,차대차 - 측면충돌,교차로운행방법위반,건조,맑음,교차로 - 교차로안,승용,남,35세,상해없음,승용,남,45세,경상
2019051700100710,2019년 5월 17일 23시,금요일,강원도 속초시 동명동,중상사고,0,1,1,0,차대차 - 추돌,안전운전불이행,건조,맑음,단일로 - 지하차도(도로)내,승용,남,45세,상해없음,승용,남,27세,중상
2019051800100070,2019년 5월 18일 01시,토요일,강원도 원주시 단계동,경상사고,0,0,2,0,차대차 - 측면충돌,안전운전불이행,건조,맑음,단일로 - 기타,승용,남,44세,상해없음,승용,남,59세,경상
2019051800100149,2019년 5월 18일 06시,토요일,강원도 강릉시 박월동,경상사고,0,0,1,0,차대차 - 추돌,안전운전불이행,건조,맑음,교차로 - 교차로부근,화물,남,40세,상해없음,승용,여,56세,경상
2019051800100158,2019년 5월 18일 07시,토요일,강원도 동해시 천곡동,경상사고,0,0,1,0,차대사람 - 기타,안전운전불이행,건조,맑음,단일로 - 기타,승용,남,59세,상해없음,보행자,남,76세,경상
2019051800100174,2019년 5월 18일 08시,토요일,강원도 원주시 단계동,경상사고,0,0,1,1,차대차 - 측면충돌,안전거리미확보,건조,맑음,단일로 - 기타,화물,남,61세,부상신고,승용,남,46세,경상
2019051800100192,2019년 5월 18일 09시,토요일,강원도 춘천시 효자동,경상사고,0,0,2,0,차대차 - 기타,신호위반,건조,맑음,교차로 - 교차로안,승용,여,34세,상해없음,승용,남,67세,경상
2019051800100193,2019년 5월 18일 09시,토요일,강원도 원주시 단구동,중상사고,0,2,0,0,차대차 - 추돌,안전운전불이행,건조,흐림,단일로 - 기타,승용,남,26세,상해없음,승용,남,64세,중상