사고번호,사고일시,요일,시군구,사고내용,사망자수,중상자수,경상자수,부상신고자수,사고유형,법규위반,노면상태,기상상태,도로형태,가해운전자 차종,가해운전자 성별,가해운전자 연령,가해운전자 상해정도,피해운전자 차종,피해운전자 성별,피해운전자 연령,피해운전자 상해정도
2019051800100229,2019년 5월 18일 10시,토요일,강원도 춘천시 소양로1가,경상사고,0,0,1,0,차량단독 - 기타,안전운전불이행,건조,맑음,단일로 - 기타,승용,남,65세,상해없음,,,,
2019051800100230,2019년 5월 18일 10시,토요일,강원도 홍천군 화촌면,경상사고,0,0,2,0,차대차 - 기타,안전거리미확보,건조,맑음,교차로 - 교차로부근,화물,남,57세,상해없음,승용,남,64세,경상
2019051800100269,2019년 5월 18일 11시,토요일,강원도 강릉시 입암동,경상사고,0,0,1,0,차대사람 - 횡단중,안전운전불이행,건조,맑음,교차로 - 교차로안,승용,남,27세,상해없음,보행자,남,32세,경상
2019051800100270,2019년 5월 18일 11시,토요일,강원도 삼척시 성북동,경상사고,0,0,1,0,차대차 - 정면충돌,안전거리미확보,젖음/습기,비,교차로 - 교차로부근,승용,남,46세,상해없음,승용,여,39세,경상
2019051800100307,2019년 5월 18일 12시,토요일,강원도 강릉시 주문진읍,경상사고,0,0,2,0,차대차 - 측면충돌,안전운전불이행,건조,맑음,교차로 - 교차로안,이륜,여,69세,상해없음,승용,남,29세,경상
2019051800100398,2019년 5월 18일 14시,토요일,강원도 원주시 무실동,경상사고,0,0,2,0,차대차 - 추돌,안전운전불이행,건조,맑음,단일로 - 기타,승용,남,59세,상해없음,승용,남,45세,경상
2019051800100433,2019년 5월 18일 15시,토요일,강원도 춘천시 삼천동,경상사고,0,0,1,0,차대차 - 추돌,안전운전불이행,건조,맑음,단일로 - 기타,자전거,여,45세,상해없음,자전거,여,28세,경상
2019051800100467,2019년 5월 18일 16시,토요일,강원도 원주시 무실동,중상사고,0,1,2,0,차대차 - 측면충돌,교차로운행방법위반,건조,맑음,교차로 - 교차로부근,화물,남,65세,상해없음,승용,남,31세,경상
2019051800100468,2019년 5월 18일 16시,토요일,강원도 삼척시 당저동,경상사고,0,0,1,0,차대차 - 정면충돌,직진우회전진행방해,건조,맑음,교차로 - 교차로부근,이륜,남,16세,경상,승용,남,58세,상해없음
2019051800100500,2019년 5월 18일 17시,토요일,강원도 원주시 개운동,경상사고,0,0,1,0,차대차 - 측면충돌,교차로운행방법위반,건조,맑음,교차로 - 교차로부근,승용,여,42세,상해없음,승용,남,62세,경상
2019051800100501,2019년 5월 18일 17시,토요일,강원도 평창군 대화면,중상사고,0,1,0,0,차대사람 - 기타,기타,건조,맑음,단일로 - 기타,승합,남,56세,상해없음,보행자,여,73세,중상
2019051800100502,2019년 5월 18일 17시,토요일,강원도 횡성군 강림면,경상사고,0,0,1,0,차대차 - 측면충돌,교차로운행방법위반,건조,맑음,교차로 - 교차로안,화물,남,68세,상해없음,화물,남,74세,경상
2019051800100536,2019년 5월 18일 18시,토요일,강원도 횡성군 안흥면,사망사고,1,1,1,0,차량단독 - 공작물충돌,안전운전불이행,건조,맑음,단일로 - 기타,승용,남,19세,경상,,,,
2019051800100573,2019년 5월 18일 19시,토요일,강원도 춘천시 효자동,경상사고,0,0,1,0,차대차 - 측면충돌,교차로운행방법위반,건조,맑음,교차로 - 교차로안,승용,여,30세,상해없음,이륜,남,39세,경상
2019051800100574,2019년 5월 18일 19시,토요일,강원도 원주시 단구동,경상사고,0,0,1,0,차대차 - 기타,안전운전불이행,건조,맑음,기타 - 기타,자전거,남,47세,경상,자전거,남,15세,기타불명
2019051800100575,2019년 5월 18일 19시,토요일,강원도 삼척시 교동,경상사고,0,0,3,0,차대차 - 측면충돌,안전운전불이행,젖음/습기,맑음,교차로 - 교차로안,승용,남,62세,상해없음,승용,남,55세,경상
2019051800100604,2019년 5월 18일 20시,토요일,강원도 횡성군 횡성읍,중상사고,0,1,0,0,차대사람 - 길가장자리구역통행중,안전운전불이행,건조,맑음,단일로 - 기타,승용,여,64세,상해없음,보행자,남,84세,중상
2019051900100118,2019년 5월 19일 07시,일요일,강원도 양구군 방산면,부상신고사고,0,0,0,1,차대차 - 정면충돌,중앙선침범,건조,맑음,단일로 - 기타,이륜,남,81세,부상신고,승합,남,45세,상해없음
2019051900100166,2019년 5월 19일 10시,일요일,강원도 원주시 명륜동,경상사고,0,0,2,0,차대차 - 측면충돌,직진우회전진행방해,건조,맑음,교차로 - 교차로안,승용,여,50세,경상,승용,남,48세,경상
2019051900100167,2019년 5월 19일 10시,일요일,강원도 동해시 동회동,경상사고,0,0,1,0,차대차 - 측면충돌,안전운전불이행,건조,맑음,교차로 - 교차로부근,승용,남,65세,상해없음,승용,남,75세,경상
2019051900100215,2019년 5월 19일 12시,일요일,강원도 춘천시 온의동,경상사고,0,0,1,0,차대차 - 측면충돌,신호위반,젖음/습기,비,교차로 - 교차로안,승용,남,72세,상해없음,승용,남,66세,경상
2019051900100216,2019년 5월 19일 12시,일요일,강원도 춘천시 동내면,경상사고,0,0,1,0,차대차 - 정면충돌,직진우회전진행방해,젖음/습기,비,교차로 - 교차로안,화물,남,57세,상해없음,승용,남,59세,경상
2019051900100217,2019년 5월 19일 12시,일요일,강원도 정선군 정선읍,경상사고,0,0,3,0,차대차 - 측면충돌,교차로운행방법위반,건조,맑음,교차로 - 교차로안,승용,남,33세,경상,화물,남,60세,상해없음
2019051900100267,2019년 5월 19일 14시,일요일,강원도 춘천시 소양로1가,경상사고,0,0,1,0,차대차 - 추돌,안전거리미확보,젖음/습기,비,단일로 - 교량,승용,남,47세,상해없음,승용,여,57세,경상
2019051900100268,2019년 5월 19일 14시,일요일,강원도 인제군 인제읍,중상사고,0,1,0,0,차대차 - 측면충돌,과속,젖음/습기,비,단일로 - 교량,승합,남,63세,상해없음,승용,남,57세,중상
2019051900100308,2019년 5월 19일 15시,일요일,강원도 철원군 동송읍,사망사고,1,0,0,0,차량단독 - 전도전복 - 전도,안전운전불이행,젖음/습기,비,단일로 - 기타,승합,남,57세,사망,,,,
2019051900100341,2019년 5월 19일 16시,일요일,강원도 춘천시 퇴계동,경상사고,0,0,1,0,차대차 - 측면충돌,안전운전불이행,젖음/습기,맑음,교차로 - 교차로안,이륜,남,52세,경상,승용,여,55세,상해없음
2019051900100380,2019년 5월 19일 17시,일요일,강원도 삼척시 근덕면,경상사고,0,0,1,0,차량단독 - 전도전복 - 전도,안전운전불이행,젖음/습기,비,단일로 - 기타,농기계,남,64세,경상,,,,
2019051900100494,2019년 5월 19일 20시,일요일,강원도 강릉시 내곡동,경상사고,0,0,2,0,차대차 - 측면충돌,안전운전불이행,젖음/습기,비,교차로 - 교차로부근,승용,남,45세,상해없음,승용,남,61세,경상
2019051900100531,2019년 5월 19일 21시,일요일,강원도 동해시 묵호진동,경상사고,0,0,1,0,차대차 - 측면충돌,안전운전불이행,건조,맑음,교차로 - 교차로안,승용,남,41세,상해없음,이륜,남,65세,경상
2019051900100562,2019년 5월 19일 22시,일요일,강원도 춘천시 후평동,경상사고,0,0,2,0,차대차 - 추돌,안전운전불이행,젖음/습기,맑음,기타 - 기타,화물,남,51세,상해없음,승용,남,33세,경상
2019051900100563,2019년 5월 19일 22시,일요일,강원도 춘천시 남산면,중상사고,0,1,0,0,차대차 - 추돌,안전거리미확보,젖음/습기,비,단일로 - 기타,승용,여,22세,상해없음,승용,남,25세,중상
2019052000100062,2019년 5월 20일 05시,월요일,강원도 삼척시 교동,경상사고,0,0,2,0,차대차 - 측면충돌,직진우회전진행방해,건조,맑음,교차로 - 교차로안,승용,남,61세,상해없음,승용,남,72세,경상
2019052000100130,2019년 5월 20일 08시,월요일,강원도 원주시 문막읍,경상사고,0,0,1,0,차대차 - 기타,안전운전불이행,건조,맑음,단일로 - 기타,화물,남,53세,상해없음,승용,여,43세,경상
2019052000100205,2019년 5월 20일 10시,월요일,강원도 태백시 황지동,중상사고,0,1,0,0,차대차 - 측면충돌,안전운전불이행,건조,맑음,교차로 - 교차로안,승용,여,58세,상해없음,자전거,남,69세,중상
2019052000100206,2019년 5월 20일 10시,월요일,강원도 평창군 용평면,경상사고,0,0,1,0,차대차 - 측면충돌,안전운전불이행,건조,맑음,기타 - 기타,승용,여,54세,상해없음,승용,남,26세,경상
2019052000100241,2019년 5월 20일 11시,월요일,강원도 춘천시 후평동,경상사고,0,0,1,1,차대차 - 측면충돌,안전운전불이행,건조,맑음,교차로 - 교차로안,승용,남,30세,부상신고,이륜,남,33세,경상
2019052000100274,2019년 5월 20일 12시,월요일,강원도 춘천시 운교동,중상사고,0,1,0,0,차대사람 - 횡단중,신호위반,건조,맑음,교차로 - 교차로안,승용,남,54세,상해없음,보행자,여,78세,중상
2019052000100275,2019년 5월 20일 12시,월요일,강원도 철원군 갈말읍,경상사고,0,0,1,0,차대사람 - 길가장자리구역통행중,안전운전불이행,건조,맑음,단일로 - 기타,승용,남,69세,상해없음,보행자,남,59세,경상
2019052000100344,2019년 5월 20일 14시,월요일,강원도 강릉시 견소동,중상사고,0,2,2,0,차대차 - 추돌,안전운전불이행,건조,맑음,교차로 - 교차로부근,승용,여,43세,기타불명,승용,남,55세,경상
2019052000100378,2019년 5월 20일 15시,월요일,강원도 원주시 학성동,경상사고,0,0,1,0,차대차 - 측면충돌,직진우회전진행방해,건조,맑음,교차로 - 교차로안,승용,남,24세,상해없음,승용,여,51세,경상
2019052000100379,2019년 5월 20일 15시,월요일,강원도 평창군 대화면,경상사고,0,0,3,0,차대차 - 측면충돌,안전운전불이행,건조,맑음,교차로 - 교차로안,승용,여,50세,상해없음,승용,남,61세,경상
2019052000100430,2019년 5월 20일 16시,월요일,강원도 강릉시 용강동,경상사고,0,0,1,0,차대차 - 측면충돌,안전운전불이행,건조,맑음,단일로 - 기타,승용,여,75세,상해없음,원동기,남,23세,경상
2019052000100431,2019년 5월 20일 16시,월요일,강원도 강릉시 강동면,경상사고,0,0,1,0,차대차 - 측면충돌,안전운전불이행,건조,맑음,교차로 - 교차로안,승용,남,72세,상해없음,승용,여,61세,경상
2019052000100588,2019년 5월 20일 19시,월요일,강원도 춘천시 효자동,중상사고,0,1,0,0,차대차 - 측면충돌,교차로운행방법위반,건조,맑음,교차로 - 교차로안,승용,남,28세,상해없음,승용,여,66세,중상
2019052000100620,2019년 5월 20일 20시,월요일,강원도 강릉시 노암동,중상사고,0,1,0,0,차대사람 - 횡단중,안전운전불이행,건조,맑음,단일로 - 기타,승용,여,54세,상해없음,보행자,남,42세,중상
2019052000100621,2019년 5월 20일 20시,월요일,강원도 원주시 단계동,경상사고,0,0,2,0,차대차 - 측면충돌,안전거리미확보,건조,맑음,교차로 - 교차로부근,승용,남,65세,상해없음,승용,남,57세,경상
2019052000100648,2019년 5월 20일 21시,월요일,강원도 강릉시 입암동,경상사고,0,0,1,0,차대차 - 측면충돌,안전운전불이행,건조,맑음,교차로 - 교차로안,승용,남,39세,상해없음,이륜,남,18세,경상
2019052000100672,2019년 5월 20일 22시,월요일,강원도 강릉시 지변동,경상사고,0,0,1,0,차대차 - 측면충돌,안전운전불이행,건조,맑음,단일로 - 기타,승용,남,62세,상해없음,이륜,남,27세,경상
2019052100100045,2019년 5월 21일 00시,화요일,강원도 원주시 단계동,경상사고,0,0,1,0,차대차 - 추돌,안전운전불이행,건조,맑음,교차로 - 교차로부근,승용,남,28세,상해없음,승용,여,46세,경상
2019052100100117,2019년 5월 21일 07시,화요일,강원도 원주시 태장동,중상사고,0,1,0,0,차대차 - 기타,안전운전불이행,건조,맑음,교차로 - 교차로부근,승용,남,68세,상해없음,승용,남,31세,중상
2019052100100150,2019년 5월 21일 08시,화요일,강원도 동해시 발한동,경상사고,0,0,1,0,차대차 - 측면충돌,안전거리미확보,건조,맑음,단일로 - 기타,승합,여,55세,상해없음,승용,여,45세,경상
2019052100100250,2019년 5월 21일 10시,화요일,강원도 삼척시 신기면,경상사고,0,0,2,0,차대차 - 측면충돌,안전운전불이행,건조,맑음,단일로 - 지하차도(도로)내,농기계,남,83세,경상,승용,남,32세,상해없음
2019052100100281,2019년 5월 21일 11시,화요일,강원도 원주시 단계동,경상사고,0,0,1,0,차대차 - 측면충돌,교차로운행방법위반,건조,맑음,교차로 - 교차로안,승용,남,54세,경상,승합,남,44세,상해없음
2019052100100315,2019년 5월 21일 12시,화요일,강원도 춘천시 신북읍,경상사고,0,0,1,0,차대차 - 측면충돌,직진우회전진행방해,건조,맑음,단일로 - 기타,화물,남,83세,상해없음,승용,남,45세,경상
2019052100100316,2019년 5월 21일 12시,화요일,강원도 원주시 관설동,경상사고,0,0,2,0,차대차 - 측면충돌,신호위반,건조,맑음,교차로 - 교차로안,승용,여,26세,상해없음,화물,남,58세,경상
2019052100100317,2019년 5월 21일 12시,화요일,강원도 속초시 교동,경상사고,0,0,1,0,차대사람 - 길가장자리구역통행중,안전운전불이행,건조,맑음,교차로 - 교차로부근,기타불명,기타불명,미분류,기타불명,보행자,남,81세,경상
2019052100100345,2019년 5월 21일 13시,화요일,강원도 양양군 양양읍,경상사고,0,0,2,0,차대차 - 측면충돌,기타,건조,맑음,교차로 - 교차로안,승용,남,71세,상해없음,승용,여,29세,경상
2019052100100377,2019년 5월 21일 14시,화요일,강원도 삼척시 정상동,경상사고,0,0,1,0,차대차 - 추돌,안전거리미확보,건조,맑음,단일로 - 지하차도(도로)내,승용,남,60세,상해없음,승용,남,69세,상해없음
2019052100100444,2019년 5월 21일 16시,화요일,강원도 원주시 단계동,경상사고,0,0,7,0,차대차 - 추돌,안전운전불이행,건조,맑음,단일로 - 기타,승용,남,58세,상해없음,승용,여,51세,경상
2019052100100445,2019년 5월 21일 16시,화요일,강원도 홍천군 홍천읍,중상사고,0,1,1,0,차대차 - 기타,안전운전불이행,건조,맑음,교차로 - 교차로부근,승용,여,65세,상해없음,승용,여,69세,경상
2019052100100553,2019년 5월 21일 18시,화요일,강원도 원주시 원동,중상사고,0,1,0,0,차량단독 - 기타,안전운전불이행,건조,맑음,단일로 - 기타,승용,남,30세,기타불명,,,,
2019052100100604,2019년 5월 21일 19시,화요일,강원도 원주시 단계동,경상사고,0,0,2,0,차대차 - 기타,안전운전불이행,건조,맑음,단일로 - 기타,승용,남,53세,상해없음,승용,여,50세,기타불명
2019052100100643,2019년 5월 21일 20시,화요일,강원도 동해시 평릉동,사망사고,1,0,0,0,차대차 - 기타,보행자보호의무위반,건조,맑음,교차로 - 교차로안,승용,남,54세,상해없음,승용,여,72세,상해없음
2019052200100105,2019년 5월 22일 07시,수요일,강원도 춘천시 동면,경상사고,0,0,1,0,차대차 - 측면충돌,안전거리미확보,건조,맑음,단일로 - 기타,승용,남,52세,상해없음,화물,남,47세,경상
2019052200100106,2019년 5월 22일 07시,수요일,강원도 삼척시 사직동,경상사고,0,0,1,0,차대차 - 측면충돌,안전거리미확보,건조,맑음,단일로 - 지하차도(도로)내,승용,남,78세,상해없음,승용,남,47세,경상
2019052200100163,2019년 5월 22일 08시,수요일,강원도 강릉시 내곡동,중상사고,0,1,0,0,차대사람 - 횡단중,안전운전불이행,건조,맑음,단일로 - 기타,승용,남,61세,상해없음,보행자,여,76세,중상
2019052200100164,2019년 5월 22일 08시,수요일,강원도 속초시 동명동,경상사고,0,0,2,0,차대차 - 측면충돌,신호위반,건조,맑음,교차로 - 교차로안,승용,남,45세,상해없음,승용,여,50세,경상
2019052200100214,2019년 5월 22일 09시,수요일,강원도 춘천시 후평동,중상사고,0,1,1,0,차대차 - 추돌,안전거리미확보,건조,맑음,단일로 - 기타,이륜,남,50세,경상,승용,남,67세,중상
2019052200100215,2019년 5월 22일 09시,수요일,강원도 춘천시 우두동,경상사고,0,0,1,0,차대차 - 측면충돌,안전운전불이행,건조,맑음,단일로 - 기타,승용,남,43세,상해없음,승용,여,54세,경상
2019052200100244,2019년 5월 22일 10시,수요일,강원도 양양군 양양읍,중상사고,0,1,1,0,차대차 - 측면충돌,교차로운행방법위반,건조,맑음,교차로 - 교차로안,승용,남,68세,상해없음,화물,남,71세,경상
2019052200100270,2019년 5월 22일 11시,수요일,강원도 강릉시 홍제동,경상사고,0,0,2,0,차대차 - 측면충돌,신호위반,건조,맑음,교차로 - 교차로안,승용,남,57세,상해없음,승용,남,60세,경상
2019052200100271,2019년 5월 22일 11시,수요일,강원도 원주시 개운동,경상사고,0,0,1,0,차대차 - 측면충돌,교차로운행방법위반,건조,맑음,교차로 - 교차로안,승용,남,75세,상해없음,승용,남,27세,경상
2019052200100272,2019년 5월 22일 11시,수요일,강원도 동해시 발한동,경상사고,0,0,1,0,차대사람 - 기타,안전운전불이행,건조,맑음,단일로 - 기타,승용,여,45세,상해없음,보행자,여,67세,경상
2019052200100342,2019년 5월 22일 13시,수요일,강원도 춘천시 효자동,중상사고,0,1,0,0,차대차 - 기타,교차로운행방법위반,건조,맑음,교차로 - 교차로안,승용,남,45세,상해없음,승합,남,57세,상해없음
2019052200100343,2019년 5월 22일 13시,수요일,강원도 강릉시 홍제동,중상사고,0,1,0,0,차대차 - 측면충돌,안전운전불이행,건조,맑음,교차로 - 교차로안,승용,남,81세,상해없음,원동기,남,22세,중상
2019052200100344,2019년 5월 22일 13시,수요일,강원도 속초시 교동,경상사고,0,0,1,0,차대사람 - 길가장자리구역통행중,안전운전불이행,건조,맑음,단일로 - 기타,승합,남,39세,상해없음,보행자,여,33세,경상
2019052200100383,2019년 5월 22일 14시,수요일,강원도 강릉시 포남동,경상사고,0,0,1,0,차대차 - 측면충돌,안전운전불이행,건조,맑음,교차로 - 교차로안,승용,남,75세,상해없음,화물,남,46세,경상
2019052200100413,2019년 5월 22일 15시,수요일,강원도 횡성군 둔내면,중상사고,0,1,1,0,차대차 - 기타,안전운전불이행,건조,맑음,교차로 - 교차로안,승용,여,40세,중상,승용,남,38세,경상
2019052200100504,2019년 5월 22일 17시,수요일,강원도 원주시 태장동,경상사고,0,0,1,0,차대차 - 측면충돌,안전운전불이행,건조,맑음,교차로 - 교차로안,승용,남,77세,상해없음,자전거,여,12세,경상
2019052200100554,2019년 5월 22일 18시,수요일,강원도 동해시 용정동,중상사고,0,1,2,0,차대차 - 측면충돌,안전운전불이행,건조,맑음,교차로 - 교차로안,승용,여,56세,상해없음,승용,남,58세,경상
2019052200100597,2019년 5월 22일 19시,수요일,강원도 강릉시 홍제동,경상사고,0,0,3,0,차대차 - 측면충돌,신호위반,건조,맑음,교차로 - 교차로안,승용,여,54세,상해없음,승용,남,26세,경상
2019052200100688,2019년 5월 22일 22시,수요일,강원도 원주시 단구동,경상사고,0,0,4,0,차대차 - 기타,안전운전불이행,건조,기타,교차로 - 교차로안,승용,남,46세,상해없음,승용,남,47세,경상
2019052200100713,2019년 5월 22일 23시,수요일,강원도 춘천시 우두동,경상사고,0,0,1,0,차대차 - 기타,불법유턴,건조,맑음,교차로 - 교차로안,승용,여,52세,상해없음,승용,남,24세,경상
2019052200100714,2019년 5월 22일 23시,수요일,강원도 강릉시 포남동,중상사고,0,1,0,0,차대사람 - 횡단중,중앙선침범,건조,맑음,기타 - 기타,승용,남,33세,상해없음,보행자,여,37세,중상
2019052200100715,2019년 5월 22일 23시,수요일,강원도 강릉시 교동,경상사고,0,0,2,0,차대차 - 측면충돌,중앙선침범,건조,맑음,교차로 - 교차로안,승용,남,45세,상해없음,승용,남,55세,경상
2019052200100716,2019년 5월 22일 23시,수요일,강원도 속초시 조양동,경상사고,0,0,1,0,차대사람 - 횡단중,안전운전불이행,건조,맑음,기타 - 기타,승용,남,61세,상해없음,보행자,여,73세,경상
2019052300100075,2019년 5월 23일 04시,목요일,강원도 원주시 단계동,경상사고,0,0,1,0,차대차 - 추돌,안전거리미확보,건조,맑음,단일로 - 기타,승용,여,43세,상해없음,승용,남,32세,경상
2019052300100091,2019년 5월 23일 06시,목요일,강원도 춘천시 석사동,경상사고,0,0,2,0,차대차 - 측면충돌,신호위반,건조,맑음,교차로 - 교차로안,승용,남,71세,상해없음,승용,남,56세,경상
2019052300100092,2019년 5월 23일 06시,목요일,강원도 평창군 평창읍,경상사고,0,0,1,0,차대차 - 측면충돌,신호위반,건조,맑음,교차로 - 교차로안,승용,남,41세,상해없음,승용,남,59세,경상
2019052300100110,2019년 5월 23일 07시,목요일,강원도 원주시 태장동,경상사고,0,0,1,0,차대차 - 정면충돌,중앙선침범,건조,맑음,기타 - 기타,승용,남,33세,상해없음,승합,남,24세,경상
2019052300100155,2019년 5월 23일 08시,목요일,강원도 강릉시 교동,경상사고,0,0,4,0,차대차 - 측면충돌,안전운전불이행,건조,맑음,교차로 - 교차로안,승용,여,43세,경상,승용,여,45세,경상
2019052300100156,2019년 5월 23일 08시,목요일,강원도 원주시 단계동,경상사고,0,0,2,0,차대차 - 측면충돌,안전운전불이행,건조,맑음,단일로 - 기타,승용,남,59세,상해없음,승용,남,51세,경상
2019052300100157,2019년 5월 23일 08시,목요일,강원도 화천군 화천읍,경상사고,0,0,1,0,차대차 - 측면충돌,교차로운행방법위반,건조,맑음,교차로 - 교차로안,승용,여,40세,상해없음,승용,여,39세,경상
2019052300100158,2019년 5월 23일 08시,목요일,강원도 태백시 황지동,경상사고,0,0,1,0,차대차 - 측면충돌,중앙선침범,건조,맑음,교차로 - 교차로부근,승용,남,78세,상해없음,승합,남,39세,경상
2019052300100197,2019년 5월 23일 09시,목요일,강원도 양양군 현남면,중상사고,0,1,0,0,차대차 - 측면충돌,안전운전불이행,건조,맑음,단일로 - 고가도로위,화물,여,26세,상해없음,자전거,남,90세 이상,중상
2019052300100267,2019년 5월 23일 11시,목요일,강원도 원주시 단구동,경상사고,0,0,1,0,차대차 - 추돌,안전거리미확보,건조,맑음,단일로 - 기타,승용,여,59세,상해없음,이륜,남,35세,경상
2019052300100306,2019년 5월 23일 12시,목요일,강원도 춘천시 신북읍,중상사고,0,1,1,0,차대차 - 기타,안전운전불이행,건조,맑음,단일로 - 기타,화물,여,62세,기타불명,이륜,남,78세,경상
2019052300100372,2019년 5월 23일 14시,목요일,강원도 고성군 거진읍,사망사고,1,1,0,0,차대차 - 정면충돌,신호위반,건조,맑음,교차로 - 교차로안,이륜,남,36세,사망,화물,남,56세,중상
2019052300100404,2019년 5월 23일 15시,목요일,강원도 양양군 현북면,중상사고,0,2,1,0,차대차 - 측면충돌,중앙선침범,건조,맑음,단일로 - 기타,승용,남,59세,상해없음,승용,남,39세,중상
2019052300100448,2019년 5월 23일 16시,목요일,강원도 춘천시 후평동,경상사고,0,0,1,0,차대차 - 측면충돌,교차로운행방법위반,건조,맑음,단일로 - 기타,승합,남,50세,상해없음,화물,남,53세,경상
2019052300100478,2019년 5월 23일 17시,목요일,강원도 인제군 북면,경상사고,0,0,1,0,차대차 - 추돌,안전운전불이행,건조,맑음,교차로 - 교차로부근,승용,남,50세,상해없음,승용,여,44세,경상
2019052300100479,2019년 5월 23일 17시,목요일,강원도 동해시 효가동,경상사고,0,0,5,0,차대차 - 추돌,안전거리미확보,건조,맑음,교차로 - 교차로부근,승용,여,55세,상해없음,승용,남,49세,경상
2019052300100480,2019년 5월 23일 17시,목요일,강원도 동해시 이도동,중상사고,0,1,0,0,차대차 - 측면충돌,교차로운행방법위반,건조,맑음,교차로 - 교차로안,화물,남,76세,상해없음,이륜,남,71세,중상
2019052300100531,2019년 5월 23일 18시,목요일,강원도 원주시 관설동,중상사고,0,2,0,0,차대차 - 측면충돌,교차로운행방법위반,건조,맑음,교차로 - 교차로안,화물,남,62세,상해없음,화물,남,53세,중상
2019052300100583,2019년 5월 23일 19시,목요일,강원도 원주시 무실동,중상사고,0,1,0,0,차대차 - 측면충돌,신호위반,건조,맑음,교차로 - 교차로안,승용,남,22세,상해없음,이륜,남,45세,중상
2019052300100584,2019년 5월 23일 19시,목요일,강원도 양양군 양양읍,중상사고,0,1,0,0,차대사람 - 횡단중,안전운전불이행,건조,맑음,교차로 - 교차로부근,승용,여,39세,상해없음,보행자,여,90세 이상,중상
2019052300100683,2019년 5월 23일 22시,목요일,강원도 원주시 명륜동,경상사고,0,0,1,0,차대차 - 측면충돌,안전거리미확보,건조,맑음,단일로 - 기타,화물,남,50세,상해없음,승용,남,36세,경상
2019052400100111,2019년 5월 24일 07시,금요일,강원도 춘천시 효자동,경상사고,0,0,1,0,차대차 - 측면충돌,안전운전불이행,건조,맑음,단일로 - 기타,승용,남,49세,상해없음,승용,여,54세,경상
2019052400100146,2019년 5월 24일 08시,금요일,강원도 삼척시 정상동,경상사고,0,0,1,0,차대차 - 측면충돌,교차로운행방법위반,건조,맑음,교차로 - 교차로안,자전거,남,71세,경상,화물,남,70세,상해없음
2019052400100147,2019년 5월 24일 08시,금요일,강원도 평창군 대화면,경상사고,0,0,2,0,차대차 - 추돌,안전운전불이행,건조,맑음,단일로 - 기타,승용,여,55세,상해없음,승용,남,58세,경상
2019052400100148,2019년 5월 24일 08시,금요일,강원도 고성군 거진읍,경상사고,0,0,2,0,차대차 - 측면충돌,안전운전불이행,건조,맑음,교차로 - 교차로안,화물,여,68세,상해없음,승용,여,49세,경상
2019052400100189,2019년 5월 24일 09시,금요일,강원도 춘천시 동면,중상사고,0,1,1,0,차대차 - 추돌,안전운전불이행,건조,맑음,교차로 - 교차로부근,승용,남,25세,상해없음,화물,남,53세,경상
2019052400100258,2019년 5월 24일 11시,금요일,강원도 춘천시 석사동,경상사고,0,0,1,0,차대차 - 측면충돌,안전거리미확보,건조,맑음,단일로 - 기타,승용,여,57세,상해없음,승용,남,57세,경상
2019052400100259,2019년 5월 24일 11시,금요일,강원도 동해시 이도동,경상사고,0,0,1,0,차대차 - 측면충돌,안전운전불이행,젖음/습기,맑음,단일로 - 기타,건설기계,남,28세,상해없음,화물,여,59세,경상
2019052400100296,2019년 5월 24일 12시,금요일,강원도 원주시 태장동,중상사고,0,1,0,0,차대차 - 측면충돌,안전운전불이행,건조,맑음,단일로 - 기타,화물,남,71세,상해없음,승합,남,51세,중상
2019052400100297,2019년 5월 24일 12시,금요일,강원도 동해시 초구동,중상사고,0,1,0,0,차대차 - 측면충돌,안전운전불이행,건조,맑음,단일로 - 기타,승용,남,27세,상해없음,이륜,남,55세,중상
2019052400100340,2019년 5월 24일 13시,금요일,강원도 원주시 명륜동,경상사고,0,0,1,0,차대차 - 측면충돌,직진우회전진행방해,건조,맑음,교차로 - 교차로안,승용,여,48세,상해없음,이륜,남,20세,경상
2019052400100381,2019년 5월 24일 14시,금요일,강원도 태백시 화전동,경상사고,0,0,1,0,차대차 - 추돌,기타,건조,맑음,단일로 - 기타,승용,남,26세,상해없음,건설기계,남,70세,경상
2019052400100422,2019년 5월 24일 15시,금요일,강원도 속초시 교동,중상사고,0,1,0,0,차대사람 - 횡단중,안전운전불이행,건조,맑음,단일로 - 지하차도(도로)내,승용,여,38세,상해없음,보행자,여,12세,중상
2019052400100423,2019년 5월 24일 15시,금요일,강원도 속초시 동명동,경상사고,0,0,1,0,차대사람 - 횡단중,신호위반,건조,맑음,교차로 - 교차로안,승용,남,79세,상해없음,보행자,여,11세,경상
2019052400100473,2019년 5월 24일 16시,금요일,강원도 양양군 현북면,경상사고,0,0,3,0,차대차 - 추돌,안전운전불이행,건조,맑음,교차로 - 교차로안,승용,남,33세,상해없음,승용,여,58세,경상
2019052400100535,2019년 5월 24일 17시,금요일,강원도 강릉시 성남동,경상사고,0,0,2,0,차대사람 - 차도통행중,안전운전불이행,건조,맑음,교차로 - 교차로안,승용,남,61세,상해없음,보행자,여,27세,경상
2019052400100536,2019년 5월 24일 17시,금요일,강원도 원주시 일산동,경상사고,0,0,1,0,차대차 - 측면충돌,교차로운행방법위반,건조,맑음,교차로 - 교차로부근,승용,남,57세,상해없음,이륜,남,35세,경상