사고번호,사고일시,요일,시군구,사고내용,사망자수,중상자수,경상자수,부상신고자수,사고유형,법규위반,노면상태,기상상태,도로형태,가해운전자 차종,가해운전자 성별,가해운전자 연령,가해운전자 상해정도,피해운전자 차종,피해운전자 성별,피해운전자 연령,피해운전자 상해정도
2019052400100537,2019년 5월 24일 17시,금요일,강원도 원주시 개운동,경상사고,0,0,1,0,차대차 - 기타,직진우회전진행방해,건조,맑음,교차로 - 교차로안,승용,남,70세,상해없음,승용,남,70세,상해없음
2019052400100583,2019년 5월 24일 18시,금요일,강원도 원주시 태장동,경상사고,0,0,2,0,차대차 - 추돌,안전운전불이행,건조,맑음,단일로 - 기타,화물,남,61세,상해없음,승용,남,22세,경상
2019052400100584,2019년 5월 24일 18시,금요일,강원도 원주시 개운동,경상사고,0,0,2,0,차대차 - 측면충돌,안전운전불이행,건조,맑음,교차로 - 교차로부근,승합,남,64세,상해없음,승용,여,62세,경상
2019052400100585,2019년 5월 24일 18시,금요일,강원도 원주시 일산동,중상사고,0,1,0,0,차대차 - 측면충돌,교차로운행방법위반,건조,맑음,교차로 - 교차로안,승용,여,55세,상해없음,승용,여,50세,상해없음
2019052400100637,2019년 5월 24일 19시,금요일,강원도 춘천시 동내면,경상사고,0,0,3,0,차대차 - 측면충돌,안전운전불이행,건조,맑음,교차로 - 교차로부근,승용,남,64세,상해없음,건설기계,남,35세,경상
2019052400100638,2019년 5월 24일 19시,금요일,강원도 춘천시 근화동,경상사고,0,0,1,0,차대차 - 추돌,안전운전불이행,건조,맑음,단일로 - 기타,승용,여,54세,상해없음,승용,남,47세,경상
2019052400100739,2019년 5월 24일 22시,금요일,강원도 춘천시 효자동,경상사고,0,0,3,0,차대차 - 측면충돌,중앙선침범,건조,맑음,단일로 - 기타,이륜,남,38세,상해없음,승용,남,27세,경상
2019052400100740,2019년 5월 24일 22시,금요일,강원도 원주시 신림면,중상사고,0,1,0,0,차대사람 - 횡단중,보행자보호의무위반,건조,맑음,단일로 - 기타,승용,남,63세,상해없음,보행자,남,21세,중상
2019052400100765,2019년 5월 24일 23시,금요일,강원도 속초시 교동,중상사고,0,1,0,0,차대차 - 측면충돌,신호위반,건조,맑음,교차로 - 교차로안,승용,남,43세,상해없음,이륜,남,63세,중상
2019052500100082,2019년 5월 25일 04시,토요일,강원도 속초시 도문동,중상사고,0,1,2,0,차대차 - 측면충돌,안전운전불이행,건조,맑음,단일로 - 지하차도(도로)내,화물,남,73세,상해없음,승용,여,56세,경상
2019052500100128,2019년 5월 25일 07시,토요일,강원도 원주시 명륜동,경상사고,0,0,1,0,차대차 - 측면충돌,안전운전불이행,건조,맑음,단일로 - 기타,승용,남,19세,상해없음,승용,남,63세,경상
2019052500100129,2019년 5월 25일 07시,토요일,강원도 홍천군 내면,중상사고,0,1,0,0,차대차 - 추돌,안전운전불이행,건조,맑음,단일로 - 기타,자전거,남,53세,상해없음,자전거,남,40세,중상
2019052500100130,2019년 5월 25일 07시,토요일,강원도 철원군 동송읍,경상사고,0,0,1,0,차대차 - 측면충돌,교차로운행방법위반,건조,맑음,교차로 - 교차로안,화물,남,63세,상해없음,화물,남,55세,경상
2019052500100161,2019년 5월 25일 08시,토요일,강원도 강릉시 교동,경상사고,0,0,2,0,차대차 - 측면충돌,안전운전불이행,건조,맑음,교차로 - 교차로안,승용,남,50세,상해없음,승용,남,62세,경상
2019052500100247,2019년 5월 25일 11시,토요일,강원도 춘천시 근화동,경상사고,0,0,3,0,차대차 - 기타,교차로운행방법위반,건조,맑음,교차로 - 교차로안,건설기계,남,72세,상해없음,승용,여,24세,경상
2019052500100248,2019년 5월 25일 11시,토요일,강원도 강릉시 견소동,중상사고,0,1,0,0,차대사람 - 기타,안전운전불이행,건조,맑음,단일로 - 기타,승용,남,39세,상해없음,보행자,여,8세,중상
2019052500100249,2019년 5월 25일 11시,토요일,강원도 양양군 서면,중상사고,0,2,2,0,차대차 - 측면충돌,중앙선침범,건조,맑음,단일로 - 고가도로위,승용,여,65세,중상,승용,남,36세,경상
2019052500100250,2019년 5월 25일 11시,토요일,강원도 철원군 동송읍,경상사고,0,0,3,0,차대차 - 측면충돌,교차로운행방법위반,건조,맑음,교차로 - 교차로안,화물,남,61세,경상,승용,남,78세,경상
2019052500100331,2019년 5월 25일 13시,토요일,강원도 춘천시 동산면,부상신고사고,0,0,0,1,차대차 - 기타,안전운전불이행,건조,맑음,단일로 - 기타,기타불명,기타불명,미분류,기타불명,승용,남,27세,상해없음
2019052500100332,2019년 5월 25일 13시,토요일,강원도 원주시 태장동,경상사고,0,0,1,0,차대사람 - 차도통행중,안전운전불이행,건조,맑음,단일로 - 기타,화물,남,48세,상해없음,보행자,남,52세,경상
2019052500100333,2019년 5월 25일 13시,토요일,강원도 횡성군 청일면,중상사고,0,1,0,0,차대차 - 정면충돌,중앙선침범,건조,맑음,단일로 - 기타,자전거,남,54세,중상,화물,남,47세,상해없음
2019052500100368,2019년 5월 25일 14시,토요일,강원도 춘천시 후평동,중상사고,0,1,1,0,차대차 - 측면충돌,직진우회전진행방해,건조,맑음,교차로 - 교차로안,이륜,남,23세,중상,승용,남,30세,경상
2019052500100407,2019년 5월 25일 15시,토요일,강원도 춘천시 효자동,경상사고,0,0,1,0,차대차 - 측면충돌,교차로운행방법위반,건조,맑음,교차로 - 교차로안,승용,여,24세,상해없음,이륜,남,25세,경상
2019052500100408,2019년 5월 25일 15시,토요일,강원도 홍천군 홍천읍,경상사고,0,0,1,0,차대차 - 기타,교차로운행방법위반,건조,맑음,교차로 - 교차로안,승용,여,22세,상해없음,승용,여,30세,경상
2019052500100525,2019년 5월 25일 18시,토요일,강원도 강릉시 포남동,경상사고,0,0,3,0,차대차 - 측면충돌,안전운전불이행,건조,맑음,교차로 - 교차로안,화물,남,65세,상해없음,승합,남,71세,경상
2019052500100526,2019년 5월 25일 18시,토요일,강원도 홍천군 홍천읍,중상사고,0,1,0,0,차대사람 - 기타,안전운전불이행,건조,맑음,교차로 - 교차로안,승용,남,49세,상해없음,보행자,여,80세,중상
2019052500100527,2019년 5월 25일 18시,토요일,강원도 철원군 갈말읍,중상사고,0,1,0,0,차량단독 - 도로외이탈 - 추락,안전운전불이행,건조,맑음,단일로 - 기타,이륜,남,70세,중상,,,,
2019052500100560,2019년 5월 25일 19시,토요일,강원도 홍천군 홍천읍,경상사고,0,0,2,0,차대차 - 기타,안전운전불이행,건조,맑음,단일로 - 기타,승용,남,57세,상해없음,승용,여,31세,경상
2019052500100561,2019년 5월 25일 19시,토요일,강원도 동해시 어달동,경상사고,0,0,1,0,차대차 - 기타,안전운전불이행,건조,맑음,교차로 - 교차로안,화물,남,38세,상해없음,자전거,남,39세,경상
2019052500100587,2019년 5월 25일 20시,토요일,강원도 춘천시 온의동,경상사고,0,0,1,0,차대차 - 기타,불법유턴,건조,맑음,기타 - 기타,승용,남,62세,상해없음,승용,남,34세,경상
2019052500100588,2019년 5월 25일 20시,토요일,강원도 강릉시 강문동,중상사고,0,2,0,0,차대차 - 측면충돌,안전운전불이행,건조,맑음,교차로 - 교차로안,승용,여,59세,상해없음,승용,남,27세,중상
2019052500100626,2019년 5월 25일 21시,토요일,강원도 원주시 단구동,경상사고,0,0,3,1,차대차 - 기타,안전운전불이행,건조,맑음,교차로 - 교차로부근,승용,남,61세,상해없음,승용,남,42세,상해없음
2019052500100627,2019년 5월 25일 21시,토요일,강원도 원주시 관설동,중상사고,0,1,0,0,차대사람 - 횡단중,안전운전불이행,건조,맑음,교차로 - 교차로안,승용,남,53세,상해없음,보행자,여,68세,중상
2019052500100628,2019년 5월 25일 21시,토요일,강원도 속초시 조양동,경상사고,0,0,2,0,차대차 - 추돌,안전운전불이행,건조,맑음,단일로 - 지하차도(도로)내,승용,남,40세,상해없음,승용,여,53세,경상
2019052600100025,2019년 5월 26일 00시,일요일,강원도 원주시 단계동,경상사고,0,0,1,0,차대차 - 후진중충돌,안전운전불이행,건조,맑음,단일로 - 기타,승용,여,47세,상해없음,승용,남,18세,경상
2019052600100053,2019년 5월 26일 02시,일요일,강원도 원주시 단계동,경상사고,0,0,1,0,차대사람 - 보도통행중,안전운전불이행,건조,맑음,단일로 - 기타,승용,남,25세,기타불명,보행자,남,24세,경상
2019052600100066,2019년 5월 26일 03시,일요일,강원도 원주시 무실동,중상사고,0,1,3,0,차대차 - 측면충돌,신호위반,건조,맑음,교차로 - 교차로안,승용,남,59세,경상,승용,남,23세,중상
2019052600100127,2019년 5월 26일 09시,일요일,강원도 강릉시 교동,경상사고,0,0,13,0,차대차 - 측면충돌,신호위반,건조,맑음,교차로 - 교차로안,승합,남,52세,경상,승합,남,34세,경상
2019052600100128,2019년 5월 26일 09시,일요일,강원도 정선군 정선읍,중상사고,0,2,0,0,차대차 - 기타,안전운전불이행,건조,맑음,단일로 - 기타,농기계,남,76세,중상,화물,남,58세,상해없음
2019052600100155,2019년 5월 26일 10시,일요일,강원도 춘천시 동면,경상사고,0,0,1,0,차대차 - 추돌,안전거리미확보,건조,맑음,단일로 - 기타,승용,남,42세,상해없음,승용,여,57세,경상
2019052600100183,2019년 5월 26일 11시,일요일,강원도 원주시 판부면,경상사고,0,0,3,0,차대차 - 측면충돌,안전운전불이행,건조,맑음,단일로 - 기타,승용,여,61세,상해없음,이륜,남,45세,경상
2019052600100184,2019년 5월 26일 11시,일요일,강원도 원주시 명륜동,경상사고,0,0,1,0,차대차 - 측면충돌,신호위반,건조,맑음,교차로 - 교차로안,이륜,남,16세,상해없음,승용,남,37세,경상
2019052600100185,2019년 5월 26일 11시,일요일,강원도 평창군 평창읍,경상사고,0,0,2,0,차대차 - 추돌,과속,건조,맑음,교차로 - 교차로부근,화물,남,59세,상해없음,승용,남,26세,경상
2019052600100220,2019년 5월 26일 12시,일요일,강원도 홍천군 북방면,경상사고,0,0,1,0,차대차 - 기타,교차로운행방법위반,건조,맑음,교차로 - 교차로안,승용,남,60세,상해없음,이륜,남,37세,경상
2019052600100325,2019년 5월 26일 15시,일요일,강원도 춘천시 효자동,경상사고,0,0,2,0,차대차 - 측면충돌,안전운전불이행,건조,맑음,단일로 - 기타,원동기,남,51세,상해없음,승용,남,27세,경상
2019052600100326,2019년 5월 26일 15시,일요일,강원도 횡성군 둔내면,경상사고,0,0,2,0,차대차 - 측면충돌,안전운전불이행,건조,맑음,단일로 - 기타,승용,남,32세,상해없음,승용,남,29세,경상
2019052600100366,2019년 5월 26일 16시,일요일,강원도 춘천시 동산면,중상사고,0,3,0,0,차대차 - 기타,중앙선침범,건조,맑음,단일로 - 기타,승용,남,73세,중상,화물,남,51세,중상
2019052600100398,2019년 5월 26일 17시,일요일,강원도 강릉시 교동,경상사고,0,0,1,0,차대차 - 후진중충돌,안전운전불이행,건조,맑음,단일로 - 기타,승용,남,24세,기타불명,승용,여,27세,경상
2019052600100446,2019년 5월 26일 19시,일요일,강원도 원주시 명륜동,경상사고,0,0,1,0,차량단독 - 기타,안전운전불이행,건조,맑음,단일로 - 기타,기타불명,기타불명,미분류,기타불명,,,,
2019052600100474,2019년 5월 26일 20시,일요일,강원도 춘천시 퇴계동,경상사고,0,0,3,0,차대차 - 측면충돌,신호위반,건조,맑음,교차로 - 교차로안,승용,남,78세,경상,승용,남,40세,경상
2019052600100475,2019년 5월 26일 20시,일요일,강원도 속초시 조양동,중상사고,0,1,0,0,차대사람 - 보도통행중,기타,건조,맑음,단일로 - 교량,원동기,여,28세,상해없음,보행자,남,77세,중상
2019052600100476,2019년 5월 26일 20시,일요일,강원도 홍천군 홍천읍,경상사고,0,0,1,0,차량단독 - 기타,안전운전불이행,건조,맑음,단일로 - 기타,화물,여,60세,상해없음,,,,
2019052700100060,2019년 5월 27일 04시,월요일,강원도 춘천시 동면,경상사고,0,0,1,0,차대차 - 추돌,안전거리미확보,건조,맑음,단일로 - 기타,승용,남,27세,상해없음,농기계,남,63세,경상
2019052700100061,2019년 5월 27일 04시,월요일,강원도 동해시 발한동,중상사고,0,1,0,0,차대차 - 기타,안전운전불이행,건조,맑음,단일로 - 기타,승용,남,81세,상해없음,자전거,남,71세,중상
2019052700100085,2019년 5월 27일 06시,월요일,강원도 평창군 용평면,경상사고,0,0,1,0,차대차 - 측면충돌,안전운전불이행,젖음/습기,흐림,교차로 - 교차로부근,승용,여,59세,경상,화물,남,46세,상해없음
2019052700100103,2019년 5월 27일 07시,월요일,강원도 춘천시 동내면,경상사고,0,0,2,0,차대차 - 측면충돌,신호위반,젖음/습기,비,교차로 - 교차로안,승용,남,71세,경상,승용,여,26세,경상
2019052700100104,2019년 5월 27일 07시,월요일,강원도 원주시 개운동,경상사고,0,0,1,0,차대차 - 추돌,안전운전불이행,젖음/습기,비,교차로 - 교차로부근,승용,남,18세,상해없음,승용,여,41세,경상
2019052700100105,2019년 5월 27일 07시,월요일,강원도 홍천군 화촌면,경상사고,0,0,1,0,차대차 - 기타,안전운전불이행,건조,맑음,단일로 - 기타,화물,남,64세,상해없음,농기계,남,57세,경상
2019052700100150,2019년 5월 27일 08시,월요일,강원도 동해시 천곡동,경상사고,0,0,1,0,차대차 - 측면충돌,신호위반,젖음/습기,비,교차로 - 교차로안,승용,여,63세,상해없음,승용,여,24세,경상
2019052700100238,2019년 5월 27일 10시,월요일,강원도 원주시 단구동,경상사고,0,0,1,0,차대차 - 기타,안전운전불이행,젖음/습기,흐림,단일로 - 기타,화물,남,38세,기타불명,자전거,여,51세,경상
2019052700100275,2019년 5월 27일 11시,월요일,강원도 원주시 가현동,경상사고,0,0,2,0,차대차 - 추돌,교차로운행방법위반,건조,맑음,교차로 - 교차로안,승용,남,71세,상해없음,승용,남,56세,경상
2019052700100276,2019년 5월 27일 11시,월요일,강원도 원주시 지정면,중상사고,0,1,2,0,차대차 - 측면충돌,기타,젖음/습기,흐림,교차로 - 교차로안,승용,여,35세,중상,승용,여,40세,경상
2019052700100302,2019년 5월 27일 12시,월요일,강원도 춘천시 동면,중상사고,0,1,2,0,차대차 - 추돌,안전운전불이행,젖음/습기,비,단일로 - 기타,화물,남,38세,상해없음,승용,남,35세,경상
2019052700100303,2019년 5월 27일 12시,월요일,강원도 평창군 대관령면,경상사고,0,0,2,0,차대차 - 측면충돌,안전운전불이행,건조,맑음,교차로 - 교차로안,화물,남,81세,상해없음,승용,남,18세,상해없음
2019052700100304,2019년 5월 27일 12시,월요일,강원도 태백시 황지동,경상사고,0,0,1,0,차대차 - 측면충돌,안전운전불이행,젖음/습기,비,단일로 - 기타,승용,남,72세,상해없음,승용,남,62세,경상
2019052700100305,2019년 5월 27일 12시,월요일,강원도 정선군 사북읍,사망사고,1,1,0,0,차량단독 - 공작물충돌,과속,젖음/습기,비,단일로 - 교량,승용,남,70세,사망,,,,
2019052700100341,2019년 5월 27일 13시,월요일,강원도 동해시 효가동,경상사고,0,0,1,0,차대차 - 측면충돌,교차로운행방법위반,건조,맑음,교차로 - 교차로안,승용,여,32세,상해없음,승용,여,54세,경상
2019052700100376,2019년 5월 27일 14시,월요일,강원도 원주시 단구동,경상사고,0,0,1,0,차대차 - 추돌,안전거리미확보,젖음/습기,비,교차로 - 교차로부근,승용,남,79세,상해없음,승용,여,56세,경상
2019052700100407,2019년 5월 27일 15시,월요일,강원도 춘천시 석사동,경상사고,0,0,1,0,차대차 - 측면충돌,안전거리미확보,건조,맑음,단일로 - 기타,화물,남,59세,상해없음,승용,여,33세,경상
2019052700100408,2019년 5월 27일 15시,월요일,강원도 속초시 중앙동,경상사고,0,0,1,0,차대사람 - 차도통행중,중앙선침범,건조,맑음,단일로 - 지하차도(도로)내,승용,여,36세,상해없음,보행자,남,60세,경상
2019052700100439,2019년 5월 27일 16시,월요일,강원도 원주시 단구동,경상사고,0,0,1,0,차대차 - 추돌,안전운전불이행,젖음/습기,맑음,교차로 - 교차로부근,승용,여,48세,상해없음,승용,여,51세,경상
2019052700100440,2019년 5월 27일 16시,월요일,강원도 태백시 황지동,경상사고,0,0,1,0,차대사람 - 횡단중,보행자보호의무위반,건조,흐림,단일로 - 기타,승용,여,62세,상해없음,보행자,여,54세,경상
2019052700100473,2019년 5월 27일 17시,월요일,강원도 원주시 흥업면,경상사고,0,0,1,0,차대차 - 추돌,안전운전불이행,건조,맑음,교차로 - 교차로부근,승용,남,39세,상해없음,승용,남,48세,경상
2019052700100474,2019년 5월 27일 17시,월요일,강원도 원주시 신림면,중상사고,0,1,5,0,차대차 - 추돌,안전거리미확보,젖음/습기,비,단일로 - 기타,화물,남,65세,경상,승용,남,62세,중상
2019052700100576,2019년 5월 27일 20시,월요일,강원도 원주시 개운동,경상사고,0,0,1,0,차대차 - 측면충돌,신호위반,건조,맑음,교차로 - 교차로안,승용,남,61세,상해없음,승용,여,24세,경상
2019052800100066,2019년 5월 28일 04시,화요일,강원도 강릉시 옥천동,경상사고,0,0,3,0,차대차 - 측면충돌,안전운전불이행,건조,맑음,교차로 - 교차로안,승용,남,47세,상해없음,승용,남,33세,경상
2019052800100080,2019년 5월 28일 06시,화요일,강원도 화천군 화천읍,중상사고,0,1,0,0,차대차 - 기타,신호위반,건조,맑음,교차로 - 교차로안,승용,남,24세,상해없음,자전거,남,30세,중상
2019052800100188,2019년 5월 28일 09시,화요일,강원도 화천군 하남면,경상사고,0,0,1,0,차대차 - 추돌,안전운전불이행,건조,맑음,교차로 - 교차로안,건설기계,남,59세,상해없음,승용,남,29세,경상
2019052800100189,2019년 5월 28일 09시,화요일,강원도 고성군 간성읍,경상사고,0,0,2,0,차대차 - 측면충돌,안전운전불이행,건조,맑음,교차로 - 교차로부근,화물,남,58세,상해없음,승용,남,46세,경상
2019052800100224,2019년 5월 28일 10시,화요일,강원도 원주시 행구동,경상사고,0,0,1,0,차대차 - 측면충돌,안전운전불이행,건조,맑음,기타 - 기타,승용,남,66세,상해없음,승용,남,24세,경상
2019052800100256,2019년 5월 28일 11시,화요일,강원도 춘천시 교동,경상사고,0,0,2,0,차대차 - 측면충돌,직진우회전진행방해,건조,맑음,교차로 - 교차로안,승용,남,64세,상해없음,승용,남,40세,경상
2019052800100257,2019년 5월 28일 11시,화요일,강원도 강릉시 입암동,중상사고,0,1,0,0,차대차 - 측면충돌,신호위반,건조,맑음,교차로 - 교차로안,승용,남,67세,상해없음,자전거,남,76세,중상
2019052800100315,2019년 5월 28일 13시,화요일,강원도 춘천시 효자동,경상사고,0,0,1,0,차대차 - 측면충돌,교차로운행방법위반,건조,맑음,교차로 - 교차로안,승용,여,48세,상해없음,승용,여,41세,경상
2019052800100316,2019년 5월 28일 13시,화요일,강원도 원주시 일산동,경상사고,0,0,1,0,차대차 - 정면충돌,안전운전불이행,건조,맑음,교차로 - 교차로부근,화물,여,59세,상해없음,승용,여,56세,경상
2019052800100359,2019년 5월 28일 14시,화요일,강원도 춘천시 남산면,경상사고,0,0,1,0,차대차 - 측면충돌,안전운전불이행,건조,맑음,단일로 - 기타,화물,남,36세,상해없음,승용,여,54세,상해없음
2019052800100360,2019년 5월 28일 14시,화요일,강원도 원주시 일산동,경상사고,0,0,1,0,차대사람 - 길가장자리구역통행중,안전운전불이행,건조,맑음,단일로 - 기타,승용,남,62세,상해없음,보행자,여,24세,경상
2019052800100361,2019년 5월 28일 14시,화요일,강원도 영월군 남면,부상신고사고,0,0,0,1,차대차 - 추돌,안전거리미확보,건조,맑음,교차로 - 교차로안,건설기계,남,58세,상해없음,특수,남,36세,부상신고
2019052800100410,2019년 5월 28일 15시,화요일,강원도 원주시 명륜동,중상사고,0,1,0,0,차대사람 - 보도통행중,신호위반,건조,맑음,단일로 - 기타,승용,여,28세,상해없음,보행자,여,60세,중상
2019052800100411,2019년 5월 28일 15시,화요일,강원도 원주시 문막읍,경상사고,0,0,1,0,차대차 - 측면충돌,안전운전불이행,건조,맑음,교차로 - 교차로안,승용,남,58세,상해없음,승용,남,57세,경상
2019052800100412,2019년 5월 28일 15시,화요일,강원도 홍천군 홍천읍,경상사고,0,0,1,0,차대차 - 측면충돌,안전거리미확보,건조,맑음,교차로 - 교차로안,승용,남,21세,상해없음,화물,남,59세,경상
2019052800100459,2019년 5월 28일 16시,화요일,강원도 춘천시 동면,경상사고,0,0,5,0,차대차 - 측면충돌,중앙선침범,건조,맑음,기타 - 기타,승용,남,67세,상해없음,승용,남,66세,경상
2019052800100460,2019년 5월 28일 16시,화요일,강원도 강릉시 주문진읍,중상사고,0,1,0,0,차대차 - 기타,안전운전불이행,건조,맑음,교차로 - 교차로안,승합,남,63세,상해없음,자전거,여,74세,중상
2019052800100461,2019년 5월 28일 16시,화요일,강원도 원주시 단구동,경상사고,0,0,1,0,차대차 - 추돌,기타,건조,맑음,교차로 - 교차로안,이륜,남,17세,경상,승용,여,45세,상해없음
2019052800100462,2019년 5월 28일 16시,화요일,강원도 홍천군 홍천읍,중상사고,0,1,1,0,차대차 - 추돌,안전운전불이행,건조,맑음,단일로 - 기타,화물,남,64세,중상,화물,남,36세,상해없음
2019052800100525,2019년 5월 28일 17시,화요일,강원도 원주시 평원동,중상사고,0,1,0,0,차대사람 - 횡단중,안전운전불이행,건조,맑음,단일로 - 기타,승용,여,46세,상해없음,보행자,여,54세,중상
2019052800100526,2019년 5월 28일 17시,화요일,강원도 동해시 효가동,중상사고,0,1,0,0,차대사람 - 횡단중,보행자보호의무위반,건조,맑음,교차로 - 교차로횡단보도내,승용,남,64세,상해없음,보행자,남,67세,중상
2019052800100585,2019년 5월 28일 18시,화요일,강원도 원주시 인동,경상사고,0,0,1,0,차대차 - 측면충돌,안전운전불이행,건조,맑음,단일로 - 기타,승용,여,28세,상해없음,승용,남,65세,경상
2019052800100586,2019년 5월 28일 18시,화요일,강원도 원주시 호저면,경상사고,0,0,1,0,차대차 - 측면충돌,교차로운행방법위반,건조,맑음,교차로 - 교차로안,승용,여,61세,상해없음,화물,남,58세,경상
2019052800100587,2019년 5월 28일 18시,화요일,강원도 삼척시 우지동,경상사고,0,0,1,0,차대차 - 추돌,안전운전불이행,건조,맑음,단일로 - 기타,승용,남,51세,상해없음,승합,남,48세,경상
2019052800100588,2019년 5월 28일 18시,화요일,강원도 고성군 간성읍,경상사고,0,0,1,0,차대차 - 측면충돌,기타,건조,맑음,단일로 - 기타,화물,남,57세,상해없음,농기계,남,71세,경상
2019052800100631,2019년 5월 28일 19시,화요일,강원도 평창군 진부면,경상사고,0,0,2,0,차대차 - 측면충돌,중앙선침범,건조,맑음,단일로 - 기타,승용,남,61세,상해없음,승용,남,26세,경상
2019052800100670,2019년 5월 28일 20시,화요일,강원도 춘천시 온의동,부상신고사고,0,0,0,1,차대사람 - 보도통행중,기타,건조,맑음,단일로 - 기타,자전거,여,23세,상해없음,보행자,여,75세,부상신고
2019052800100671,2019년 5월 28일 20시,화요일,강원도 강릉시 포남동,경상사고,0,0,1,0,차대차 - 측면충돌,안전운전불이행,건조,맑음,단일로 - 기타,승용,여,47세,상해없음,원동기,남,28세,경상
2019052800100672,2019년 5월 28일 20시,화요일,강원도 강릉시 청량동,경상사고,0,0,1,0,차대차 - 측면충돌,안전운전불이행,건조,맑음,교차로 - 교차로안,승용,남,57세,상해없음,승용,남,23세,경상
2019052800100738,2019년 5월 28일 22시,화요일,강원도 원주시 행구동,경상사고,0,0,2,0,차대차 - 측면충돌,신호위반,건조,맑음,교차로 - 교차로안,승용,남,53세,상해없음,승용,여,38세,경상
2019052900100045,2019년 5월 29일 01시,수요일,강원도 강릉시 입암동,경상사고,0,0,2,0,차대차 - 추돌,안전운전불이행,건조,맑음,교차로 - 교차로부근,승합,남,64세,상해없음,승용,남,27세,경상
2019052900100139,2019년 5월 29일 08시,수요일,강원도 원주시 인동,경상사고,0,0,2,0,차대차 - 측면충돌,교차로운행방법위반,건조,맑음,교차로 - 교차로안,승용,여,53세,상해없음,승용,여,48세,경상
2019052900100140,2019년 5월 29일 08시,수요일,강원도 삼척시 남양동,경상사고,0,0,1,0,차대차 - 측면충돌,안전운전불이행,건조,맑음,단일로 - 기타,승용,여,59세,상해없음,화물,남,56세,기타불명
2019052900100141,2019년 5월 29일 08시,수요일,강원도 홍천군 홍천읍,경상사고,0,0,1,0,차대차 - 기타,안전운전불이행,건조,맑음,단일로 - 기타,이륜,남,78세,경상,화물,남,32세,상해없음
2019052900100184,2019년 5월 29일 09시,수요일,강원도 춘천시 중앙로2가,중상사고,0,1,0,1,차대차 - 측면충돌,차로위반,건조,맑음,단일로 - 기타,화물,남,66세,상해없음,승합,남,52세,부상신고
2019052900100185,2019년 5월 29일 09시,수요일,강원도 평창군 방림면,중상사고,0,1,0,0,차대차 - 측면충돌,과속,건조,맑음,교차로 - 교차로횡단보도내,승용,남,33세,상해없음,화물,남,66세,중상
2019052900100186,2019년 5월 29일 09시,수요일,강원도 태백시 황지동,중상사고,0,1,0,0,차대차 - 측면충돌,불법유턴,건조,맑음,교차로 - 교차로안,승용,남,77세,상해없음,이륜,남,22세,중상
2019052900100187,2019년 5월 29일 09시,수요일,강원도 고성군 토성면,중상사고,0,1,2,0,차대차 - 측면충돌,안전거리미확보,건조,맑음,기타 - 기타,사륜오토바이(ATV),여,69세,중상,승용,남,22세,경상
2019052900100222,2019년 5월 29일 10시,수요일,강원도 원주시 반곡동,경상사고,0,0,1,0,차대차 - 측면충돌,안전운전불이행,건조,맑음,교차로 - 교차로부근,승용,남,74세,상해없음,승용,남,32세,경상
2019052900100223,2019년 5월 29일 10시,수요일,강원도 고성군 간성읍,부상신고사고,0,0,0,1,차량단독 - 전도전복 - 전도,안전운전불이행,건조,맑음,단일로 - 기타,이륜,여,70세,부상신고,,,,
2019052900100253,2019년 5월 29일 11시,수요일,강원도 강릉시 성산면,경상사고,0,0,1,0,차대차 - 측면충돌,안전운전불이행,건조,맑음,교차로 - 교차로안,승용,여,47세,상해없음,승용,남,76세,경상
2019052900100254,2019년 5월 29일 11시,수요일,강원도 강릉시 옥천동,경상사고,0,0,2,0,차대차 - 측면충돌,안전운전불이행,건조,맑음,교차로 - 교차로부근,승용,여,71세,상해없음,승용,남,37세,경상
2019052900100317,2019년 5월 29일 13시,수요일,강원도 춘천시 퇴계동,경상사고,0,0,1,0,차대차 - 기타,안전운전불이행,건조,맑음,단일로 - 기타,화물,남,53세,상해없음,건설기계,남,43세,경상
2019052900100344,2019년 5월 29일 14시,수요일,강원도 춘천시 퇴계동,경상사고,0,0,1,0,차대차 - 측면충돌,안전거리미확보,건조,맑음,단일로 - 기타,건설기계,남,63세,상해없음,승용,남,66세,경상
2019052900100345,2019년 5월 29일 14시,수요일,강원도 원주시 학성동,경상사고,0,0,1,0,차대차 - 측면충돌,신호위반,건조,맑음,교차로 - 교차로안,승합,남,32세,상해없음,승용,여,38세,경상
2019052900100398,2019년 5월 29일 15시,수요일,강원도 태백시 황지동,경상사고,0,0,1,0,차대사람 - 기타,안전운전불이행,건조,맑음,교차로 - 교차로안,승합,남,58세,상해없음,보행자,남,15세,경상
2019052900100399,2019년 5월 29일 15시,수요일,강원도 양구군 양구읍,중상사고,0,1,0,0,차대차 - 기타,교차로운행방법위반,건조,맑음,교차로 - 교차로안,승합,남,64세,상해없음,승용,남,52세,상해없음
2019052900100437,2019년 5월 29일 16시,수요일,강원도 춘천시 온의동,경상사고,0,0,1,0,차대차 - 후진중충돌,안전운전불이행,건조,맑음,교차로 - 교차로안,승용,남,64세,상해없음,승용,여,29세,경상
2019052900100438,2019년 5월 29일 16시,수요일,강원도 춘천시 후평동,중상사고,0,1,0,0,차대사람 - 차도통행중,보행자보호의무위반,건조,흐림,단일로 - 기타,승용,여,25세,상해없음,보행자,남,63세,중상