사고번호,사고일시,요일,시군구,사고내용,사망자수,중상자수,경상자수,부상신고자수,사고유형,법규위반,노면상태,기상상태,도로형태,가해운전자 차종,가해운전자 성별,가해운전자 연령,가해운전자 상해정도,피해운전자 차종,피해운전자 성별,피해운전자 연령,피해운전자 상해정도
2019052900100439,2019년 5월 29일 16시,수요일,강원도 원주시 무실동,경상사고,0,0,1,0,차대차 - 기타,안전운전불이행,건조,맑음,교차로 - 교차로안,승용,남,40세,상해없음,자전거,남,12세,경상
2019052900100440,2019년 5월 29일 16시,수요일,강원도 삼척시 가곡면,경상사고,0,0,1,0,차대차 - 측면충돌,중앙선침범,건조,맑음,단일로 - 기타,화물,남,72세,상해없음,화물,남,48세,경상
2019052900100441,2019년 5월 29일 16시,수요일,강원도 홍천군 내촌면,사망사고,1,0,0,0,차량단독 - 공작물충돌,안전운전불이행,건조,맑음,단일로 - 기타,화물,남,40세,사망,,,,
2019052900100442,2019년 5월 29일 16시,수요일,강원도 횡성군 횡성읍,경상사고,0,0,1,0,차대차 - 측면충돌,교차로운행방법위반,건조,맑음,교차로 - 교차로안,건설기계,남,45세,상해없음,승용,남,36세,경상
2019052900100497,2019년 5월 29일 17시,수요일,강원도 원주시 지정면,경상사고,0,0,1,0,차대차 - 측면충돌,중앙선침범,건조,맑음,교차로 - 교차로부근,특수,남,63세,상해없음,승용,남,60세,경상
2019052900100498,2019년 5월 29일 17시,수요일,강원도 삼척시 교동,부상신고사고,0,0,0,1,차량단독 - 공작물충돌,안전운전불이행,건조,맑음,단일로 - 기타,이륜,남,20세,부상신고,,,,
2019052900100499,2019년 5월 29일 17시,수요일,강원도 동해시 천곡동,경상사고,0,0,1,0,차대차 - 측면충돌,안전운전불이행,건조,맑음,단일로 - 기타,원동기,남,25세,상해없음,승용,여,44세,경상
2019052900100551,2019년 5월 29일 18시,수요일,강원도 원주시 판부면,부상신고사고,0,0,0,1,차대차 - 기타,안전운전불이행,건조,맑음,단일로 - 기타,원동기,남,19세,부상신고,승용,남,40세,상해없음
2019052900100552,2019년 5월 29일 18시,수요일,강원도 인제군 인제읍,중상사고,0,1,0,0,차대차 - 추돌,중앙선침범,건조,맑음,단일로 - 기타,승용,남,27세,상해없음,승합,남,39세,상해없음
2019052900100639,2019년 5월 29일 20시,수요일,강원도 횡성군 공근면,중상사고,0,1,0,0,차대차 - 추돌,안전운전불이행,건조,맑음,단일로 - 기타,승용,남,42세,상해없음,농기계,남,78세,중상
2019052900100640,2019년 5월 29일 20시,수요일,강원도 횡성군 공근면,중상사고,0,1,0,0,차대차 - 추돌,과속,건조,맑음,단일로 - 기타,승용,남,27세,상해없음,농기계,남,78세,중상
2019052900100641,2019년 5월 29일 20시,수요일,강원도 동해시 천곡동,경상사고,0,0,1,0,차대차 - 측면충돌,신호위반,건조,맑음,교차로 - 교차로안,승용,여,45세,상해없음,승용,남,26세,경상
2019053000100095,2019년 5월 30일 06시,목요일,강원도 춘천시 동내면,경상사고,0,0,1,0,차대사람 - 기타,안전운전불이행,건조,맑음,단일로 - 기타,화물,남,59세,상해없음,보행자,남,36세,경상
2019053000100096,2019년 5월 30일 06시,목요일,강원도 춘천시 동산면,경상사고,0,0,1,0,차대차 - 정면충돌,중앙선침범,건조,맑음,단일로 - 기타,승용,남,63세,상해없음,승용,여,29세,경상
2019053000100227,2019년 5월 30일 10시,목요일,강원도 춘천시 사농동,중상사고,0,1,0,0,차대사람 - 횡단중,안전운전불이행,건조,맑음,교차로 - 교차로부근,화물,남,40세,상해없음,보행자,여,84세,중상
2019053000100263,2019년 5월 30일 11시,목요일,강원도 강릉시 노암동,경상사고,0,0,2,0,차대차 - 추돌,안전운전불이행,건조,맑음,교차로 - 교차로부근,승용,남,57세,상해없음,승용,여,54세,경상
2019053000100298,2019년 5월 30일 12시,목요일,강원도 춘천시 효자동,중상사고,0,1,0,0,차대차 - 기타,안전운전불이행,건조,맑음,교차로 - 교차로안,승용,여,54세,상해없음,이륜,남,22세,중상
2019053000100320,2019년 5월 30일 13시,목요일,강원도 삼척시 남양동,부상신고사고,0,0,0,1,차대차 - 측면충돌,안전운전불이행,건조,맑음,교차로 - 교차로부근,원동기,남,76세,부상신고,화물,남,45세,상해없음
2019053000100321,2019년 5월 30일 13시,목요일,강원도 평창군 대관령면,경상사고,0,0,2,0,차대차 - 기타,안전거리미확보,건조,맑음,단일로 - 기타,승용,여,33세,상해없음,승용,여,45세,경상
2019053000100366,2019년 5월 30일 15시,목요일,강원도 삼척시 원덕읍,경상사고,0,0,1,0,차대차 - 측면충돌,교차로운행방법위반,건조,맑음,교차로 - 교차로안,승용,여,65세,상해없음,화물,남,71세,경상
2019053000100435,2019년 5월 30일 17시,목요일,강원도 춘천시 동산면,경상사고,0,0,2,0,차대차 - 기타,중앙선침범,건조,맑음,단일로 - 기타,승용,여,35세,상해없음,승용,남,75세,경상
2019053000100517,2019년 5월 30일 19시,목요일,강원도 원주시 단구동,경상사고,0,0,2,0,차대차 - 측면충돌,교차로운행방법위반,건조,맑음,단일로 - 기타,승합,남,72세,상해없음,승용,남,27세,경상
2019053000100518,2019년 5월 30일 19시,목요일,강원도 원주시 명륜동,경상사고,0,0,2,0,차대차 - 측면충돌,신호위반,건조,맑음,교차로 - 교차로안,승용,남,61세,상해없음,이륜,남,34세,경상
2019053000100588,2019년 5월 30일 21시,목요일,강원도 삼척시 교동,경상사고,0,0,1,0,차대차 - 정면충돌,안전운전불이행,건조,맑음,단일로 - 기타,이륜,남,19세,경상,승용,여,45세,상해없음
2019053000100641,2019년 5월 30일 23시,목요일,강원도 원주시 우산동,경상사고,0,0,1,0,차대차 - 정면충돌,중앙선침범,건조,기타,교차로 - 교차로부근,이륜,남,18세,상해없음,자전거,남,25세,경상
2019053100100151,2019년 5월 31일 08시,금요일,강원도 강릉시 포남동,경상사고,0,0,1,0,차대사람 - 횡단중,보행자보호의무위반,건조,맑음,기타 - 기타,승용,여,70세,상해없음,보행자,여,78세,경상
2019053100100152,2019년 5월 31일 08시,금요일,강원도 속초시 교동,중상사고,0,1,3,0,차대차 - 추돌,안전운전불이행,건조,맑음,단일로 - 지하차도(도로)내,승용,남,58세,상해없음,승용,남,51세,중상
2019053100100192,2019년 5월 31일 09시,금요일,강원도 춘천시 사농동,경상사고,0,0,1,0,차대차 - 기타,중앙선침범,건조,맑음,단일로 - 기타,기타불명,기타불명,미분류,기타불명,자전거,여,53세,경상
2019053100100222,2019년 5월 31일 10시,금요일,강원도 춘천시 중앙로3가,경상사고,0,0,1,0,차대차 - 기타,교차로운행방법위반,건조,맑음,단일로 - 기타,승용,여,59세,상해없음,승합,남,49세,상해없음
2019053100100246,2019년 5월 31일 11시,금요일,강원도 춘천시 동면,경상사고,0,0,1,0,차대차 - 후진중충돌,안전운전불이행,건조,맑음,교차로 - 교차로안,화물,남,66세,상해없음,승용,여,35세,경상
2019053100100247,2019년 5월 31일 11시,금요일,강원도 원주시 지정면,중상사고,0,1,2,0,차대차 - 기타,신호위반,건조,맑음,교차로 - 교차로안,화물,남,71세,중상,승용,남,42세,경상
2019053100100248,2019년 5월 31일 11시,금요일,강원도 철원군 철원읍,경상사고,0,0,2,0,차대차 - 측면충돌,교차로운행방법위반,건조,맑음,교차로 - 교차로안,승용,여,51세,상해없음,승용,여,40세,경상
2019053100100289,2019년 5월 31일 12시,금요일,강원도 춘천시 석사동,경상사고,0,0,1,0,차대차 - 측면충돌,안전운전불이행,건조,맑음,교차로 - 교차로안,승용,여,27세,상해없음,승용,남,56세,경상
2019053100100290,2019년 5월 31일 12시,금요일,강원도 춘천시 남산면,중상사고,0,1,0,0,차대차 - 기타,안전운전불이행,건조,맑음,단일로 - 기타,화물,남,64세,상해없음,이륜,남,59세,중상
2019053100100291,2019년 5월 31일 12시,금요일,강원도 홍천군 홍천읍,경상사고,0,0,1,0,차대차 - 추돌,교차로운행방법위반,건조,맑음,교차로 - 교차로안,승용,여,56세,상해없음,승용,남,83세,상해없음
2019053100100292,2019년 5월 31일 12시,금요일,강원도 동해시 쇄운동,경상사고,0,0,1,0,차대차 - 측면충돌,직진우회전진행방해,건조,맑음,교차로 - 교차로안,승합,남,37세,상해없음,승용,남,34세,경상
2019053100100329,2019년 5월 31일 13시,금요일,강원도 태백시 황지동,경상사고,0,0,3,0,차대차 - 기타,중앙선침범,건조,맑음,교차로 - 교차로부근,승용,남,50세,상해없음,승용,남,23세,경상
2019053100100373,2019년 5월 31일 14시,금요일,강원도 홍천군 내촌면,중상사고,0,1,0,0,차대차 - 측면충돌,교차로운행방법위반,건조,맑음,교차로 - 교차로안,화물,남,60세,상해없음,화물,여,61세,중상
2019053100100374,2019년 5월 31일 14시,금요일,강원도 동해시 부곡동,경상사고,0,0,1,0,차대차 - 추돌,안전거리미확보,건조,맑음,교차로 - 교차로부근,화물,남,61세,상해없음,승용,여,47세,경상
2019053100100414,2019년 5월 31일 15시,금요일,강원도 강릉시 노암동,중상사고,0,1,0,0,차대차 - 측면충돌,안전운전불이행,건조,맑음,교차로 - 교차로안,승용,여,39세,상해없음,이륜,남,49세,중상
2019053100100415,2019년 5월 31일 15시,금요일,강원도 원주시 단구동,경상사고,0,0,1,0,차대차 - 측면충돌,직진우회전진행방해,건조,맑음,교차로 - 교차로안,승용,남,23세,상해없음,화물,남,70세,경상
2019053100100416,2019년 5월 31일 15시,금요일,강원도 원주시 소초면,경상사고,0,0,5,0,차대차 - 측면충돌,중앙선침범,건조,맑음,단일로 - 기타,화물,남,62세,상해없음,승용,남,56세,경상
2019053100100471,2019년 5월 31일 16시,금요일,강원도 춘천시 운교동,경상사고,0,0,1,0,차대차 - 측면충돌,안전운전불이행,건조,맑음,교차로 - 교차로부근,승용,여,34세,상해없음,승용,남,57세,경상
2019053100100472,2019년 5월 31일 16시,금요일,강원도 동해시 이로동,경상사고,0,0,1,0,차대차 - 기타,안전운전불이행,건조,맑음,단일로 - 기타,화물,남,63세,상해없음,이륜,남,70세,경상
2019053100100521,2019년 5월 31일 17시,금요일,강원도 인제군 상남면,중상사고,0,1,1,0,차대차 - 측면충돌,과속,건조,맑음,단일로 - 터널,승용,남,37세,상해없음,승용,남,31세,경상
2019053100100635,2019년 5월 31일 19시,금요일,강원도 춘천시 동면,중상사고,0,1,0,0,차대차 - 측면충돌,안전운전불이행,건조,맑음,단일로 - 기타,승용,남,23세,상해없음,승용,여,65세,중상
2019053100100636,2019년 5월 31일 19시,금요일,강원도 춘천시 후평동,중상사고,0,1,0,0,차대차 - 측면충돌,안전운전불이행,건조,맑음,단일로 - 기타,승용,남,76세,상해없음,자전거,남,32세,중상
2019053100100705,2019년 5월 31일 21시,금요일,강원도 춘천시 석사동,경상사고,0,0,1,1,차대차 - 기타,안전운전불이행,건조,맑음,단일로 - 기타,원동기,남,20세,경상,원동기,남,38세,부상신고
2019053100100706,2019년 5월 31일 21시,금요일,강원도 원주시 단계동,중상사고,0,1,0,1,차대사람 - 횡단중,보행자보호의무위반,건조,맑음,단일로 - 지하차도(도로)내,이륜,남,55세,부상신고,보행자,남,58세,중상
2019053100100749,2019년 5월 31일 22시,금요일,강원도 강릉시 남문동,경상사고,0,0,1,0,차대차 - 측면충돌,중앙선침범,건조,맑음,교차로 - 교차로부근,승용,남,48세,상해없음,승용,남,49세,경상
2019053100100750,2019년 5월 31일 22시,금요일,강원도 동해시 천곡동,중상사고,0,1,1,0,차대차 - 측면충돌,직진우회전진행방해,건조,맑음,교차로 - 교차로안,승용,여,56세,상해없음,승용,남,33세,경상
2019060100100032,2019년 6월 1일 00시,토요일,강원도 영월군 영월읍,부상신고사고,0,0,0,1,차량단독 - 도로외이탈 - 추락,안전운전불이행,건조,맑음,단일로 - 지하차도(도로)내,승용,남,27세,부상신고,,,,
2019060100100040,2019년 6월 1일 01시,토요일,강원도 원주시 중앙동,경상사고,0,0,1,0,차대차 - 측면충돌,신호위반,건조,맑음,교차로 - 교차로안,승용,여,27세,상해없음,승용,남,49세,경상
2019060100100041,2019년 6월 1일 01시,토요일,강원도 홍천군 홍천읍,경상사고,0,0,1,0,차량단독 - 공작물충돌,안전운전불이행,건조,맑음,단일로 - 기타,승용,여,53세,경상,,,,
2019060100100098,2019년 6월 1일 05시,토요일,강원도 원주시 우산동,중상사고,0,1,1,0,차대차 - 측면충돌,신호위반,건조,맑음,교차로 - 교차로안,승용,남,61세,상해없음,이륜,남,81세,경상
2019060100100107,2019년 6월 1일 06시,토요일,강원도 원주시 신림면,경상사고,0,0,1,0,차대차 - 기타,중앙선침범,건조,맑음,단일로 - 터널,승용,남,54세,상해없음,승용,남,44세,경상
2019060100100120,2019년 6월 1일 07시,토요일,강원도 춘천시 효자동,중상사고,0,1,0,0,차대차 - 측면충돌,교차로운행방법위반,건조,맑음,교차로 - 교차로안,승용,여,39세,상해없음,자전거,남,56세,중상
2019060100100134,2019년 6월 1일 08시,토요일,강원도 강릉시 입암동,경상사고,0,0,1,0,차대차 - 측면충돌,안전운전불이행,건조,맑음,단일로 - 기타,건설기계,남,43세,상해없음,승용,남,36세,경상
2019060100100188,2019년 6월 1일 10시,토요일,강원도 원주시 문막읍,경상사고,0,0,2,0,차대차 - 측면충돌,직진우회전진행방해,건조,맑음,교차로 - 교차로안,승용,여,38세,경상,승용,남,24세,경상
2019060100100189,2019년 6월 1일 10시,토요일,강원도 평창군 미탄면,경상사고,0,0,1,0,차대차 - 측면충돌,신호위반,건조,맑음,교차로 - 교차로부근,승용,남,64세,상해없음,승용,남,78세,경상
2019060100100190,2019년 6월 1일 10시,토요일,강원도 인제군 남면,중상사고,0,2,0,0,차대차 - 측면충돌,신호위반,건조,맑음,단일로 - 기타,승용,남,62세,상해없음,승용,여,49세,중상
2019060100100223,2019년 6월 1일 11시,토요일,강원도 춘천시 효자동,경상사고,0,0,1,0,차대차 - 측면충돌,안전운전불이행,건조,맑음,교차로 - 교차로안,승용,남,58세,상해없음,이륜,남,47세,경상
2019060100100224,2019년 6월 1일 11시,토요일,강원도 강릉시 교동,경상사고,0,0,1,0,차대차 - 기타,불법유턴,건조,맑음,교차로 - 교차로안,승용,여,47세,상해없음,승용,여,28세,경상
2019060100100225,2019년 6월 1일 11시,토요일,강원도 삼척시 남양동,경상사고,0,0,1,0,차대차 - 추돌,차로위반,건조,맑음,단일로 - 기타,승용,여,53세,경상,건설기계,남,52세,상해없음
2019060100100262,2019년 6월 1일 12시,토요일,강원도 춘천시 퇴계동,경상사고,0,0,2,0,차대차 - 측면충돌,직진우회전진행방해,건조,맑음,교차로 - 교차로안,승용,남,81세,상해없음,승용,남,38세,경상
2019060100100263,2019년 6월 1일 12시,토요일,강원도 속초시 교동,중상사고,0,1,0,0,차대차 - 추돌,직진우회전진행방해,건조,맑음,단일로 - 기타,화물,남,36세,상해없음,승용,여,68세,중상
2019060100100264,2019년 6월 1일 12시,토요일,강원도 횡성군 횡성읍,경상사고,0,0,2,0,차량단독 - 공작물충돌,안전운전불이행,건조,맑음,단일로 - 기타,승용,여,52세,경상,,,,
2019060100100299,2019년 6월 1일 13시,토요일,강원도 원주시 단구동,경상사고,0,0,1,0,차대차 - 추돌,안전운전불이행,건조,맑음,교차로 - 교차로부근,이륜,남,80세,경상,승용,남,58세,상해없음
2019060100100300,2019년 6월 1일 13시,토요일,강원도 삼척시 도계읍,중상사고,0,1,0,0,차대차 - 추돌,안전운전불이행,건조,맑음,단일로 - 기타,승용,남,68세,상해없음,자전거,남,55세,중상
2019060100100415,2019년 6월 1일 16시,토요일,강원도 삼척시 도계읍,경상사고,0,0,4,0,차대차 - 기타,안전운전불이행,건조,맑음,교차로 - 교차로부근,승용,남,52세,상해없음,승용,여,55세,경상
2019060100100416,2019년 6월 1일 16시,토요일,강원도 횡성군 횡성읍,중상사고,0,1,0,0,차대사람 - 횡단중,기타,건조,맑음,단일로 - 기타,승용,남,58세,상해없음,보행자,여,8세,중상
2019060100100465,2019년 6월 1일 17시,토요일,강원도 춘천시 동내면,경상사고,0,0,1,0,차대차 - 기타,안전운전불이행,건조,맑음,단일로 - 기타,화물,남,60세,상해없음,승용,남,53세,경상
2019060100100489,2019년 6월 1일 18시,토요일,강원도 원주시 단계동,경상사고,0,0,2,1,차대차 - 측면충돌,안전운전불이행,건조,맑음,단일로 - 기타,승용,여,47세,상해없음,승용,남,40세,경상
2019060100100532,2019년 6월 1일 20시,토요일,강원도 원주시 태장동,경상사고,0,0,4,0,차대차 - 추돌,교차로운행방법위반,건조,맑음,교차로 - 교차로안,승용,남,66세,상해없음,화물,남,61세,경상
2019060100100533,2019년 6월 1일 20시,토요일,강원도 원주시 흥업면,중상사고,0,1,1,0,차대차 - 정면충돌,신호위반,건조,맑음,교차로 - 교차로안,승용,남,58세,상해없음,승용,남,52세,경상
2019060100100534,2019년 6월 1일 20시,토요일,강원도 고성군 토성면,중상사고,0,1,0,0,차대사람 - 횡단중,안전운전불이행,건조,맑음,기타 - 기타,승용,남,36세,상해없음,보행자,남,9세,중상
2019060100100567,2019년 6월 1일 21시,토요일,강원도 평창군 대관령면,중상사고,0,1,1,0,차대차 - 측면충돌,안전운전불이행,건조,맑음,교차로 - 교차로부근,승용,남,29세,상해없음,승용,남,49세,중상
2019060100100621,2019년 6월 1일 23시,토요일,강원도 횡성군 우천면,중상사고,0,1,2,0,차대차 - 기타,안전운전불이행,건조,맑음,교차로 - 교차로안,승용,남,27세,중상,승용,남,53세,상해없음
2019060100100622,2019년 6월 1일 23시,토요일,강원도 고성군 현내면,경상사고,0,0,1,0,차대사람 - 길가장자리구역통행중,안전운전불이행,건조,맑음,교차로 - 교차로부근,승용,남,53세,상해없음,보행자,남,64세,경상
2019060200100039,2019년 6월 2일 01시,일요일,강원도 춘천시 석사동,경상사고,0,0,1,0,차대사람 - 기타,안전운전불이행,건조,맑음,주차장 - 주차장,승용,여,44세,상해없음,보행자,남,24세,경상
2019060200100040,2019년 6월 2일 01시,일요일,강원도 양양군 양양읍,경상사고,0,0,1,0,차대차 - 측면충돌,안전운전불이행,건조,흐림,단일로 - 지하차도(도로)내,승용,여,51세,상해없음,승용,남,47세,경상
2019060200100104,2019년 6월 2일 08시,일요일,강원도 원주시 우산동,경상사고,0,0,2,0,차대차 - 측면충돌,안전운전불이행,건조,맑음,교차로 - 교차로안,화물,남,56세,상해없음,승용,남,61세,경상
2019060200100105,2019년 6월 2일 08시,일요일,강원도 삼척시 사직동,중상사고,0,1,0,0,차대차 - 측면충돌,안전운전불이행,건조,맑음,단일로 - 기타,승용,남,80세,상해없음,승용,남,36세,중상
2019060200100122,2019년 6월 2일 09시,일요일,강원도 양양군 강현면,중상사고,0,1,0,0,차대차 - 정면충돌,안전운전불이행,건조,맑음,교차로 - 교차로안,승용,남,61세,상해없음,승용,남,79세,중상
2019060200100144,2019년 6월 2일 10시,일요일,강원도 홍천군 홍천읍,경상사고,0,0,5,0,차대차 - 측면충돌,안전운전불이행,건조,맑음,단일로 - 기타,화물,남,59세,상해없음,승용,남,58세,경상
2019060200100164,2019년 6월 2일 11시,일요일,강원도 정선군 사북읍,경상사고,0,0,2,0,차대차 - 측면충돌,안전운전불이행,건조,맑음,교차로 - 교차로안,승용,남,52세,상해없음,승용,남,62세,경상
2019060200100204,2019년 6월 2일 13시,일요일,강원도 인제군 기린면,부상신고사고,0,0,0,1,차량단독 - 전도전복 - 전복,안전운전불이행,건조,맑음,단일로 - 기타,승용,여,24세,부상신고,,,,
2019060200100234,2019년 6월 2일 14시,일요일,강원도 춘천시 효자동,경상사고,0,0,1,0,차대차 - 측면충돌,교차로운행방법위반,건조,맑음,교차로 - 교차로안,승용,남,50세,상해없음,이륜,남,29세,경상
2019060200100235,2019년 6월 2일 14시,일요일,강원도 춘천시 효자동,중상사고,0,1,2,0,차대차 - 측면충돌,직진우회전진행방해,건조,맑음,교차로 - 교차로안,승용,여,57세,상해없음,승합,남,56세,경상
2019060200100236,2019년 6월 2일 14시,일요일,강원도 강릉시 옥천동,경상사고,0,0,1,0,차대차 - 측면충돌,신호위반,건조,맑음,교차로 - 교차로안,승용,남,83세,상해없음,원동기,남,57세,경상
2019060200100237,2019년 6월 2일 14시,일요일,강원도 양양군 현남면,경상사고,0,0,3,0,차대차 - 측면충돌,신호위반,건조,맑음,교차로 - 교차로안,승합,남,57세,상해없음,승용,남,61세,경상
2019060200100238,2019년 6월 2일 14시,일요일,강원도 홍천군 홍천읍,경상사고,0,0,1,0,차대차 - 기타,교차로운행방법위반,건조,맑음,교차로 - 교차로안,승용,남,40세,상해없음,기타불명,남,21세,경상
2019060200100270,2019년 6월 2일 15시,일요일,강원도 인제군 인제읍,사망사고,1,1,1,0,차대차 - 정면충돌,중앙선침범,건조,맑음,단일로 - 기타,승용,남,47세,상해없음,화물,남,42세,경상
2019060200100303,2019년 6월 2일 16시,일요일,강원도 원주시 명륜동,경상사고,0,0,1,0,차대사람 - 보도통행중,안전운전불이행,건조,맑음,단일로 - 기타,승용,남,22세,상해없음,보행자,남,6세,경상
2019060200100369,2019년 6월 2일 18시,일요일,강원도 영월군 영월읍,중상사고,0,1,0,1,차대차 - 정면충돌,중앙선침범,건조,맑음,단일로 - 기타,화물,남,53세,상해없음,승용,남,53세,중상
2019060200100431,2019년 6월 2일 20시,일요일,강원도 원주시 단구동,중상사고,0,2,0,0,차대사람 - 횡단중,안전운전불이행,건조,맑음,단일로 - 기타,승용,남,47세,상해없음,보행자,남,50세,중상
2019060300100041,2019년 6월 3일 00시,월요일,강원도 동해시 지흥동,중상사고,0,1,0,0,차대차 - 측면충돌,안전운전불이행,건조,맑음,단일로 - 기타,승용,여,57세,상해없음,승합,남,62세,상해없음
2019060300100059,2019년 6월 3일 02시,월요일,강원도 홍천군 홍천읍,경상사고,0,0,1,0,차대차 - 기타,안전운전불이행,건조,맑음,교차로 - 교차로부근,승용,남,48세,상해없음,화물,남,56세,경상
2019060300100065,2019년 6월 3일 03시,월요일,강원도 횡성군 횡성읍,경상사고,0,0,2,0,차량단독 - 공작물충돌,안전운전불이행,건조,맑음,단일로 - 터널,승용,남,26세,경상,,,,
2019060300100088,2019년 6월 3일 06시,월요일,강원도 강릉시 포남동,경상사고,0,0,1,0,차대차 - 측면충돌,안전운전불이행,건조,맑음,단일로 - 기타,승용,여,57세,상해없음,원동기,남,22세,경상
2019060300100103,2019년 6월 3일 07시,월요일,강원도 춘천시 사농동,중상사고,0,1,2,0,차대차 - 측면충돌,신호위반,건조,맑음,교차로 - 교차로안,화물,남,68세,상해없음,승용,남,64세,경상
2019060300100104,2019년 6월 3일 07시,월요일,강원도 원주시 반곡동,중상사고,0,1,2,0,차대차 - 측면충돌,직진우회전진행방해,건조,맑음,교차로 - 교차로안,승용,남,39세,상해없음,승용,여,42세,중상
2019060300100179,2019년 6월 3일 09시,월요일,강원도 춘천시 효자동,중상사고,0,1,0,0,차대사람 - 횡단중,안전운전불이행,건조,맑음,단일로 - 기타,승용,여,29세,상해없음,보행자,남,77세,중상
2019060300100280,2019년 6월 3일 12시,월요일,강원도 삼척시 성남동,경상사고,0,0,1,0,차대차 - 측면충돌,안전운전불이행,건조,맑음,교차로 - 교차로안,승용,여,40세,상해없음,자전거,남,57세,경상
2019060300100281,2019년 6월 3일 12시,월요일,강원도 동해시 천곡동,경상사고,0,0,1,0,차대차 - 측면충돌,중앙선침범,건조,맑음,교차로 - 교차로부근,승용,남,61세,상해없음,승용,남,55세,경상
2019060300100390,2019년 6월 3일 15시,월요일,강원도 춘천시 석사동,경상사고,0,0,3,0,차대차 - 기타,안전운전불이행,건조,맑음,기타 - 기타,승용,여,27세,상해없음,승용,남,59세,경상
2019060300100426,2019년 6월 3일 16시,월요일,강원도 춘천시 근화동,경상사고,0,0,1,0,차대차 - 측면충돌,안전거리미확보,건조,맑음,단일로 - 기타,승용,남,71세,상해없음,승용,여,60세,경상
2019060300100427,2019년 6월 3일 16시,월요일,강원도 원주시 단구동,부상신고사고,0,0,0,1,차대사람 - 횡단중,안전운전불이행,건조,맑음,단일로 - 기타,승용,여,51세,상해없음,보행자,여,42세,부상신고
2019060300100428,2019년 6월 3일 16시,월요일,강원도 원주시 학성동,경상사고,0,0,1,0,차대사람 - 보도통행중,보행자보호의무위반,건조,맑음,교차로 - 교차로횡단보도내,승용,여,62세,상해없음,보행자,남,42세,경상
2019060300100459,2019년 6월 3일 17시,월요일,강원도 강릉시 연곡면,경상사고,0,0,1,1,차대차 - 정면충돌,중앙선침범,건조,맑음,단일로 - 기타,승용,남,42세,부상신고,승용,남,28세,경상
2019060300100495,2019년 6월 3일 18시,월요일,강원도 원주시 관설동,경상사고,0,0,1,0,차대차 - 측면충돌,교차로운행방법위반,건조,맑음,교차로 - 교차로안,승용,여,37세,상해없음,승용,여,49세,경상
2019060300100529,2019년 6월 3일 19시,월요일,강원도 속초시 조양동,경상사고,0,0,1,0,차대차 - 기타,안전운전불이행,건조,맑음,교차로 - 교차로부근,승용,남,54세,상해없음,승합,남,43세,상해없음
2019060300100530,2019년 6월 3일 19시,월요일,강원도 횡성군 횡성읍,중상사고,0,1,0,0,차대사람 - 기타,안전운전불이행,건조,맑음,단일로 - 기타,승용,남,37세,상해없음,보행자,여,9세,중상
2019060400100026,2019년 6월 4일 00시,화요일,강원도 춘천시 효자동,경상사고,0,0,1,0,차대차 - 기타,교차로운행방법위반,건조,맑음,교차로 - 교차로안,이륜,남,21세,상해없음,승용,여,56세,경상
2019060400100071,2019년 6월 4일 06시,화요일,강원도 횡성군 공근면,경상사고,0,0,2,0,차대차 - 기타,중앙선침범,건조,맑음,단일로 - 기타,화물,남,42세,상해없음,승용,여,61세,경상
2019060400100126,2019년 6월 4일 08시,화요일,강원도 원주시 명륜동,경상사고,0,0,1,0,차대차 - 측면충돌,신호위반,건조,맑음,교차로 - 교차로안,승용,남,48세,상해없음,이륜,남,27세,경상
2019060400100127,2019년 6월 4일 08시,화요일,강원도 태백시 장성동,경상사고,0,0,1,0,차대차 - 기타,신호위반,건조,맑음,교차로 - 교차로안,승용,남,69세,상해없음,승용,여,59세,경상
2019060400100214,2019년 6월 4일 10시,화요일,강원도 원주시 태장동,중상사고,0,1,0,0,차대차 - 측면충돌,안전운전불이행,건조,맑음,단일로 - 기타,이륜,남,86세,중상,승용,남,44세,상해없음
2019060400100284,2019년 6월 4일 12시,화요일,강원도 양양군 양양읍,중상사고,0,1,0,0,차대차 - 측면충돌,중앙선침범,건조,맑음,단일로 - 지하차도(도로)내,승용,남,75세,상해없음,승용,남,67세,상해없음
2019060400100285,2019년 6월 4일 12시,화요일,강원도 삼척시 남양동,경상사고,0,0,1,0,차대차 - 측면충돌,신호위반,건조,맑음,교차로 - 교차로안,승용,남,62세,상해없음,승용,여,58세,경상
2019060400100314,2019년 6월 4일 13시,화요일,강원도 춘천시 후평동,경상사고,0,0,1,0,차대차 - 기타,신호위반,건조,맑음,교차로 - 교차로안,승용,남,76세,상해없음,원동기,남,59세,경상
2019060400100315,2019년 6월 4일 13시,화요일,강원도 춘천시 석사동,경상사고,0,0,2,0,차대차 - 측면충돌,교차로운행방법위반,건조,맑음,교차로 - 교차로안,승용,여,43세,경상,승합,남,49세,경상
2019060400100375,2019년 6월 4일 15시,화요일,강원도 춘천시 동면,경상사고,0,0,1,0,차대차 - 측면충돌,중앙선침범,건조,맑음,단일로 - 기타,이륜,남,27세,상해없음,승용,남,58세,경상
2019060400100414,2019년 6월 4일 16시,화요일,강원도 원주시 흥업면,경상사고,0,0,1,0,차대차 - 추돌,안전운전불이행,건조,맑음,단일로 - 기타,승용,남,50세,상해없음,승용,여,60세,상해없음
2019060400100415,2019년 6월 4일 16시,화요일,강원도 태백시 황지동,중상사고,0,1,0,0,차대사람 - 기타,안전운전불이행,건조,맑음,단일로 - 기타,승용,남,71세,상해없음,보행자,남,61세,중상