사고번호,사고일시,요일,시군구,사고내용,사망자수,중상자수,경상자수,부상신고자수,사고유형,법규위반,노면상태,기상상태,도로형태,가해운전자 차종,가해운전자 성별,가해운전자 연령,가해운전자 상해정도,피해운전자 차종,피해운전자 성별,피해운전자 연령,피해운전자 상해정도
2019061600100034,2019년 6월 16일 00시,일요일,강원도 속초시 조양동,부상신고사고,0,0,0,1,차대사람 - 횡단중,보행자보호의무위반,젖음/습기,비,기타 - 기타,승용,남,31세,상해없음,보행자,남,58세,부상신고
2019061600100050,2019년 6월 16일 01시,일요일,강원도 원주시 단계동,경상사고,0,0,2,0,차대차 - 측면충돌,직진우회전진행방해,건조,맑음,교차로 - 교차로안,이륜,남,16세,상해없음,승용,여,24세,경상
2019061600100127,2019년 6월 16일 08시,일요일,강원도 동해시 천곡동,경상사고,0,0,1,0,차대차 - 기타,안전운전불이행,건조,맑음,교차로 - 교차로부근,승용,남,59세,상해없음,승용,여,36세,경상
2019061600100147,2019년 6월 16일 09시,일요일,강원도 춘천시 신북읍,경상사고,0,0,1,0,차대차 - 기타,안전운전불이행,건조,맑음,단일로 - 기타,승용,남,45세,상해없음,자전거,여,51세,경상
2019061600100217,2019년 6월 16일 12시,일요일,강원도 원주시 단계동,중상사고,0,1,2,0,차대차 - 측면충돌,안전운전불이행,건조,맑음,단일로 - 기타,승용,여,62세,경상,승합,남,50세,상해없음
2019061600100218,2019년 6월 16일 12시,일요일,강원도 횡성군 공근면,중상사고,0,1,1,0,차대차 - 정면충돌,안전운전불이행,건조,맑음,교차로 - 교차로안,화물,남,53세,상해없음,승용,남,60세,상해없음
2019061600100255,2019년 6월 16일 13시,일요일,강원도 속초시 노학동,중상사고,0,1,1,0,차대차 - 측면충돌,안전거리미확보,건조,맑음,교차로 - 교차로부근,화물,남,45세,상해없음,이륜,남,43세,상해없음
2019061600100256,2019년 6월 16일 13시,일요일,강원도 영월군 영월읍,경상사고,0,0,4,0,차대차 - 측면충돌,신호위반,건조,맑음,단일로 - 기타,승용,여,50세,상해없음,승용,남,42세,경상
2019061600100257,2019년 6월 16일 13시,일요일,강원도 횡성군 횡성읍,경상사고,0,0,2,0,차대차 - 기타,안전운전불이행,건조,맑음,교차로 - 교차로안,승용,남,34세,상해없음,승용,여,51세,경상
2019061600100285,2019년 6월 16일 14시,일요일,강원도 고성군 간성읍,경상사고,0,0,1,0,차대차 - 추돌,안전운전불이행,건조,맑음,기타 - 기타,승용,남,32세,상해없음,승용,여,43세,경상
2019061600100303,2019년 6월 16일 15시,일요일,강원도 동해시 천곡동,경상사고,0,0,2,0,차대차 - 기타,안전운전불이행,건조,맑음,교차로 - 교차로안,승용,남,53세,상해없음,승용,남,18세,경상
2019061600100344,2019년 6월 16일 16시,일요일,강원도 춘천시 퇴계동,중상사고,0,1,0,0,차대차 - 측면충돌,안전운전불이행,건조,맑음,교차로 - 교차로부근,승용,여,58세,상해없음,자전거,남,7세,중상
2019061600100399,2019년 6월 16일 18시,일요일,강원도 원주시 우산동,경상사고,0,0,1,0,차대차 - 정면충돌,중앙선침범,건조,맑음,단일로 - 기타,승용,여,24세,상해없음,화물,남,62세,경상
2019061600100450,2019년 6월 16일 20시,일요일,강원도 원주시 명륜동,경상사고,0,0,1,0,차대차 - 추돌,안전거리미확보,건조,맑음,단일로 - 지하차도(도로)내,승용,남,50세,상해없음,승용,남,22세,경상
2019061600100480,2019년 6월 16일 21시,일요일,강원도 원주시 단구동,중상사고,0,1,0,0,차대차 - 측면충돌,안전운전불이행,건조,맑음,단일로 - 기타,승용,남,46세,상해없음,이륜,남,46세,중상
2019061600100514,2019년 6월 16일 23시,일요일,강원도 원주시 우산동,중상사고,0,1,0,0,차대사람 - 횡단중,과속,건조,맑음,단일로 - 기타,승용,여,33세,상해없음,보행자,남,65세,중상
2019061700100032,2019년 6월 17일 02시,월요일,강원도 속초시 교동,중상사고,0,1,0,0,차대사람 - 횡단중,신호위반,건조,맑음,교차로 - 교차로횡단보도내,승용,남,24세,상해없음,보행자,여,23세,중상
2019061700100049,2019년 6월 17일 05시,월요일,강원도 춘천시 신북읍,경상사고,0,0,1,0,차대차 - 측면충돌,교차로운행방법위반,건조,맑음,단일로 - 기타,화물,남,53세,상해없음,승용,남,30세,경상
2019061700100059,2019년 6월 17일 06시,월요일,강원도 강릉시 노암동,경상사고,0,0,1,1,차대차 - 측면충돌,안전운전불이행,건조,맑음,교차로 - 교차로안,승용,남,67세,부상신고,승용,남,53세,경상
2019061700100085,2019년 6월 17일 07시,월요일,강원도 동해시 천곡동,경상사고,0,0,1,0,차대차 - 추돌,안전거리미확보,건조,맑음,단일로 - 기타,화물,남,63세,상해없음,승용,여,61세,경상
2019061700100159,2019년 6월 17일 09시,월요일,강원도 강릉시 옥천동,경상사고,0,0,3,0,차대차 - 측면충돌,안전운전불이행,건조,맑음,교차로 - 교차로안,승용,남,79세,상해없음,승용,여,36세,경상
2019061700100160,2019년 6월 17일 09시,월요일,강원도 영월군 남면,중상사고,0,1,0,0,차대차 - 정면충돌,중앙선침범,건조,맑음,교차로 - 교차로부근,승용,여,58세,상해없음,승용,여,50세,중상
2019061700100201,2019년 6월 17일 10시,월요일,강원도 춘천시 동면,중상사고,0,2,0,2,차대차 - 추돌,안전거리미확보,건조,맑음,단일로 - 기타,승용,남,55세,상해없음,승합,남,66세,상해없음
2019061700100202,2019년 6월 17일 10시,월요일,강원도 원주시 흥업면,경상사고,0,0,2,0,차대차 - 추돌,안전운전불이행,건조,맑음,교차로 - 교차로부근,승용,남,77세,상해없음,승용,남,54세,경상
2019061700100203,2019년 6월 17일 10시,월요일,강원도 원주시 관설동,경상사고,0,0,1,0,차대차 - 측면충돌,안전운전불이행,건조,맑음,단일로 - 기타,승용,여,49세,상해없음,자전거,남,42세,경상
2019061700100235,2019년 6월 17일 11시,월요일,강원도 춘천시 동내면,경상사고,0,0,1,0,차대사람 - 기타,안전운전불이행,건조,맑음,교차로 - 교차로안,승용,남,62세,상해없음,보행자,남,26세,경상
2019061700100266,2019년 6월 17일 12시,월요일,강원도 원주시 신림면,경상사고,0,0,2,0,차대차 - 추돌,안전운전불이행,건조,맑음,단일로 - 기타,승용,남,61세,기타불명,승용,남,67세,경상
2019061700100298,2019년 6월 17일 13시,월요일,강원도 평창군 평창읍,경상사고,0,0,1,0,차대차 - 측면충돌,안전운전불이행,건조,맑음,교차로 - 교차로안,승용,남,73세,상해없음,이륜,남,43세,경상
2019061700100336,2019년 6월 17일 14시,월요일,강원도 춘천시 우두동,경상사고,0,0,2,0,차대차 - 측면충돌,신호위반,건조,맑음,교차로 - 교차로안,원동기,남,78세,상해없음,승용,남,56세,경상
2019061700100379,2019년 6월 17일 15시,월요일,강원도 원주시 문막읍,경상사고,0,0,3,0,차대차 - 추돌,안전거리미확보,건조,맑음,교차로 - 교차로부근,승용,남,44세,상해없음,승용,남,39세,경상
2019061700100438,2019년 6월 17일 16시,월요일,강원도 영월군 주천면,경상사고,0,0,1,0,차대차 - 측면충돌,안전운전불이행,건조,맑음,단일로 - 기타,사륜오토바이(ATV),남,78세,경상,승용,여,56세,상해없음
2019061700100439,2019년 6월 17일 16시,월요일,강원도 동해시 평릉동,경상사고,0,0,1,0,차대차 - 측면충돌,안전운전불이행,건조,맑음,주차장 - 주차장,승용,여,59세,상해없음,승용,남,59세,상해없음
2019061700100486,2019년 6월 17일 17시,월요일,강원도 춘천시 동내면,경상사고,0,0,1,0,차대차 - 측면충돌,안전거리미확보,건조,맑음,단일로 - 기타,건설기계,남,60세,상해없음,승용,여,64세,경상
2019061700100487,2019년 6월 17일 17시,월요일,강원도 원주시 학성동,중상사고,0,1,0,0,차대차 - 추돌,안전운전불이행,건조,맑음,교차로 - 교차로안,이륜,남,80세,중상,승용,여,62세,상해없음
2019061700100488,2019년 6월 17일 17시,월요일,강원도 동해시 천곡동,중상사고,0,1,0,0,차대차 - 기타,직진우회전진행방해,건조,맑음,교차로 - 교차로안,승용,남,55세,상해없음,자전거,여,68세,중상
2019061700100534,2019년 6월 17일 18시,월요일,강원도 춘천시 중앙로2가,경상사고,0,0,1,0,차대사람 - 기타,안전운전불이행,건조,맑음,단일로 - 기타,승합,남,49세,상해없음,보행자,남,22세,경상
2019061700100575,2019년 6월 17일 19시,월요일,강원도 춘천시 효자동,경상사고,0,0,1,0,차대차 - 측면충돌,안전거리미확보,건조,맑음,교차로 - 교차로안,승용,남,37세,상해없음,승용,여,60세,경상
2019061700100576,2019년 6월 17일 19시,월요일,강원도 원주시 명륜동,경상사고,0,0,1,0,차대사람 - 횡단중,안전운전불이행,건조,맑음,교차로 - 교차로부근,승용,남,62세,상해없음,보행자,남,12세,경상
2019061700100577,2019년 6월 17일 19시,월요일,강원도 원주시 태장동,중상사고,0,1,0,0,차대차 - 측면충돌,직진우회전진행방해,건조,맑음,교차로 - 교차로안,승용,여,37세,상해없음,이륜,남,67세,중상
2019061700100601,2019년 6월 17일 20시,월요일,강원도 강릉시 주문진읍,중상사고,0,1,0,0,차대사람 - 횡단중,보행자보호의무위반,건조,맑음,단일로 - 기타,승용,여,41세,상해없음,보행자,남,64세,중상
2019061700100637,2019년 6월 17일 21시,월요일,강원도 춘천시 퇴계동,경상사고,0,0,1,0,차대차 - 정면충돌,신호위반,건조,맑음,교차로 - 교차로안,승용,남,26세,상해없음,이륜,남,31세,경상
2019061700100638,2019년 6월 17일 21시,월요일,강원도 동해시 동회동,경상사고,0,0,1,0,차대차 - 측면충돌,교차로운행방법위반,건조,흐림,교차로 - 교차로안,승용,남,26세,상해없음,화물,남,64세,경상
2019061700100661,2019년 6월 17일 22시,월요일,강원도 원주시 단계동,중상사고,0,1,0,0,차량단독 - 공작물충돌,안전운전불이행,건조,맑음,단일로 - 기타,화물,남,55세,상해없음,,,,
2019061800100095,2019년 6월 18일 06시,화요일,강원도 삼척시 원덕읍,경상사고,0,0,1,0,차대차 - 측면충돌,안전운전불이행,건조,맑음,단일로 - 기타,승용,남,51세,상해없음,자전거,남,64세,경상
2019061800100116,2019년 6월 18일 07시,화요일,강원도 춘천시 퇴계동,경상사고,0,0,1,0,차대차 - 측면충돌,신호위반,건조,맑음,교차로 - 교차로안,승용,남,52세,상해없음,승용,여,58세,경상
2019061800100117,2019년 6월 18일 07시,화요일,강원도 원주시 판부면,경상사고,0,0,1,0,차대차 - 추돌,중앙선침범,건조,맑음,단일로 - 기타,화물,남,67세,상해없음,건설기계,남,50세,경상
2019061800100193,2019년 6월 18일 09시,화요일,강원도 원주시 흥업면,경상사고,0,0,1,1,차대차 - 추돌,안전거리미확보,건조,맑음,기타 - 기타,화물,남,25세,부상신고,승합,남,56세,경상
2019061800100194,2019년 6월 18일 09시,화요일,강원도 속초시 노학동,경상사고,0,0,1,0,차대차 - 측면충돌,안전운전불이행,건조,맑음,교차로 - 교차로안,승용,여,50세,상해없음,승용,여,68세,경상
2019061800100256,2019년 6월 18일 11시,화요일,강원도 원주시 흥업면,경상사고,0,0,1,0,차대차 - 기타,안전운전불이행,건조,맑음,교차로 - 교차로부근,화물,남,55세,상해없음,승용,여,44세,경상
2019061800100285,2019년 6월 18일 12시,화요일,강원도 평창군 평창읍,경상사고,0,0,2,0,차대차 - 측면충돌,신호위반,건조,맑음,교차로 - 교차로안,승용,여,59세,경상,승용,여,59세,경상
2019061800100309,2019년 6월 18일 13시,화요일,강원도 원주시 단계동,경상사고,0,0,1,0,차대차 - 측면충돌,안전거리미확보,건조,맑음,단일로 - 기타,승용,남,73세,상해없음,승용,여,35세,경상
2019061800100347,2019년 6월 18일 14시,화요일,강원도 춘천시 사북면,경상사고,0,0,1,0,차대차 - 기타,중앙선침범,건조,흐림,단일로 - 기타,승용,남,67세,상해없음,화물,남,49세,경상
2019061800100348,2019년 6월 18일 14시,화요일,강원도 강릉시 교동,경상사고,0,0,4,0,차대차 - 측면충돌,신호위반,건조,맑음,교차로 - 교차로안,승용,여,51세,상해없음,승용,여,59세,경상
2019061800100349,2019년 6월 18일 14시,화요일,강원도 평창군 평창읍,중상사고,0,4,0,0,차대차 - 정면충돌,중앙선침범,건조,맑음,단일로 - 기타,승용,여,68세,상해없음,승용,남,53세,상해없음
2019061800100350,2019년 6월 18일 14시,화요일,강원도 평창군 평창읍,경상사고,0,0,1,0,차대차 - 추돌,안전운전불이행,건조,맑음,기타 - 기타,승용,남,61세,상해없음,승용,남,29세,경상
2019061800100375,2019년 6월 18일 15시,화요일,강원도 춘천시 근화동,경상사고,0,0,1,0,차대사람 - 횡단중,신호위반,건조,맑음,교차로 - 교차로횡단보도내,승용,남,57세,상해없음,보행자,여,62세,경상
2019061800100406,2019년 6월 18일 16시,화요일,강원도 춘천시 사농동,경상사고,0,0,1,0,차대사람 - 보도통행중,안전운전불이행,건조,맑음,단일로 - 기타,승용,여,52세,상해없음,보행자,여,24세,경상
2019061800100438,2019년 6월 18일 17시,화요일,강원도 원주시 호저면,경상사고,0,0,1,0,차대차 - 측면충돌,안전운전불이행,건조,맑음,단일로 - 기타,승용,남,49세,상해없음,화물,남,34세,경상
2019061800100474,2019년 6월 18일 18시,화요일,강원도 원주시 단계동,부상신고사고,0,0,0,1,차대차 - 추돌,안전운전불이행,건조,맑음,교차로 - 교차로부근,승용,남,49세,기타불명,화물,남,34세,상해없음
2019061800100475,2019년 6월 18일 18시,화요일,강원도 양구군 양구읍,경상사고,0,0,1,0,차대차 - 측면충돌,교차로운행방법위반,젖음/습기,비,교차로 - 교차로안,화물,여,60세,상해없음,승용,남,28세,경상
2019061800100528,2019년 6월 18일 19시,화요일,강원도 춘천시 효자동,경상사고,0,0,1,0,차대차 - 측면충돌,안전운전불이행,젖음/습기,비,교차로 - 교차로안,승용,남,24세,상해없음,승용,여,23세,경상
2019061800100529,2019년 6월 18일 19시,화요일,강원도 속초시 조양동,경상사고,0,0,1,0,차대차 - 측면충돌,직진우회전진행방해,젖음/습기,비,교차로 - 교차로안,승용,여,56세,상해없음,승용,여,29세,경상
2019061800100575,2019년 6월 18일 20시,화요일,강원도 인제군 북면,경상사고,0,0,1,0,차대차 - 기타,안전거리미확보,건조,맑음,교차로 - 교차로안,승용,남,27세,상해없음,승용,남,27세,경상
2019061800100600,2019년 6월 18일 21시,화요일,강원도 춘천시 약사동,경상사고,0,0,2,0,차대차 - 추돌,안전운전불이행,건조,흐림,단일로 - 기타,승용,여,30세,상해없음,승용,남,39세,경상
2019061800100633,2019년 6월 18일 22시,화요일,강원도 원주시 문막읍,경상사고,0,0,1,0,차대차 - 추돌,안전운전불이행,젖음/습기,비,교차로 - 교차로부근,승용,남,24세,상해없음,승용,여,44세,경상
2019061900100126,2019년 6월 19일 08시,수요일,강원도 강릉시 주문진읍,중상사고,0,2,3,0,차대차 - 측면충돌,안전운전불이행,건조,맑음,단일로 - 기타,승용,남,78세,상해없음,자전거,남,65세,중상
2019061900100171,2019년 6월 19일 09시,수요일,강원도 속초시 노학동,경상사고,0,0,1,0,차대차 - 추돌,안전운전불이행,건조,맑음,단일로 - 고가도로위,승용,남,66세,상해없음,승용,남,66세,경상
2019061900100172,2019년 6월 19일 09시,수요일,강원도 동해시 쇄운동,경상사고,0,0,1,0,차대차 - 측면충돌,안전운전불이행,건조,맑음,교차로 - 교차로안,화물,남,70세,상해없음,승용,여,49세,경상
2019061900100210,2019년 6월 19일 10시,수요일,강원도 홍천군 홍천읍,경상사고,0,0,1,0,차대차 - 추돌,안전운전불이행,건조,맑음,주차장 - 주차장,승용,여,75세,상해없음,승용,남,33세,경상
2019061900100242,2019년 6월 19일 11시,수요일,강원도 정선군 신동읍,경상사고,0,0,2,0,차대차 - 측면충돌,신호위반,건조,맑음,교차로 - 교차로안,화물,남,73세,상해없음,승용,남,61세,경상
2019061900100269,2019년 6월 19일 12시,수요일,강원도 화천군 화천읍,중상사고,0,1,0,0,차대사람 - 횡단중,보행자보호의무위반,건조,맑음,교차로 - 교차로횡단보도내,승용,여,59세,상해없음,보행자,여,78세,중상
2019061900100270,2019년 6월 19일 12시,수요일,강원도 동해시 천곡동,중상사고,0,1,0,0,차대차 - 측면충돌,신호위반,건조,맑음,단일로 - 기타,승용,남,60세,상해없음,기타불명,여,74세,중상
2019061900100317,2019년 6월 19일 14시,수요일,강원도 춘천시 효자동,경상사고,0,0,1,0,차대차 - 후진중충돌,안전운전불이행,건조,맑음,단일로 - 기타,화물,남,81세,상해없음,승합,남,49세,상해없음
2019061900100318,2019년 6월 19일 14시,수요일,강원도 원주시 일산동,경상사고,0,0,1,0,차대차 - 측면충돌,중앙선침범,건조,맑음,단일로 - 기타,승용,남,76세,상해없음,이륜,남,33세,경상
2019061900100319,2019년 6월 19일 14시,수요일,강원도 원주시 명륜동,경상사고,0,0,1,0,차대차 - 측면충돌,안전거리미확보,건조,맑음,단일로 - 기타,승용,남,79세,상해없음,이륜,남,40세,경상
2019061900100357,2019년 6월 19일 15시,수요일,강원도 춘천시 운교동,경상사고,0,0,1,0,차대차 - 측면충돌,안전운전불이행,건조,맑음,교차로 - 교차로안,승합,남,54세,상해없음,자전거,남,56세,경상
2019061900100358,2019년 6월 19일 15시,수요일,강원도 원주시 개운동,중상사고,0,1,0,0,차대차 - 측면충돌,교차로운행방법위반,건조,맑음,교차로 - 교차로안,승용,여,74세,상해없음,자전거,기타불명,8세,중상
2019061900100359,2019년 6월 19일 15시,수요일,강원도 삼척시 사직동,경상사고,0,0,1,0,차대차 - 추돌,안전운전불이행,건조,맑음,교차로 - 교차로안,이륜,남,78세,경상,화물,남,42세,상해없음
2019061900100393,2019년 6월 19일 16시,수요일,강원도 양구군 양구읍,경상사고,0,0,1,0,차대차 - 정면충돌,중앙선침범,건조,맑음,단일로 - 기타,승용,남,72세,상해없음,건설기계,남,60세,경상
2019061900100528,2019년 6월 19일 19시,수요일,강원도 원주시 학성동,경상사고,0,0,1,0,차대차 - 측면충돌,안전운전불이행,건조,맑음,교차로 - 교차로안,승용,남,42세,상해없음,승용,남,23세,경상
2019061900100565,2019년 6월 19일 20시,수요일,강원도 원주시 단구동,경상사고,0,0,1,0,차대차 - 측면충돌,안전운전불이행,건조,맑음,단일로 - 기타,승용,여,59세,상해없음,승용,남,23세,경상
2019061900100566,2019년 6월 19일 20시,수요일,강원도 속초시 교동,경상사고,0,0,2,0,차대차 - 측면충돌,직진우회전진행방해,건조,맑음,교차로 - 교차로안,승용,남,60세,상해없음,승용,여,45세,경상
2019062000100062,2019년 6월 20일 02시,목요일,강원도 원주시 우산동,경상사고,0,0,1,0,차대사람 - 기타,안전운전불이행,건조,맑음,단일로 - 기타,승용,남,21세,상해없음,보행자,남,21세,경상
2019062000100142,2019년 6월 20일 08시,목요일,강원도 강릉시 송정동,경상사고,0,0,6,0,차대차 - 측면충돌,안전운전불이행,건조,맑음,교차로 - 교차로안,화물,남,58세,상해없음,승용,여,47세,경상
2019062000100143,2019년 6월 20일 08시,목요일,강원도 원주시 관설동,중상사고,0,1,0,0,차대사람 - 횡단중,보행자보호의무위반,건조,맑음,교차로 - 교차로횡단보도내,승용,남,73세,상해없음,보행자,여,66세,중상
2019062000100219,2019년 6월 20일 10시,목요일,강원도 평창군 진부면,중상사고,0,1,0,0,차대사람 - 횡단중,신호위반,건조,맑음,교차로 - 교차로횡단보도내,승용,남,66세,상해없음,보행자,여,80세,중상
2019062000100246,2019년 6월 20일 11시,목요일,강원도 강릉시 병산동,중상사고,0,1,0,0,차대차 - 측면충돌,신호위반,건조,맑음,교차로 - 교차로안,화물,남,42세,상해없음,원동기,남,22세,중상
2019062000100283,2019년 6월 20일 12시,목요일,강원도 원주시 무실동,경상사고,0,0,3,0,차대차 - 추돌,신호위반,건조,맑음,교차로 - 교차로안,승합,남,31세,상해없음,승용,여,63세,경상
2019062000100311,2019년 6월 20일 13시,목요일,강원도 강릉시 포남동,경상사고,0,0,1,0,차대차 - 측면충돌,안전운전불이행,건조,맑음,교차로 - 교차로안,승용,남,48세,상해없음,승용,여,34세,경상
2019062000100340,2019년 6월 20일 14시,목요일,강원도 원주시 개운동,중상사고,0,1,0,0,차대사람 - 횡단중,신호위반,건조,맑음,교차로 - 교차로횡단보도내,이륜,남,16세,상해없음,보행자,여,34세,중상
2019062000100341,2019년 6월 20일 14시,목요일,강원도 원주시 단계동,경상사고,0,0,1,0,차대차 - 측면충돌,직진우회전진행방해,건조,맑음,교차로 - 교차로안,승용,여,22세,상해없음,화물,남,19세,경상
2019062000100342,2019년 6월 20일 14시,목요일,강원도 홍천군 홍천읍,중상사고,0,1,1,0,차대차 - 기타,안전운전불이행,건조,맑음,단일로 - 기타,승용,남,48세,상해없음,승용,여,62세,중상
2019062000100414,2019년 6월 20일 16시,목요일,강원도 원주시 흥업면,중상사고,0,1,0,0,차량단독 - 공작물충돌,안전운전불이행,건조,맑음,단일로 - 기타,화물,남,49세,중상,,,,
2019062000100415,2019년 6월 20일 16시,목요일,강원도 원주시 귀래면,중상사고,0,2,1,0,차량단독 - 공작물충돌,안전운전불이행,건조,맑음,단일로 - 기타,승용,남,25세,경상,,,,
2019062000100465,2019년 6월 20일 17시,목요일,강원도 춘천시 온의동,경상사고,0,0,1,0,차대차 - 측면충돌,교차로운행방법위반,건조,맑음,교차로 - 교차로안,승용,남,39세,상해없음,자전거,남,58세,경상
2019062000100557,2019년 6월 20일 19시,목요일,강원도 원주시 봉산동,경상사고,0,0,1,0,차대차 - 측면충돌,안전운전불이행,건조,맑음,단일로 - 기타,승용,남,33세,상해없음,승용,여,41세,경상
2019062000100558,2019년 6월 20일 19시,목요일,강원도 태백시 황지동,경상사고,0,0,1,0,차대차 - 추돌,안전운전불이행,건조,맑음,교차로 - 교차로부근,화물,남,51세,상해없음,승용,여,57세,경상
2019062100100095,2019년 6월 21일 07시,금요일,강원도 강릉시 교동,경상사고,0,0,1,0,차대차 - 측면충돌,안전운전불이행,건조,맑음,단일로 - 기타,승용,남,33세,상해없음,승용,남,74세,경상
2019062100100194,2019년 6월 21일 10시,금요일,강원도 강릉시 주문진읍,경상사고,0,0,1,0,차대차 - 측면충돌,안전운전불이행,건조,맑음,단일로 - 기타,승용,여,55세,상해없음,이륜,남,75세,경상
2019062100100227,2019년 6월 21일 11시,금요일,강원도 원주시 관설동,경상사고,0,0,1,0,차대차 - 기타,신호위반,건조,맑음,교차로 - 교차로안,승용,여,29세,상해없음,승용,남,54세,경상
2019062100100228,2019년 6월 21일 11시,금요일,강원도 홍천군 서석면,경상사고,0,0,1,0,차대차 - 측면충돌,안전운전불이행,건조,맑음,단일로 - 기타,승합,남,40세,상해없음,농기계,남,76세,경상
2019062100100256,2019년 6월 21일 12시,금요일,강원도 춘천시 동내면,경상사고,0,0,1,0,차대차 - 측면충돌,안전운전불이행,건조,맑음,단일로 - 기타,승용,남,51세,상해없음,승용,남,49세,경상
2019062100100287,2019년 6월 21일 13시,금요일,강원도 철원군 동송읍,경상사고,0,0,1,0,차대차 - 추돌,안전거리미확보,건조,맑음,교차로 - 교차로안,승용,남,44세,상해없음,승용,남,27세,경상
2019062100100363,2019년 6월 21일 15시,금요일,강원도 양양군 강현면,경상사고,0,0,1,0,차대차 - 측면충돌,교차로운행방법위반,젖음/습기,비,교차로 - 교차로안,승용,남,57세,상해없음,화물,남,40세,경상
2019062100100364,2019년 6월 21일 15시,금요일,강원도 양양군 강현면,경상사고,0,0,1,0,차대차 - 측면충돌,안전운전불이행,젖음/습기,흐림,교차로 - 교차로부근,승합,남,40세,상해없음,화물,남,38세,상해없음
2019062100100365,2019년 6월 21일 15시,금요일,강원도 정선군 정선읍,경상사고,0,0,1,0,차대차 - 후진중충돌,안전운전불이행,젖음/습기,비,교차로 - 교차로안,승용,여,56세,상해없음,승용,남,49세,경상
2019062100100366,2019년 6월 21일 15시,금요일,강원도 횡성군 둔내면,중상사고,0,1,0,0,차량단독 - 도로외이탈 - 추락,안전운전불이행,건조,맑음,단일로 - 기타,사륜오토바이(ATV),남,24세,중상,,,,
2019062100100407,2019년 6월 21일 16시,금요일,강원도 원주시 무실동,중상사고,0,1,1,0,차대차 - 추돌,신호위반,건조,맑음,교차로 - 교차로안,승용,여,63세,기타불명,승용,여,45세,중상
2019062100100460,2019년 6월 21일 17시,금요일,강원도 춘천시 퇴계동,중상사고,0,1,0,0,차대차 - 측면충돌,안전운전불이행,건조,맑음,교차로 - 교차로안,화물,남,40세,상해없음,승용,남,27세,중상
2019062100100512,2019년 6월 21일 18시,금요일,강원도 춘천시 효자동,경상사고,0,0,2,0,차대차 - 측면충돌,중앙선침범,건조,맑음,단일로 - 기타,승용,여,19세,상해없음,승용,여,36세,경상
2019062100100513,2019년 6월 21일 18시,금요일,강원도 횡성군 공근면,중상사고,0,1,0,0,차대사람 - 기타,과속,건조,맑음,기타 - 기타,승용,남,44세,상해없음,보행자,남,48세,중상
2019062100100568,2019년 6월 21일 19시,금요일,강원도 춘천시 퇴계동,경상사고,0,0,3,0,차대차 - 측면충돌,중앙선침범,건조,맑음,단일로 - 기타,승용,남,63세,상해없음,이륜,남,38세,경상
2019062100100569,2019년 6월 21일 19시,금요일,강원도 화천군 사내면,경상사고,0,0,2,0,차대차 - 정면충돌,중앙선침범,건조,맑음,단일로 - 기타,승용,남,31세,상해없음,승용,남,61세,경상
2019062100100616,2019년 6월 21일 20시,금요일,강원도 춘천시 동면,중상사고,0,1,0,0,차대차 - 측면충돌,안전거리미확보,건조,맑음,단일로 - 기타,승용,남,69세,상해없음,승용,여,62세,중상
2019062100100657,2019년 6월 21일 21시,금요일,강원도 원주시 단구동,경상사고,0,0,3,0,차대차 - 측면충돌,안전운전불이행,건조,맑음,교차로 - 교차로부근,승용,남,26세,경상,승용,여,53세,경상
2019062100100736,2019년 6월 21일 23시,금요일,강원도 춘천시 효자동,경상사고,0,0,1,0,차대사람 - 기타,안전운전불이행,건조,맑음,단일로 - 기타,승용,여,32세,상해없음,보행자,남,20세,경상
2019062200100043,2019년 6월 22일 00시,토요일,강원도 강릉시 강문동,경상사고,0,0,2,1,차대차 - 측면충돌,신호위반,건조,맑음,교차로 - 교차로안,승용,남,25세,상해없음,화물,남,51세,경상
2019062200100083,2019년 6월 22일 02시,토요일,강원도 강릉시 성내동,경상사고,0,0,1,0,차대차 - 기타,중앙선침범,건조,맑음,교차로 - 교차로부근,승용,여,27세,상해없음,승용,남,36세,경상
2019062200100145,2019년 6월 22일 06시,토요일,강원도 춘천시 석사동,중상사고,0,1,1,0,차대차 - 추돌,안전운전불이행,건조,맑음,단일로 - 기타,승용,남,35세,상해없음,승용,남,25세,중상
2019062200100167,2019년 6월 22일 08시,토요일,강원도 원주시 일산동,중상사고,0,1,0,0,차대사람 - 길가장자리구역통행중,안전운전불이행,건조,맑음,단일로 - 기타,승용,남,46세,상해없음,보행자,여,79세,중상
2019062200100184,2019년 6월 22일 09시,토요일,강원도 원주시 학성동,경상사고,0,0,1,0,차대차 - 측면충돌,신호위반,건조,맑음,교차로 - 교차로안,화물,남,75세,상해없음,승용,남,60세,경상
2019062200100212,2019년 6월 22일 10시,토요일,강원도 춘천시 퇴계동,경상사고,0,0,1,0,차대차 - 추돌,기타,건조,맑음,단일로 - 기타,승용,남,61세,상해없음,화물,남,60세,상해없음
2019062200100213,2019년 6월 22일 10시,토요일,강원도 춘천시 운교동,경상사고,0,0,1,0,차대차 - 측면충돌,안전거리미확보,건조,맑음,교차로 - 교차로부근,승용,남,31세,상해없음,승용,남,52세,경상
2019062200100256,2019년 6월 22일 11시,토요일,강원도 원주시 행구동,경상사고,0,0,1,0,차대차 - 측면충돌,신호위반,건조,맑음,교차로 - 교차로안,승용,여,72세,상해없음,승용,남,53세,경상