사고번호,사고일시,요일,시군구,사고내용,사망자수,중상자수,경상자수,부상신고자수,사고유형,법규위반,노면상태,기상상태,도로형태,가해운전자 차종,가해운전자 성별,가해운전자 연령,가해운전자 상해정도,피해운전자 차종,피해운전자 성별,피해운전자 연령,피해운전자 상해정도
2019062200100257,2019년 6월 22일 11시,토요일,강원도 홍천군 화촌면,경상사고,0,0,1,0,차대차 - 측면충돌,안전운전불이행,건조,맑음,주차장 - 주차장,승용,남,59세,상해없음,승용,여,27세,경상
2019062200100302,2019년 6월 22일 12시,토요일,강원도 삼척시 도계읍,경상사고,0,0,5,0,차대차 - 추돌,안전운전불이행,건조,맑음,단일로 - 기타,승용,남,21세,상해없음,승용,여,45세,경상
2019062200100303,2019년 6월 22일 12시,토요일,강원도 동해시 구호동,중상사고,0,1,0,0,차대차 - 측면충돌,안전운전불이행,건조,맑음,교차로 - 교차로안,승용,남,61세,상해없음,승용,남,45세,중상
2019062200100347,2019년 6월 22일 13시,토요일,강원도 춘천시 신동,중상사고,0,1,0,0,차대차 - 정면충돌,중앙선침범,건조,맑음,단일로 - 기타,승용,남,21세,상해없음,화물,남,66세,중상
2019062200100428,2019년 6월 22일 15시,토요일,강원도 원주시 지정면,경상사고,0,0,1,0,차대차 - 측면충돌,신호위반,건조,맑음,교차로 - 교차로안,승용,남,61세,상해없음,승용,여,41세,경상
2019062200100429,2019년 6월 22일 15시,토요일,강원도 삼척시 정상동,경상사고,0,0,1,0,차대차 - 기타,안전운전불이행,건조,맑음,단일로 - 기타,승용,남,57세,상해없음,화물,남,58세,상해없음
2019062200100471,2019년 6월 22일 16시,토요일,강원도 고성군 토성면,경상사고,0,0,1,0,차대차 - 추돌,안전거리미확보,건조,맑음,교차로 - 교차로부근,건설기계,남,43세,상해없음,승용,남,60세,경상
2019062200100518,2019년 6월 22일 17시,토요일,강원도 강릉시 월호평동,중상사고,0,1,0,0,차대차 - 측면충돌,안전운전불이행,건조,맑음,교차로 - 교차로안,승용,여,44세,상해없음,승용,남,47세,중상
2019062200100519,2019년 6월 22일 17시,토요일,강원도 삼척시 정상동,경상사고,0,0,4,0,차대차 - 측면충돌,안전운전불이행,건조,맑음,교차로 - 교차로안,승용,여,58세,상해없음,승합,남,59세,경상
2019062200100520,2019년 6월 22일 17시,토요일,강원도 화천군 화천읍,중상사고,0,1,0,0,차대차 - 추돌,안전운전불이행,건조,맑음,기타 - 기타,승용,여,49세,상해없음,화물,남,54세,기타불명
2019062200100555,2019년 6월 22일 18시,토요일,강원도 춘천시 소양로1가,경상사고,0,0,1,0,차대차 - 추돌,안전운전불이행,건조,맑음,단일로 - 기타,원동기,남,19세,상해없음,승용,남,19세,경상
2019062200100556,2019년 6월 22일 18시,토요일,강원도 원주시 단구동,경상사고,0,0,2,0,차대차 - 측면충돌,신호위반,건조,맑음,교차로 - 교차로안,승용,남,63세,상해없음,승용,남,38세,경상
2019062200100588,2019년 6월 22일 19시,토요일,강원도 강릉시 안현동,경상사고,0,0,2,0,차대차 - 측면충돌,안전운전불이행,건조,맑음,단일로 - 기타,승용,남,28세,상해없음,승용,남,24세,경상
2019062200100614,2019년 6월 22일 20시,토요일,강원도 원주시 태장동,경상사고,0,0,1,0,차대차 - 측면충돌,안전거리미확보,건조,맑음,교차로 - 교차로안,승용,여,50세,상해없음,승용,여,46세,경상
2019062200100615,2019년 6월 22일 20시,토요일,강원도 양양군 양양읍,사망사고,1,0,0,0,차량단독 - 기타,안전운전불이행,건조,맑음,단일로 - 기타,화물,남,56세,사망,,,,
2019062200100616,2019년 6월 22일 20시,토요일,강원도 태백시 황지동,경상사고,0,0,1,0,차대차 - 측면충돌,신호위반,건조,맑음,교차로 - 교차로안,승용,남,63세,상해없음,승용,여,41세,경상
2019062200100617,2019년 6월 22일 20시,토요일,강원도 동해시 평릉동,중상사고,0,1,1,0,차대차 - 측면충돌,신호위반,건조,맑음,교차로 - 교차로안,승용,남,61세,상해없음,승용,여,43세,중상
2019062200100696,2019년 6월 22일 22시,토요일,강원도 속초시 동명동,경상사고,0,0,1,0,차대사람 - 횡단중,안전운전불이행,건조,맑음,단일로 - 지하차도(도로)내,원동기,남,54세,상해없음,보행자,여,35세,경상
2019062300100031,2019년 6월 23일 00시,일요일,강원도 춘천시 동면,경상사고,0,0,1,0,차대차 - 측면충돌,중앙선침범,건조,맑음,단일로 - 기타,승용,남,35세,상해없음,자전거,남,24세,경상
2019062300100146,2019년 6월 23일 09시,일요일,강원도 강릉시 교동,경상사고,0,0,2,0,차대차 - 측면충돌,신호위반,건조,맑음,교차로 - 교차로안,승용,여,26세,경상,승용,남,62세,상해없음
2019062300100199,2019년 6월 23일 11시,일요일,강원도 원주시 호저면,부상신고사고,0,0,0,1,차대차 - 기타,안전운전불이행,건조,맑음,단일로 - 기타,이륜,남,83세,부상신고,승용,여,26세,상해없음
2019062300100200,2019년 6월 23일 11시,일요일,강원도 태백시 통동,중상사고,0,1,0,0,차량단독 - 공작물충돌,안전운전불이행,건조,맑음,단일로 - 기타,승용,남,75세,상해없음,,,,
2019062300100201,2019년 6월 23일 11시,일요일,강원도 인제군 북면,중상사고,0,1,2,0,차대차 - 추돌,안전운전불이행,건조,맑음,교차로 - 교차로부근,승용,남,78세,상해없음,승용,남,68세,경상
2019062300100226,2019년 6월 23일 12시,일요일,강원도 원주시 일산동,경상사고,0,0,1,0,차대사람 - 기타,안전운전불이행,건조,맑음,단일로 - 기타,승용,남,25세,상해없음,보행자,여,54세,경상
2019062300100227,2019년 6월 23일 12시,일요일,강원도 고성군 거진읍,경상사고,0,0,1,0,차대차 - 측면충돌,안전운전불이행,건조,맑음,기타 - 기타,승합,남,36세,기타불명,화물,남,44세,경상
2019062300100228,2019년 6월 23일 12시,일요일,강원도 동해시 망상동,중상사고,0,2,3,0,차대차 - 측면충돌,신호위반,건조,맑음,교차로 - 교차로안,승용,남,37세,중상,승용,여,45세,중상
2019062300100266,2019년 6월 23일 13시,일요일,강원도 속초시 조양동,경상사고,0,0,1,0,차대차 - 측면충돌,안전운전불이행,건조,맑음,단일로 - 기타,화물,남,54세,상해없음,자전거,여,56세,경상
2019062300100310,2019년 6월 23일 14시,일요일,강원도 영월군 중동면,부상신고사고,0,0,0,1,차대차 - 측면충돌,기타,건조,맑음,단일로 - 기타,이륜,남,28세,부상신고,승용,남,24세,상해없음
2019062300100341,2019년 6월 23일 15시,일요일,강원도 삼척시 남양동,경상사고,0,0,1,0,차대차 - 측면충돌,안전운전불이행,건조,맑음,단일로 - 지하차도(도로)내,승용,남,72세,상해없음,자전거,여,60세,경상
2019062300100379,2019년 6월 23일 16시,일요일,강원도 원주시 개운동,경상사고,0,0,1,1,차대차 - 기타,신호위반,건조,맑음,교차로 - 교차로안,이륜,남,22세,부상신고,이륜,남,30세,경상
2019062300100424,2019년 6월 23일 17시,일요일,강원도 속초시 조양동,중상사고,0,1,0,0,차대차 - 측면충돌,안전운전불이행,건조,맑음,기타 - 기타,승용,남,50세,상해없음,이륜,남,56세,중상
2019062300100550,2019년 6월 23일 21시,일요일,강원도 동해시 나안동,경상사고,0,0,4,0,차대차 - 측면충돌,안전운전불이행,건조,맑음,교차로 - 교차로안,승합,남,52세,상해없음,승용,남,59세,경상
2019062300100588,2019년 6월 23일 23시,일요일,강원도 춘천시 온의동,경상사고,0,0,1,0,차대차 - 기타,안전거리미확보,건조,맑음,교차로 - 교차로부근,승용,남,50세,상해없음,승용,남,54세,상해없음
2019062400100037,2019년 6월 24일 02시,월요일,강원도 원주시 문막읍,사망사고,1,0,0,0,차량단독 - 전도전복 - 전복,안전운전불이행,건조,맑음,교차로 - 교차로안,승용,남,31세,사망,,,,
2019062400100044,2019년 6월 24일 04시,월요일,강원도 영월군 영월읍,부상신고사고,0,0,0,1,차량단독 - 공작물충돌,안전운전불이행,건조,맑음,단일로 - 교량,승용,남,60세,부상신고,,,,
2019062400100136,2019년 6월 24일 08시,월요일,강원도 춘천시 신북읍,경상사고,0,0,1,0,차대차 - 추돌,안전거리미확보,건조,맑음,교차로 - 교차로부근,승용,남,59세,상해없음,승용,남,54세,경상
2019062400100137,2019년 6월 24일 08시,월요일,강원도 원주시 단계동,부상신고사고,0,0,0,1,차대차 - 측면충돌,불법유턴,건조,맑음,교차로 - 교차로안,자전거,남,24세,부상신고,승용,여,56세,상해없음
2019062400100190,2019년 6월 24일 09시,월요일,강원도 속초시 금호동,경상사고,0,0,2,0,차대차 - 측면충돌,신호위반,건조,맑음,교차로 - 교차로안,승용,남,34세,상해없음,승용,남,42세,경상
2019062400100221,2019년 6월 24일 10시,월요일,강원도 원주시 학성동,경상사고,0,0,2,0,차대차 - 측면충돌,안전거리미확보,건조,맑음,단일로 - 기타,승용,남,43세,상해없음,승용,남,55세,경상
2019062400100222,2019년 6월 24일 10시,월요일,강원도 정선군 고한읍,경상사고,0,0,1,0,차대차 - 기타,안전운전불이행,건조,맑음,단일로 - 교량,건설기계,남,60세,상해없음,승용,남,28세,경상
2019062400100223,2019년 6월 24일 10시,월요일,강원도 고성군 죽왕면,경상사고,0,0,1,0,차대차 - 측면충돌,신호위반,건조,맑음,교차로 - 교차로안,승용,남,34세,상해없음,승용,남,50세,경상
2019062400100330,2019년 6월 24일 13시,월요일,강원도 강릉시 주문진읍,경상사고,0,0,1,0,차대사람 - 차도통행중,안전운전불이행,건조,맑음,단일로 - 기타,승용,남,18세,상해없음,보행자,남,45세,경상
2019062400100400,2019년 6월 24일 15시,월요일,강원도 춘천시 신동면,중상사고,0,1,3,0,차대차 - 정면충돌,안전운전불이행,건조,맑음,단일로 - 기타,승용,여,41세,상해없음,승용,남,30세,경상
2019062400100401,2019년 6월 24일 15시,월요일,강원도 강릉시 교동,경상사고,0,0,1,0,차대사람 - 횡단중,기타,건조,맑음,단일로 - 기타,승용,남,74세,상해없음,보행자,남,9세,경상
2019062400100402,2019년 6월 24일 15시,월요일,강원도 동해시 발한동,경상사고,0,0,3,0,차대차 - 추돌,안전거리미확보,건조,맑음,교차로 - 교차로부근,화물,남,39세,상해없음,승용,여,62세,상해없음
2019062400100452,2019년 6월 24일 16시,월요일,강원도 원주시 단구동,경상사고,0,0,2,0,차대차 - 측면충돌,신호위반,건조,맑음,교차로 - 교차로안,승용,여,33세,상해없음,승용,남,38세,경상
2019062400100453,2019년 6월 24일 16시,월요일,강원도 철원군 동송읍,경상사고,0,0,6,0,차대차 - 측면충돌,교차로운행방법위반,건조,맑음,교차로 - 교차로안,승용,남,50세,경상,승용,여,41세,경상
2019062400100501,2019년 6월 24일 17시,월요일,강원도 춘천시 후평동,중상사고,0,1,0,0,차대차 - 기타,교차로운행방법위반,건조,맑음,교차로 - 교차로안,승용,여,57세,상해없음,승용,남,71세,중상
2019062400100550,2019년 6월 24일 18시,월요일,강원도 영월군 무릉도원면,경상사고,0,0,1,0,차대차 - 정면충돌,안전운전불이행,건조,맑음,단일로 - 기타,화물,여,61세,상해없음,화물,남,66세,경상
2019062400100608,2019년 6월 24일 19시,월요일,강원도 춘천시 온의동,경상사고,0,0,1,0,차대차 - 측면충돌,안전거리미확보,건조,맑음,교차로 - 교차로부근,승용,여,62세,상해없음,승용,남,44세,경상
2019062400100637,2019년 6월 24일 20시,월요일,강원도 원주시 명륜동,경상사고,0,0,1,0,차대사람 - 횡단중,안전운전불이행,건조,맑음,교차로 - 교차로안,승합,남,43세,상해없음,보행자,남,50세,경상
2019062400100671,2019년 6월 24일 21시,월요일,강원도 원주시 부론면,중상사고,0,1,0,0,차대차 - 추돌,안전운전불이행,건조,맑음,단일로 - 기타,승용,남,54세,상해없음,자전거,남,64세,중상
2019062400100672,2019년 6월 24일 21시,월요일,강원도 동해시 부곡동,중상사고,0,1,0,0,차대사람 - 보도통행중,보행자보호의무위반,건조,맑음,단일로 - 기타,승용,남,56세,상해없음,보행자,여,73세,중상
2019062400100695,2019년 6월 24일 22시,월요일,강원도 강릉시 입암동,경상사고,0,0,1,0,차대차 - 측면충돌,신호위반,건조,맑음,교차로 - 교차로안,승용,남,51세,상해없음,승용,남,52세,경상
2019062400100696,2019년 6월 24일 22시,월요일,강원도 원주시 관설동,경상사고,0,0,1,0,차대사람 - 횡단중,보행자보호의무위반,건조,맑음,단일로 - 지하차도(도로)내,승용,여,47세,상해없음,보행자,남,55세,경상
2019062500100039,2019년 6월 25일 01시,화요일,강원도 원주시 학성동,중상사고,0,1,0,0,차대차 - 측면충돌,안전거리미확보,건조,맑음,교차로 - 교차로안,승용,남,69세,상해없음,이륜,남,61세,중상
2019062500100045,2019년 6월 25일 02시,화요일,강원도 강릉시 노암동,중상사고,0,1,0,0,차대차 - 측면충돌,신호위반,건조,맑음,교차로 - 교차로안,승용,남,25세,상해없음,이륜,남,27세,중상
2019062500100052,2019년 6월 25일 03시,화요일,강원도 강릉시 강동면,중상사고,0,1,0,0,차량단독 - 공작물충돌,안전운전불이행,건조,맑음,단일로 - 기타,승용,남,24세,상해없음,,,,
2019062500100064,2019년 6월 25일 05시,화요일,강원도 원주시 중앙동,중상사고,0,1,0,0,차대차 - 측면충돌,신호위반,건조,맑음,교차로 - 교차로안,승용,여,60세,상해없음,승용,여,38세,중상
2019062500100096,2019년 6월 25일 07시,화요일,강원도 정선군 사북읍,중상사고,0,1,0,0,차대차 - 측면충돌,중앙선침범,건조,맑음,교차로 - 교차로부근,승용,남,59세,상해없음,승용,남,52세,중상
2019062500100185,2019년 6월 25일 09시,화요일,강원도 춘천시 우두동,부상신고사고,0,0,0,1,차대사람 - 보도통행중,안전운전불이행,건조,맑음,단일로 - 기타,기타불명,기타불명,미분류,기타불명,보행자,남,5세,부상신고
2019062500100211,2019년 6월 25일 10시,화요일,강원도 원주시 흥업면,경상사고,0,0,1,0,차대차 - 추돌,안전운전불이행,건조,맑음,단일로 - 기타,승용,남,38세,상해없음,이륜,남,37세,경상
2019062500100282,2019년 6월 25일 12시,화요일,강원도 강릉시 저동,경상사고,0,0,1,0,차대사람 - 기타,안전운전불이행,건조,맑음,단일로 - 기타,승용,여,46세,상해없음,보행자,남,66세,경상
2019062500100307,2019년 6월 25일 13시,화요일,강원도 원주시 개운동,중상사고,0,1,0,0,차대사람 - 차도통행중,안전운전불이행,건조,맑음,단일로 - 기타,승용,남,56세,상해없음,보행자,남,63세,중상
2019062500100308,2019년 6월 25일 13시,화요일,강원도 속초시 교동,경상사고,0,0,1,0,차대차 - 측면충돌,안전운전불이행,건조,맑음,주차장 - 주차장,승용,여,51세,상해없음,이륜,남,62세,경상
2019062500100309,2019년 6월 25일 13시,화요일,강원도 홍천군 홍천읍,경상사고,0,0,2,0,차대차 - 기타,안전운전불이행,건조,맑음,교차로 - 교차로부근,승용,남,65세,상해없음,화물,남,43세,경상
2019062500100310,2019년 6월 25일 13시,화요일,강원도 고성군 토성면,중상사고,0,1,3,0,차대차 - 추돌,안전운전불이행,건조,맑음,교차로 - 교차로부근,승용,여,69세,경상,승용,남,57세,중상
2019062500100355,2019년 6월 25일 14시,화요일,강원도 춘천시 후평동,경상사고,0,0,1,0,차대차 - 측면충돌,직진우회전진행방해,건조,맑음,교차로 - 교차로안,화물,남,39세,상해없음,승용,여,34세,경상
2019062500100356,2019년 6월 25일 14시,화요일,강원도 횡성군 공근면,중상사고,0,2,0,0,차대차 - 측면충돌,중앙선침범,건조,맑음,단일로 - 기타,승용,남,60세,중상,화물,여,50세,중상
2019062500100442,2019년 6월 25일 16시,화요일,강원도 원주시 단계동,경상사고,0,0,2,0,차대차 - 측면충돌,안전운전불이행,건조,맑음,교차로 - 교차로안,화물,남,57세,상해없음,승용,여,53세,경상
2019062500100498,2019년 6월 25일 17시,화요일,강원도 춘천시 서면,경상사고,0,0,3,0,차대차 - 추돌,안전운전불이행,건조,맑음,단일로 - 기타,화물,남,49세,상해없음,승용,남,64세,경상
2019062500100499,2019년 6월 25일 17시,화요일,강원도 홍천군 홍천읍,중상사고,0,1,1,0,차대차 - 기타,안전운전불이행,건조,맑음,단일로 - 기타,이륜,남,56세,중상,승용,여,32세,경상
2019062500100558,2019년 6월 25일 18시,화요일,강원도 원주시 소초면,경상사고,0,0,1,0,차대차 - 정면충돌,신호위반,건조,맑음,교차로 - 교차로안,승용,여,38세,상해없음,승용,여,42세,경상
2019062500100559,2019년 6월 25일 18시,화요일,강원도 인제군 인제읍,중상사고,0,1,1,0,차대차 - 추돌,안전거리미확보,건조,맑음,단일로 - 기타,화물,여,67세,중상,승용,남,50세,경상
2019062500100615,2019년 6월 25일 19시,화요일,강원도 원주시 학성동,경상사고,0,0,1,0,차대사람 - 기타,보행자보호의무위반,건조,맑음,교차로 - 교차로횡단보도내,승용,여,49세,기타불명,보행자,여,60세,경상
2019062500100649,2019년 6월 25일 20시,화요일,강원도 강릉시 사천면,경상사고,0,0,2,0,차대차 - 측면충돌,안전운전불이행,건조,맑음,교차로 - 교차로안,승용,남,38세,상해없음,승용,여,61세,경상
2019062500100684,2019년 6월 25일 21시,화요일,강원도 원주시 단계동,경상사고,0,0,1,0,차대차 - 추돌,신호위반,건조,맑음,교차로 - 교차로안,승용,남,60세,상해없음,승용,남,28세,경상
2019062500100685,2019년 6월 25일 21시,화요일,강원도 원주시 단구동,경상사고,0,0,1,0,차대차 - 측면충돌,안전거리미확보,건조,맑음,단일로 - 기타,승용,남,20세,상해없음,이륜,남,50세,경상
2019062500100725,2019년 6월 25일 23시,화요일,강원도 화천군 사내면,중상사고,0,1,0,0,차대차 - 추돌,안전운전불이행,건조,맑음,단일로 - 기타,화물,남,59세,상해없음,농기계,남,71세,중상
2019062600100038,2019년 6월 26일 01시,수요일,강원도 홍천군 서면,경상사고,0,0,2,0,차량단독 - 공작물충돌,안전운전불이행,건조,맑음,단일로 - 기타,승용,남,52세,경상,,,,
2019062600100052,2019년 6월 26일 04시,수요일,강원도 영월군 영월읍,부상신고사고,0,0,0,1,차량단독 - 공작물충돌,안전운전불이행,건조,맑음,단일로 - 기타,승용,남,54세,부상신고,,,,
2019062600100062,2019년 6월 26일 05시,수요일,강원도 삼척시 정상동,중상사고,0,1,4,0,차대차 - 측면충돌,신호위반,건조,맑음,교차로 - 교차로안,승용,남,80세,상해없음,화물,남,62세,중상
2019062600100111,2019년 6월 26일 08시,수요일,강원도 춘천시 우두동,경상사고,0,0,1,1,차대차 - 추돌,안전거리미확보,건조,맑음,단일로 - 기타,승용,여,30세,부상신고,승용,여,47세,경상
2019062600100112,2019년 6월 26일 08시,수요일,강원도 춘천시 칠전동,경상사고,0,0,1,0,차대차 - 추돌,안전거리미확보,건조,맑음,단일로 - 기타,승용,여,46세,상해없음,승용,남,44세,경상
2019062600100158,2019년 6월 26일 09시,수요일,강원도 원주시 단계동,중상사고,0,1,0,0,차대사람 - 기타,안전운전불이행,건조,맑음,교차로 - 교차로횡단보도내,화물,남,26세,상해없음,보행자,여,81세,중상
2019062600100159,2019년 6월 26일 09시,수요일,강원도 원주시 개운동,경상사고,0,0,1,0,차대차 - 측면충돌,교차로운행방법위반,건조,맑음,교차로 - 교차로안,승용,여,30세,상해없음,승용,여,42세,경상
2019062600100160,2019년 6월 26일 09시,수요일,강원도 삼척시 원당동,경상사고,0,0,2,0,차대차 - 추돌,안전거리미확보,건조,맑음,단일로 - 기타,승합,남,66세,상해없음,승용,여,25세,상해없음
2019062600100231,2019년 6월 26일 11시,수요일,강원도 고성군 간성읍,경상사고,0,0,1,0,차대차 - 측면충돌,안전운전불이행,건조,맑음,교차로 - 교차로안,이륜,남,53세,경상,승용,남,47세,상해없음
2019062600100272,2019년 6월 26일 12시,수요일,강원도 원주시 흥업면,중상사고,0,1,1,0,차대차 - 측면충돌,안전운전불이행,건조,맑음,단일로 - 기타,승용,남,52세,상해없음,화물,남,37세,경상
2019062600100273,2019년 6월 26일 12시,수요일,강원도 횡성군 갑천면,중상사고,0,2,0,0,차량단독 - 도로외이탈 - 추락,안전운전불이행,건조,맑음,교차로 - 교차로부근,승용,남,67세,중상,,,,
2019062600100335,2019년 6월 26일 14시,수요일,강원도 동해시 천곡동,경상사고,0,0,4,0,차대차 - 추돌,안전운전불이행,건조,맑음,교차로 - 교차로부근,승용,여,52세,상해없음,승용,남,66세,경상
2019062600100427,2019년 6월 26일 16시,수요일,강원도 춘천시 효자동,경상사고,0,0,1,0,차대차 - 측면충돌,안전거리미확보,건조,맑음,교차로 - 교차로부근,승용,여,74세,상해없음,승합,남,52세,경상
2019062600100428,2019년 6월 26일 16시,수요일,강원도 삼척시 우지동,중상사고,0,1,3,0,차대차 - 측면충돌,신호위반,건조,맑음,단일로 - 기타,승용,여,51세,상해없음,승용,여,55세,경상
2019062600100429,2019년 6월 26일 16시,수요일,강원도 영월군 영월읍,경상사고,0,0,1,0,차대차 - 측면충돌,직진우회전진행방해,건조,맑음,교차로 - 교차로안,승용,여,29세,상해없음,승용,여,50세,경상
2019062600100430,2019년 6월 26일 16시,수요일,강원도 강릉시 성산면,사망사고,1,1,0,0,차대차 - 기타,안전운전불이행,건조,맑음,단일로 - 기타,승용,남,37세,사망,승용,남,52세,상해없음
2019062600100483,2019년 6월 26일 17시,수요일,강원도 철원군 김화읍,중상사고,0,1,1,0,차대차 - 측면충돌,안전운전불이행,건조,맑음,단일로 - 기타,건설기계,남,46세,상해없음,승용,남,28세,경상
2019062600100484,2019년 6월 26일 17시,수요일,강원도 동해시 천곡동,경상사고,0,0,1,0,차대사람 - 횡단중,보행자보호의무위반,건조,맑음,교차로 - 교차로횡단보도내,화물,남,53세,상해없음,보행자,여,88세,경상
2019062600100529,2019년 6월 26일 18시,수요일,강원도 삼척시 도계읍,중상사고,0,1,0,0,차대사람 - 횡단중,안전운전불이행,건조,맑음,교차로 - 교차로안,화물,남,56세,상해없음,보행자,남,65세,중상
2019062600100582,2019년 6월 26일 19시,수요일,강원도 원주시 원동,경상사고,0,0,1,0,차대차 - 기타,안전운전불이행,건조,맑음,교차로 - 교차로안,원동기,남,23세,경상,원동기,남,39세,상해없음
2019062600100684,2019년 6월 26일 22시,수요일,강원도 원주시 단계동,경상사고,0,0,1,0,차대차 - 측면충돌,안전운전불이행,건조,맑음,교차로 - 교차로안,승용,남,72세,상해없음,승용,남,31세,상해없음
2019062700100028,2019년 6월 27일 00시,목요일,강원도 속초시 조양동,사망사고,1,0,0,0,차대사람 - 횡단중,안전운전불이행,건조,맑음,단일로 - 지하차도(도로)내,승합,남,64세,상해없음,보행자,남,56세,사망
2019062700100041,2019년 6월 27일 01시,목요일,강원도 원주시 중앙동,경상사고,0,0,3,0,차대차 - 측면충돌,신호위반,건조,맑음,교차로 - 교차로안,승용,남,61세,상해없음,승용,남,25세,경상
2019062700100076,2019년 6월 27일 06시,목요일,강원도 춘천시 효자동,경상사고,0,0,1,0,차대차 - 측면충돌,교차로운행방법위반,건조,맑음,교차로 - 교차로안,화물,남,61세,상해없음,자전거,남,57세,경상
2019062700100137,2019년 6월 27일 08시,목요일,강원도 홍천군 홍천읍,중상사고,0,1,1,0,차대차 - 기타,교차로운행방법위반,건조,맑음,교차로 - 교차로안,승용,남,41세,상해없음,승용,여,45세,경상
2019062700100138,2019년 6월 27일 08시,목요일,강원도 태백시 황지동,경상사고,0,0,1,0,차대차 - 기타,안전운전불이행,젖음/습기,흐림,교차로 - 교차로안,승용,남,52세,상해없음,승용,남,53세,경상
2019062700100139,2019년 6월 27일 08시,목요일,강원도 태백시 통동,경상사고,0,0,2,0,차대차 - 기타,중앙선침범,젖음/습기,비,단일로 - 기타,승용,남,59세,상해없음,승용,여,38세,경상
2019062700100140,2019년 6월 27일 08시,목요일,강원도 동해시 북평동,중상사고,0,1,0,0,차대차 - 측면충돌,안전운전불이행,건조,맑음,교차로 - 교차로안,승용,남,54세,상해없음,농기계,남,79세,중상
2019062700100215,2019년 6월 27일 10시,목요일,강원도 춘천시 사농동,경상사고,0,0,4,0,차대차 - 추돌,안전운전불이행,건조,맑음,교차로 - 교차로부근,승용,남,47세,상해없음,승용,남,56세,경상
2019062700100241,2019년 6월 27일 11시,목요일,강원도 원주시 태장동,경상사고,0,0,1,0,차대차 - 측면충돌,안전운전불이행,건조,맑음,단일로 - 기타,이륜,남,77세,상해없음,승용,여,47세,경상
2019062700100242,2019년 6월 27일 11시,목요일,강원도 홍천군 홍천읍,중상사고,0,1,0,0,차대사람 - 횡단중,보행자보호의무위반,건조,맑음,교차로 - 교차로횡단보도내,승용,여,55세,상해없음,보행자,여,52세,중상
2019062700100269,2019년 6월 27일 12시,목요일,강원도 화천군 사내면,중상사고,0,1,0,0,차대차 - 측면충돌,중앙선침범,건조,맑음,단일로 - 기타,승용,남,27세,상해없음,원동기,남,87세,중상
2019062700100309,2019년 6월 27일 13시,목요일,강원도 강릉시 노암동,경상사고,0,0,3,0,차대차 - 추돌,안전운전불이행,건조,맑음,단일로 - 기타,승용,여,40세,상해없음,승용,남,20세,경상
2019062700100310,2019년 6월 27일 13시,목요일,강원도 원주시 명륜동,경상사고,0,0,1,0,차대차 - 추돌,안전운전불이행,건조,맑음,교차로 - 교차로안,승용,남,64세,상해없음,화물,여,59세,경상
2019062700100311,2019년 6월 27일 13시,목요일,강원도 동해시 용정동,경상사고,0,0,1,0,차대차 - 측면충돌,교차로운행방법위반,건조,맑음,교차로 - 교차로부근,승용,남,70세,상해없음,승용,남,38세,경상
2019062700100421,2019년 6월 27일 16시,목요일,강원도 춘천시 후평동,경상사고,0,0,2,0,차대차 - 기타,직진우회전진행방해,건조,맑음,교차로 - 교차로안,자전거,남,72세,경상,자전거,남,15세,경상
2019062700100511,2019년 6월 27일 18시,목요일,강원도 춘천시 서면,경상사고,0,0,1,0,차대사람 - 길가장자리구역통행중,안전운전불이행,건조,맑음,단일로 - 기타,화물,남,83세,상해없음,보행자,여,67세,경상
2019062700100598,2019년 6월 27일 21시,목요일,강원도 춘천시 효자동,경상사고,0,0,2,0,차대차 - 정면충돌,직진우회전진행방해,건조,맑음,교차로 - 교차로안,승용,남,26세,상해없음,승용,남,43세,경상
2019062800100068,2019년 6월 28일 04시,금요일,강원도 강릉시 박월동,중상사고,0,1,1,0,차대차 - 측면충돌,안전운전불이행,건조,맑음,기타 - 기타,승합,남,65세,상해없음,화물,남,37세,경상
2019062800100101,2019년 6월 28일 07시,금요일,강원도 원주시 학성동,경상사고,0,0,1,0,차대차 - 추돌,안전운전불이행,건조,맑음,교차로 - 교차로안,승용,여,58세,상해없음,화물,남,56세,상해없음
2019062800100131,2019년 6월 28일 08시,금요일,강원도 원주시 태장동,경상사고,0,0,1,0,차대차 - 추돌,안전운전불이행,건조,맑음,교차로 - 교차로부근,승용,여,45세,상해없음,승용,여,36세,경상
2019062800100132,2019년 6월 28일 08시,금요일,강원도 속초시 대포동,경상사고,0,0,2,0,차대차 - 추돌,안전운전불이행,건조,맑음,단일로 - 지하차도(도로)내,승용,남,30세,상해없음,승용,남,54세,경상
2019062800100200,2019년 6월 28일 10시,금요일,강원도 횡성군 횡성읍,중상사고,0,1,0,0,차대차 - 추돌,안전운전불이행,건조,맑음,단일로 - 기타,승용,여,62세,상해없음,승용,여,43세,중상
2019062800100242,2019년 6월 28일 11시,금요일,강원도 춘천시 후평동,경상사고,0,0,1,0,차대차 - 측면충돌,차로위반,건조,맑음,단일로 - 기타,승용,여,33세,상해없음,이륜,남,47세,경상
2019062800100243,2019년 6월 28일 11시,금요일,강원도 춘천시 퇴계동,경상사고,0,0,2,0,차대차 - 추돌,안전운전불이행,건조,맑음,교차로 - 교차로부근,승용,남,23세,상해없음,승용,여,31세,경상