사고번호,사고일시,요일,시군구,사고내용,사망자수,중상자수,경상자수,부상신고자수,사고유형,법규위반,노면상태,기상상태,도로형태,가해운전자 차종,가해운전자 성별,가해운전자 연령,가해운전자 상해정도,피해운전자 차종,피해운전자 성별,피해운전자 연령,피해운전자 상해정도
2019071500100222,2019년 7월 15일 12시,월요일,강원도 강릉시 사천면,중상사고,0,1,1,0,차대차 - 추돌,중앙선침범,건조,맑음,단일로 - 기타,화물,여,63세,기타불명,승용,남,71세,경상
2019071500100223,2019년 7월 15일 12시,월요일,강원도 삼척시 정상동,중상사고,0,1,2,0,차대차 - 측면충돌,교차로운행방법위반,건조,맑음,교차로 - 교차로안,승용,남,47세,경상,특수,남,54세,경상
2019071500100253,2019년 7월 15일 13시,월요일,강원도 춘천시 칠전동,경상사고,0,0,2,0,차대차 - 기타,불법유턴,건조,맑음,기타 - 기타,승용,남,90세 이상,상해없음,승합,남,54세,상해없음
2019071500100292,2019년 7월 15일 14시,월요일,강원도 강릉시 내곡동,중상사고,0,1,0,0,차대차 - 측면충돌,안전운전불이행,건조,맑음,교차로 - 교차로부근,승합,남,62세,상해없음,자전거,남,82세,중상
2019071500100293,2019년 7월 15일 14시,월요일,강원도 철원군 갈말읍,경상사고,0,0,2,0,차대차 - 측면충돌,중앙선침범,건조,흐림,단일로 - 기타,이륜,여,54세,경상,승용,남,48세,경상
2019071500100294,2019년 7월 15일 14시,월요일,강원도 동해시 발한동,경상사고,0,0,1,0,차대차 - 측면충돌,안전운전불이행,건조,맑음,단일로 - 지하차도(도로)내,승용,남,59세,상해없음,승용,남,66세,경상
2019071500100347,2019년 7월 15일 15시,월요일,강원도 홍천군 내면,부상신고사고,0,0,0,1,차대차 - 기타,중앙선침범,건조,맑음,단일로 - 기타,승용,기타불명,미분류,기타불명,화물,남,74세,부상신고
2019071500100391,2019년 7월 15일 16시,월요일,강원도 원주시 단구동,경상사고,0,0,2,0,차대차 - 측면충돌,직진우회전진행방해,건조,맑음,교차로 - 교차로안,승용,여,30세,상해없음,승용,여,48세,경상
2019071500100392,2019년 7월 15일 16시,월요일,강원도 원주시 봉산동,경상사고,0,0,1,0,차대차 - 측면충돌,안전거리미확보,젖음/습기,비,단일로 - 기타,승용,남,60세,상해없음,승용,여,51세,경상
2019071500100393,2019년 7월 15일 16시,월요일,강원도 속초시 조양동,경상사고,0,0,2,0,차대차 - 측면충돌,불법유턴,건조,흐림,교차로 - 교차로부근,승용,남,61세,경상,이륜,남,26세,경상
2019071500100394,2019년 7월 15일 16시,월요일,강원도 영월군 영월읍,부상신고사고,0,0,0,1,차대차 - 측면충돌,직진우회전진행방해,건조,맑음,교차로 - 교차로안,승용,남,64세,상해없음,승합,남,37세,상해없음
2019071500100446,2019년 7월 15일 17시,월요일,강원도 춘천시 소양로4가,경상사고,0,0,2,0,차대차 - 기타,교차로운행방법위반,건조,맑음,교차로 - 교차로안,이륜,남,72세,상해없음,승용,여,29세,경상
2019071500100447,2019년 7월 15일 17시,월요일,강원도 원주시 태장동,경상사고,0,0,1,0,차대사람 - 횡단중,중앙선침범,건조,맑음,단일로 - 기타,승용,남,62세,상해없음,보행자,남,70세,경상
2019071500100448,2019년 7월 15일 17시,월요일,강원도 태백시 화전동,경상사고,0,0,2,0,차대차 - 기타,중앙선침범,젖음/습기,비,교차로 - 교차로부근,승합,남,66세,상해없음,승용,남,54세,경상
2019071500100449,2019년 7월 15일 17시,월요일,강원도 횡성군 안흥면,경상사고,0,0,2,0,차대차 - 측면충돌,교차로운행방법위반,젖음/습기,비,교차로 - 교차로안,화물,남,54세,상해없음,승용,여,52세,경상
2019071500100547,2019년 7월 15일 19시,월요일,강원도 춘천시 석사동,경상사고,0,0,1,0,차대차 - 측면충돌,안전운전불이행,젖음/습기,비,단일로 - 기타,승용,남,52세,상해없음,승용,여,47세,경상
2019071500100548,2019년 7월 15일 19시,월요일,강원도 속초시 조양동,경상사고,0,0,2,0,차대차 - 측면충돌,신호위반,젖음/습기,비,교차로 - 교차로안,승용,남,75세,상해없음,승용,남,60세,경상
2019071500100549,2019년 7월 15일 19시,월요일,강원도 동해시 쇄운동,중상사고,0,1,0,0,차대사람 - 보도통행중,보행자보호의무위반,건조,흐림,교차로 - 교차로횡단보도내,화물,남,64세,상해없음,보행자,남,74세,중상
2019071500100593,2019년 7월 15일 21시,월요일,강원도 강릉시 내곡동,경상사고,0,0,1,0,차대차 - 정면충돌,중앙선침범,젖음/습기,흐림,단일로 - 기타,승용,여,45세,상해없음,승용,남,33세,경상
2019071500100594,2019년 7월 15일 21시,월요일,강원도 삼척시 가곡면,사망사고,2,1,0,0,차대사람 - 차도통행중,안전운전불이행,건조,맑음,단일로 - 기타,화물,남,59세,상해없음,보행자,여,79세,사망
2019071500100619,2019년 7월 15일 22시,월요일,강원도 속초시 교동,경상사고,0,0,1,0,차대차 - 측면충돌,중앙선침범,젖음/습기,비,교차로 - 교차로부근,승용,남,49세,상해없음,이륜,남,25세,경상
2019071600100066,2019년 7월 16일 06시,화요일,강원도 동해시 초구동,경상사고,0,0,1,0,차대차 - 측면충돌,중앙선침범,건조,맑음,단일로 - 기타,승용,남,52세,경상,승용,여,54세,상해없음
2019071600100103,2019년 7월 16일 08시,화요일,강원도 춘천시 삼천동,중상사고,0,2,0,0,차대차 - 정면충돌,중앙선침범,젖음/습기,맑음,단일로 - 기타,승용,여,37세,상해없음,승용,남,54세,중상
2019071600100104,2019년 7월 16일 08시,화요일,강원도 원주시 개운동,경상사고,0,0,1,0,차대차 - 측면충돌,안전운전불이행,건조,맑음,단일로 - 기타,승용,여,37세,상해없음,이륜,남,82세,경상
2019071600100105,2019년 7월 16일 08시,화요일,강원도 홍천군 서석면,중상사고,0,1,0,0,차대차 - 기타,중앙선침범,건조,맑음,단일로 - 기타,승용,남,50세,상해없음,승용,남,27세,중상
2019071600100136,2019년 7월 16일 09시,화요일,강원도 춘천시 퇴계동,경상사고,0,0,2,0,차대차 - 추돌,안전거리미확보,젖음/습기,흐림,교차로 - 교차로부근,건설기계,남,35세,기타불명,승용,여,36세,경상
2019071600100137,2019년 7월 16일 09시,화요일,강원도 원주시 태장동,경상사고,0,0,1,0,차대차 - 측면충돌,안전운전불이행,건조,맑음,단일로 - 기타,승용,여,50세,상해없음,자전거,남,55세,경상
2019071600100173,2019년 7월 16일 10시,화요일,강원도 양양군 강현면,경상사고,0,0,1,0,차대차 - 추돌,안전운전불이행,건조,맑음,기타 - 기타,승용,여,39세,상해없음,승용,여,49세,경상
2019071600100227,2019년 7월 16일 12시,화요일,강원도 강릉시 교동,중상사고,0,1,0,0,차대차 - 기타,안전운전불이행,건조,맑음,교차로 - 교차로안,승용,여,21세,상해없음,화물,남,54세,중상
2019071600100228,2019년 7월 16일 12시,화요일,강원도 원주시 흥업면,경상사고,0,0,1,1,차대차 - 측면충돌,중앙선침범,건조,맑음,단일로 - 기타,승용,남,72세,부상신고,승용,남,61세,경상
2019071600100229,2019년 7월 16일 12시,화요일,강원도 속초시 조양동,경상사고,0,0,2,0,차대차 - 측면충돌,직진우회전진행방해,건조,맑음,교차로 - 교차로안,승용,남,35세,상해없음,승용,여,48세,경상
2019071600100230,2019년 7월 16일 12시,화요일,강원도 양양군 서면,중상사고,0,1,3,0,차대차 - 측면충돌,중앙선침범,젖음/습기,비,단일로 - 기타,승용,여,54세,중상,승용,남,62세,경상
2019071600100231,2019년 7월 16일 12시,화요일,강원도 삼척시 우지동,경상사고,0,0,2,0,차대차 - 추돌,안전운전불이행,건조,맑음,교차로 - 교차로부근,승용,남,20세,상해없음,승용,여,45세,경상
2019071600100265,2019년 7월 16일 13시,화요일,강원도 원주시 문막읍,중상사고,0,3,0,0,차대차 - 측면충돌,신호위반,건조,맑음,교차로 - 교차로안,승용,남,67세,상해없음,특수,남,53세,중상
2019071600100266,2019년 7월 16일 13시,화요일,강원도 평창군 용평면,부상신고사고,0,0,0,1,차대사람 - 기타,안전운전불이행,건조,맑음,주차장 - 주차장,승용,남,56세,상해없음,보행자,여,61세,부상신고
2019071600100376,2019년 7월 16일 16시,화요일,강원도 강릉시 노암동,경상사고,0,0,1,0,차대차 - 기타,안전운전불이행,건조,맑음,교차로 - 교차로안,승용,여,53세,상해없음,이륜,남,24세,경상
2019071600100422,2019년 7월 16일 17시,화요일,강원도 원주시 평원동,부상신고사고,0,0,0,3,차대차 - 측면충돌,안전거리미확보,젖음/습기,비,교차로 - 교차로안,승용,남,39세,상해없음,승용,남,20세,부상신고
2019071600100479,2019년 7월 16일 18시,화요일,강원도 원주시 태장동,경상사고,0,0,1,0,차대차 - 추돌,안전운전불이행,건조,맑음,교차로 - 교차로부근,승용,남,24세,상해없음,승용,남,33세,경상
2019071600100480,2019년 7월 16일 18시,화요일,강원도 횡성군 횡성읍,경상사고,0,0,2,0,차대차 - 기타,안전운전불이행,젖음/습기,비,교차로 - 교차로안,원동기,남,79세,경상,승용,여,49세,경상
2019071600100481,2019년 7월 16일 18시,화요일,강원도 인제군 기린면,경상사고,0,0,2,0,차대차 - 기타,안전운전불이행,건조,맑음,단일로 - 기타,승용,남,61세,상해없음,승용,남,59세,경상
2019071600100558,2019년 7월 16일 20시,화요일,강원도 춘천시 동면,중상사고,0,1,0,0,차대사람 - 횡단중,보행자보호의무위반,건조,맑음,교차로 - 교차로횡단보도내,승용,남,68세,상해없음,보행자,남,59세,중상
2019071600100559,2019년 7월 16일 20시,화요일,강원도 횡성군 횡성읍,중상사고,0,1,0,0,차대사람 - 횡단중,보행자보호의무위반,젖음/습기,흐림,교차로 - 교차로횡단보도내,화물,남,76세,상해없음,보행자,남,69세,중상
2019071600100586,2019년 7월 16일 21시,화요일,강원도 동해시 이도동,경상사고,0,0,1,0,차대사람 - 기타,안전운전불이행,건조,맑음,단일로 - 기타,승용,남,50세,상해없음,보행자,남,56세,경상
2019071700100122,2019년 7월 17일 08시,수요일,강원도 춘천시 동면,경상사고,0,0,2,0,차대차 - 추돌,안전거리미확보,건조,맑음,교차로 - 교차로부근,승용,남,27세,상해없음,화물,남,67세,경상
2019071700100123,2019년 7월 17일 08시,수요일,강원도 춘천시 요선동,경상사고,0,0,1,0,차대사람 - 횡단중,보행자보호의무위반,건조,맑음,교차로 - 교차로횡단보도내,화물,남,72세,상해없음,보행자,여,43세,경상
2019071700100124,2019년 7월 17일 08시,수요일,강원도 원주시 무실동,경상사고,0,0,1,0,차대차 - 후진중충돌,안전운전불이행,건조,맑음,단일로 - 기타,화물,남,62세,상해없음,화물,남,53세,경상
2019071700100125,2019년 7월 17일 08시,수요일,강원도 홍천군 남면,부상신고사고,0,0,0,1,차량단독 - 기타,안전운전불이행,건조,맑음,단일로 - 기타,승합,여,54세,상해없음,,,,
2019071700100161,2019년 7월 17일 09시,수요일,강원도 춘천시 온의동,경상사고,0,0,1,0,차대차 - 추돌,안전거리미확보,건조,맑음,단일로 - 기타,승용,남,46세,상해없음,승용,여,41세,경상
2019071700100194,2019년 7월 17일 10시,수요일,강원도 삼척시 읍중동,경상사고,0,0,1,0,차대차 - 측면충돌,안전운전불이행,건조,맑음,단일로 - 지하차도(도로)내,승용,여,48세,경상,화물,남,48세,상해없음
2019071700100220,2019년 7월 17일 11시,수요일,강원도 평창군 봉평면,경상사고,0,0,1,0,차대차 - 측면충돌,신호위반,건조,맑음,교차로 - 교차로안,승용,여,54세,상해없음,화물,남,38세,경상
2019071700100249,2019년 7월 17일 12시,수요일,강원도 강릉시 남문동,중상사고,0,1,0,0,차대차 - 측면충돌,안전운전불이행,건조,맑음,단일로 - 기타,승용,남,67세,상해없음,자전거,남,83세,중상
2019071700100324,2019년 7월 17일 14시,수요일,강원도 원주시 개운동,경상사고,0,0,1,0,차대차 - 측면충돌,신호위반,건조,맑음,교차로 - 교차로안,승용,여,59세,상해없음,승용,남,49세,경상
2019071700100325,2019년 7월 17일 14시,수요일,강원도 홍천군 서면,경상사고,0,0,1,0,차대차 - 기타,중앙선침범,건조,맑음,단일로 - 기타,승용,여,62세,상해없음,승용,남,32세,경상
2019071700100371,2019년 7월 17일 15시,수요일,강원도 춘천시 동면,경상사고,0,0,1,0,차대차 - 기타,안전거리미확보,건조,맑음,단일로 - 기타,승용,여,59세,상해없음,승용,여,47세,경상
2019071700100372,2019년 7월 17일 15시,수요일,강원도 강릉시 성내동,경상사고,0,0,2,0,차대차 - 측면충돌,안전운전불이행,건조,맑음,교차로 - 교차로부근,승용,남,64세,상해없음,승용,남,27세,경상
2019071700100373,2019년 7월 17일 15시,수요일,강원도 원주시 단구동,중상사고,0,1,0,0,차대차 - 측면충돌,교차로운행방법위반,건조,맑음,교차로 - 교차로안,승용,여,51세,상해없음,이륜,남,50세,중상
2019071700100402,2019년 7월 17일 16시,수요일,강원도 강릉시 포남동,경상사고,0,0,1,0,차대사람 - 기타,안전운전불이행,건조,맑음,단일로 - 기타,승용,남,59세,상해없음,보행자,남,6세,경상
2019071700100403,2019년 7월 17일 16시,수요일,강원도 삼척시 오분동,경상사고,0,0,1,0,차대차 - 추돌,안전거리미확보,건조,맑음,교차로 - 교차로안,건설기계,남,61세,상해없음,화물,남,61세,경상
2019071700100404,2019년 7월 17일 16시,수요일,강원도 삼척시 근덕면,중상사고,0,1,0,0,차량단독 - 전도전복 - 전도,안전운전불이행,건조,맑음,단일로 - 기타,자전거,남,13세,중상,,,,
2019071700100405,2019년 7월 17일 16시,수요일,강원도 태백시 장성동,중상사고,0,2,0,0,차대차 - 추돌,안전운전불이행,건조,맑음,단일로 - 기타,원동기,남,16세,중상,승용,남,55세,기타불명
2019071700100441,2019년 7월 17일 17시,수요일,강원도 춘천시 소양로2가,경상사고,0,0,1,0,차대차 - 측면충돌,안전운전불이행,건조,맑음,교차로 - 교차로안,승용,남,78세,상해없음,승용,남,53세,경상
2019071700100442,2019년 7월 17일 17시,수요일,강원도 원주시 우산동,부상신고사고,0,0,0,1,차대차 - 측면충돌,교차로운행방법위반,건조,맑음,교차로 - 교차로안,승용,남,43세,상해없음,자전거,남,19세,부상신고
2019071700100489,2019년 7월 17일 18시,수요일,강원도 춘천시 효자동,중상사고,0,1,0,0,차대사람 - 횡단중,안전운전불이행,건조,맑음,교차로 - 교차로안,승용,남,46세,상해없음,보행자,남,28세,중상
2019071700100559,2019년 7월 17일 20시,수요일,강원도 춘천시 석사동,경상사고,0,0,1,0,차대차 - 측면충돌,신호위반,건조,맑음,교차로 - 교차로부근,승용,여,28세,상해없음,승용,남,56세,경상
2019071700100560,2019년 7월 17일 20시,수요일,강원도 춘천시 효자동,중상사고,0,1,0,0,차대사람 - 횡단중,보행자보호의무위반,건조,맑음,교차로 - 교차로횡단보도내,승용,남,60세,상해없음,보행자,남,53세,중상
2019071700100588,2019년 7월 17일 21시,수요일,강원도 춘천시 동면,경상사고,0,0,1,0,차대차 - 측면충돌,안전운전불이행,건조,맑음,단일로 - 기타,승용,남,47세,상해없음,승용,남,57세,경상
2019071700100623,2019년 7월 17일 22시,수요일,강원도 삼척시 도계읍,경상사고,0,0,1,0,차대차 - 측면충돌,중앙선침범,건조,흐림,단일로 - 지하차도(도로)내,승용,남,59세,상해없음,승용,남,35세,경상
2019071700100624,2019년 7월 17일 22시,수요일,강원도 홍천군 홍천읍,중상사고,0,1,0,0,차대사람 - 기타,안전운전불이행,건조,맑음,교차로 - 교차로안,승용,여,58세,상해없음,보행자,여,49세,중상
2019071700100651,2019년 7월 17일 23시,수요일,강원도 원주시 단구동,경상사고,0,0,1,1,차대차 - 추돌,안전운전불이행,건조,맑음,단일로 - 기타,이륜,남,33세,부상신고,승용,남,57세,경상
2019071800100058,2019년 7월 18일 05시,목요일,강원도 홍천군 홍천읍,경상사고,0,0,1,0,차대차 - 기타,교차로운행방법위반,건조,맑음,교차로 - 교차로안,승용,여,36세,상해없음,승용,여,55세,경상
2019071800100108,2019년 7월 18일 08시,목요일,강원도 춘천시 동내면,경상사고,0,0,1,0,차대사람 - 기타,보행자보호의무위반,건조,맑음,교차로 - 교차로횡단보도내,승용,여,38세,상해없음,보행자,여,35세,경상
2019071800100182,2019년 7월 18일 10시,목요일,강원도 속초시 교동,경상사고,0,0,2,0,차대차 - 측면충돌,안전운전불이행,건조,맑음,교차로 - 교차로부근,승용,여,58세,상해없음,승합,여,39세,경상
2019071800100241,2019년 7월 18일 12시,목요일,강원도 원주시 개운동,부상신고사고,0,0,0,1,차대차 - 측면충돌,안전운전불이행,건조,맑음,교차로 - 교차로부근,승용,남,62세,상해없음,승용,남,71세,상해없음
2019071800100274,2019년 7월 18일 13시,목요일,강원도 속초시 청학동,경상사고,0,0,1,0,차대차 - 측면충돌,교차로운행방법위반,건조,맑음,교차로 - 교차로안,승용,남,43세,상해없음,이륜,남,40세,경상
2019071800100379,2019년 7월 18일 16시,목요일,강원도 춘천시 중앙로1가,경상사고,0,0,4,0,차대차 - 측면충돌,안전운전불이행,건조,맑음,교차로 - 교차로안,승용,남,55세,경상,승용,여,56세,경상
2019071800100408,2019년 7월 18일 17시,목요일,강원도 원주시 단구동,경상사고,0,0,2,0,차대차 - 후진중충돌,안전운전불이행,건조,맑음,단일로 - 기타,승용,여,58세,상해없음,승용,남,55세,경상
2019071800100455,2019년 7월 18일 18시,목요일,강원도 삼척시 정상동,경상사고,0,0,2,0,차대차 - 측면충돌,안전운전불이행,건조,맑음,교차로 - 교차로안,승용,남,69세,상해없음,승용,남,57세,경상
2019071800100456,2019년 7월 18일 18시,목요일,강원도 홍천군 화촌면,경상사고,0,0,1,0,차대차 - 기타,안전거리미확보,건조,맑음,교차로 - 교차로부근,기타불명,남,24세,상해없음,승합,남,73세,경상
2019071800100493,2019년 7월 18일 19시,목요일,강원도 춘천시 퇴계동,경상사고,0,0,1,0,차량단독 - 기타,기타,건조,맑음,단일로 - 기타,승용,남,56세,상해없음,,,,
2019071800100529,2019년 7월 18일 20시,목요일,강원도 춘천시 후평동,경상사고,0,0,1,0,차대차 - 측면충돌,안전운전불이행,건조,맑음,교차로 - 교차로안,승용,여,66세,상해없음,승용,남,22세,경상
2019071800100530,2019년 7월 18일 20시,목요일,강원도 화천군 상서면,중상사고,0,1,0,0,차대사람 - 횡단중,안전운전불이행,건조,맑음,단일로 - 기타,승용,남,50세,상해없음,보행자,남,25세,중상
2019071800100594,2019년 7월 18일 22시,목요일,강원도 태백시 황지동,경상사고,0,0,1,0,차대사람 - 기타,안전운전불이행,건조,흐림,교차로 - 교차로부근,승용,남,45세,상해없음,보행자,여,20세,경상
2019071900100088,2019년 7월 19일 05시,금요일,강원도 속초시 조양동,경상사고,0,0,2,0,차대차 - 측면충돌,안전운전불이행,건조,맑음,교차로 - 교차로안,승용,여,53세,상해없음,승용,남,61세,경상
2019071900100152,2019년 7월 19일 08시,금요일,강원도 원주시 개운동,중상사고,0,1,0,0,차대차 - 측면충돌,안전거리미확보,건조,맑음,단일로 - 기타,화물,남,67세,상해없음,승용,여,46세,중상
2019071900100188,2019년 7월 19일 09시,금요일,강원도 강릉시 옥천동,경상사고,0,0,3,0,차대차 - 추돌,안전운전불이행,건조,맑음,교차로 - 교차로부근,화물,남,53세,상해없음,승용,여,56세,경상
2019071900100189,2019년 7월 19일 09시,금요일,강원도 원주시 개운동,경상사고,0,0,1,0,차대차 - 측면충돌,교차로운행방법위반,건조,맑음,교차로 - 교차로안,승합,남,46세,상해없음,승용,남,58세,경상
2019071900100190,2019년 7월 19일 09시,금요일,강원도 홍천군 홍천읍,중상사고,0,1,0,0,차대사람 - 기타,기타,건조,맑음,주차장 - 주차장,승용,남,59세,상해없음,보행자,여,85세,중상
2019071900100233,2019년 7월 19일 10시,금요일,강원도 춘천시 석사동,경상사고,0,0,1,0,차대차 - 정면충돌,중앙선침범,건조,맑음,단일로 - 기타,이륜,남,78세,상해없음,승용,남,41세,경상
2019071900100265,2019년 7월 19일 11시,금요일,강원도 춘천시 근화동,중상사고,0,1,0,0,차대사람 - 횡단중,보행자보호의무위반,건조,맑음,교차로 - 교차로횡단보도내,승용,여,64세,상해없음,보행자,여,71세,중상
2019071900100266,2019년 7월 19일 11시,금요일,강원도 강릉시 성남동,중상사고,0,1,0,0,차대사람 - 횡단중,안전운전불이행,건조,맑음,교차로 - 교차로부근,화물,남,52세,상해없음,보행자,여,77세,중상
2019071900100267,2019년 7월 19일 11시,금요일,강원도 홍천군 화촌면,경상사고,0,0,1,0,차대사람 - 횡단중,안전운전불이행,건조,맑음,교차로 - 교차로부근,화물,남,33세,상해없음,보행자,남,13세,경상
2019071900100354,2019년 7월 19일 13시,금요일,강원도 강릉시 교동,중상사고,0,1,1,0,차대차 - 측면충돌,안전운전불이행,건조,맑음,단일로 - 기타,승용,남,45세,상해없음,이륜,남,49세,중상
2019071900100355,2019년 7월 19일 13시,금요일,강원도 원주시 단계동,중상사고,0,1,0,0,차대사람 - 횡단중,신호위반,건조,맑음,교차로 - 교차로횡단보도내,승합,남,50세,상해없음,보행자,남,7세,중상
2019071900100387,2019년 7월 19일 14시,금요일,강원도 속초시 조양동,중상사고,0,1,0,0,차대차 - 측면충돌,직진우회전진행방해,건조,맑음,교차로 - 교차로안,승용,남,75세,상해없음,승용,여,53세,중상
2019071900100388,2019년 7월 19일 14시,금요일,강원도 양구군 양구읍,중상사고,0,1,1,0,차대차 - 추돌,안전운전불이행,건조,맑음,단일로 - 터널,승용,남,26세,상해없음,이륜,남,68세,중상
2019071900100420,2019년 7월 19일 15시,금요일,강원도 양양군 양양읍,경상사고,0,0,1,0,차대차 - 후진중충돌,안전운전불이행,건조,맑음,교차로 - 교차로안,화물,남,45세,상해없음,승용,여,76세,경상
2019071900100459,2019년 7월 19일 16시,금요일,강원도 춘천시 사북면,경상사고,0,0,3,0,차대차 - 측면충돌,중앙선침범,건조,맑음,기타 - 기타,이륜,남,54세,상해없음,승용,여,41세,경상
2019071900100460,2019년 7월 19일 16시,금요일,강원도 원주시 일산동,경상사고,0,0,1,0,차대차 - 기타,안전거리미확보,젖음/습기,비,교차로 - 교차로부근,승용,남,68세,상해없음,승합,남,63세,상해없음
2019071900100461,2019년 7월 19일 16시,금요일,강원도 원주시 흥업면,중상사고,0,1,1,0,차대차 - 측면충돌,안전운전불이행,젖음/습기,비,교차로 - 교차로안,건설기계,남,63세,상해없음,승용,남,48세,중상
2019071900100462,2019년 7월 19일 16시,금요일,강원도 홍천군 홍천읍,부상신고사고,0,0,0,1,차대사람 - 차도통행중,안전운전불이행,건조,맑음,단일로 - 기타,승용,여,35세,상해없음,보행자,남,15세,부상신고
2019071900100502,2019년 7월 19일 17시,금요일,강원도 강릉시 교동,경상사고,0,0,2,0,차대차 - 측면충돌,안전운전불이행,건조,맑음,교차로 - 교차로안,화물,남,58세,상해없음,승용,남,21세,경상
2019071900100503,2019년 7월 19일 17시,금요일,강원도 속초시 교동,경상사고,0,0,1,0,차대차 - 측면충돌,교차로운행방법위반,건조,맑음,교차로 - 교차로안,승용,여,36세,상해없음,이륜,남,57세,경상
2019071900100504,2019년 7월 19일 17시,금요일,강원도 평창군 진부면,중상사고,0,1,0,0,차대차 - 측면충돌,교차로운행방법위반,젖음/습기,비,교차로 - 교차로안,자전거,남,13세,중상,승용,남,76세,상해없음
2019071900100547,2019년 7월 19일 18시,금요일,강원도 인제군 상남면,중상사고,0,1,1,0,차대차 - 측면충돌,중앙선침범,건조,맑음,단일로 - 기타,승용,여,67세,중상,화물,남,39세,경상
2019071900100594,2019년 7월 19일 19시,금요일,강원도 춘천시 동면,경상사고,0,0,2,0,차대차 - 기타,안전거리미확보,건조,맑음,단일로 - 기타,승용,여,50세,상해없음,승용,여,62세,경상
2019071900100595,2019년 7월 19일 19시,금요일,강원도 원주시 단구동,경상사고,0,0,1,0,차대차 - 기타,안전운전불이행,건조,맑음,단일로 - 기타,승용,남,23세,상해없음,승용,남,51세,경상
2019071900100666,2019년 7월 19일 21시,금요일,강원도 원주시 단계동,경상사고,0,0,2,0,차대차 - 추돌,안전거리미확보,건조,맑음,단일로 - 기타,승용,남,59세,상해없음,승용,남,51세,경상
2019071900100703,2019년 7월 19일 22시,금요일,강원도 속초시 교동,경상사고,0,0,1,0,차대차 - 측면충돌,신호위반,건조,흐림,교차로 - 교차로안,승용,남,28세,상해없음,승용,남,64세,경상
2019072000100031,2019년 7월 20일 00시,토요일,강원도 강릉시 내곡동,경상사고,0,0,1,0,차대차 - 측면충돌,신호위반,건조,맑음,교차로 - 교차로안,승용,남,18세,상해없음,승용,남,23세,경상
2019072000100032,2019년 7월 20일 00시,토요일,강원도 원주시 호저면,경상사고,0,0,2,0,차대차 - 측면충돌,신호위반,건조,맑음,교차로 - 교차로안,승용,남,61세,경상,승용,남,38세,경상
2019072000100033,2019년 7월 20일 00시,토요일,강원도 속초시 영랑동,경상사고,0,0,1,0,차대사람 - 횡단중,보행자보호의무위반,건조,맑음,교차로 - 교차로안,승합,남,46세,상해없음,보행자,남,47세,경상
2019072000100057,2019년 7월 20일 01시,토요일,강원도 강릉시 노암동,경상사고,0,0,1,0,차대차 - 측면충돌,안전운전불이행,젖음/습기,비,교차로 - 교차로부근,승용,남,30세,상해없음,승용,남,29세,경상
2019072000100109,2019년 7월 20일 05시,토요일,강원도 춘천시 동내면,경상사고,0,0,1,0,차대차 - 측면충돌,신호위반,건조,맑음,교차로 - 교차로안,이륜,남,19세,상해없음,승용,남,64세,경상
2019072000100114,2019년 7월 20일 06시,토요일,강원도 태백시 화전동,경상사고,0,0,2,0,차대차 - 추돌,안전운전불이행,젖음/습기,비,단일로 - 기타,화물,남,54세,경상,승용,남,59세,경상
2019072000100155,2019년 7월 20일 09시,토요일,강원도 강릉시 입암동,경상사고,0,0,2,0,차대차 - 추돌,안전운전불이행,젖음/습기,비,단일로 - 기타,승용,남,48세,상해없음,승용,남,47세,경상
2019072000100209,2019년 7월 20일 11시,토요일,강원도 원주시 호저면,중상사고,0,1,1,0,차대차 - 측면충돌,직진우회전진행방해,젖음/습기,맑음,교차로 - 교차로안,승용,남,50세,상해없음,승용,남,52세,중상
2019072000100251,2019년 7월 20일 12시,토요일,강원도 원주시 단계동,경상사고,0,0,1,0,차대차 - 측면충돌,안전운전불이행,젖음/습기,비,교차로 - 교차로안,승용,남,62세,상해없음,승용,여,60세,경상
2019072000100289,2019년 7월 20일 13시,토요일,강원도 춘천시 후평동,중상사고,0,1,0,0,차대차 - 측면충돌,안전운전불이행,건조,맑음,교차로 - 교차로안,승용,남,76세,상해없음,이륜,남,25세,중상
2019072000100290,2019년 7월 20일 13시,토요일,강원도 춘천시 퇴계동,중상사고,0,1,0,0,차량단독 - 기타,안전운전불이행,건조,맑음,교차로 - 교차로안,승합,남,50세,상해없음,,,,
2019072000100291,2019년 7월 20일 13시,토요일,강원도 평창군 봉평면,중상사고,0,1,2,0,차대차 - 측면충돌,안전운전불이행,젖음/습기,비,교차로 - 교차로안,승용,남,51세,상해없음,승용,남,54세,경상
2019072000100331,2019년 7월 20일 14시,토요일,강원도 원주시 일산동,경상사고,0,0,1,0,차대차 - 측면충돌,안전운전불이행,건조,맑음,교차로 - 교차로안,승용,여,44세,상해없음,승용,남,70세,경상
2019072000100332,2019년 7월 20일 14시,토요일,강원도 동해시 쇄운동,경상사고,0,0,1,0,차대차 - 측면충돌,안전운전불이행,젖음/습기,비,단일로 - 기타,건설기계,남,58세,상해없음,승용,남,33세,경상
2019072000100367,2019년 7월 20일 15시,토요일,강원도 강릉시 유산동,경상사고,0,0,4,0,차대차 - 추돌,안전운전불이행,젖음/습기,비,교차로 - 교차로부근,화물,남,39세,상해없음,승용,여,40세,경상
2019072000100452,2019년 7월 20일 18시,토요일,강원도 춘천시 후평동,경상사고,0,0,1,0,차대차 - 측면충돌,직진우회전진행방해,건조,맑음,교차로 - 교차로안,승용,남,28세,상해없음,이륜,남,38세,경상