사고번호,사고일시,요일,시군구,사고내용,사망자수,중상자수,경상자수,부상신고자수,사고유형,법규위반,노면상태,기상상태,도로형태,가해운전자 차종,가해운전자 성별,가해운전자 연령,가해운전자 상해정도,피해운전자 차종,피해운전자 성별,피해운전자 연령,피해운전자 상해정도
2019072000100453,2019년 7월 20일 18시,토요일,강원도 횡성군 횡성읍,경상사고,0,0,1,0,차대차 - 측면충돌,교차로운행방법위반,건조,맑음,교차로 - 교차로안,화물,남,57세,상해없음,이륜,남,78세,경상
2019072000100510,2019년 7월 20일 20시,토요일,강원도 원주시 문막읍,경상사고,0,0,2,0,차대차 - 측면충돌,안전운전불이행,젖음/습기,비,교차로 - 교차로안,승용,남,38세,상해없음,화물,남,49세,경상
2019072000100511,2019년 7월 20일 20시,토요일,강원도 원주시 소초면,경상사고,0,0,1,0,차대차 - 기타,안전거리미확보,건조,맑음,단일로 - 기타,승용,여,39세,기타불명,승합,남,58세,경상
2019072000100590,2019년 7월 20일 22시,토요일,강원도 원주시 개운동,경상사고,0,0,2,0,차대차 - 측면충돌,안전거리미확보,건조,맑음,단일로 - 기타,승용,여,49세,상해없음,승용,여,50세,경상
2019072000100591,2019년 7월 20일 22시,토요일,강원도 원주시 반곡동,경상사고,0,0,1,0,차대차 - 추돌,안전거리미확보,건조,맑음,단일로 - 기타,승용,남,58세,상해없음,승용,여,47세,경상
2019072000100633,2019년 7월 20일 23시,토요일,강원도 속초시 교동,중상사고,0,1,0,0,차대사람 - 횡단중,안전운전불이행,젖음/습기,비,단일로 - 기타,이륜,남,19세,상해없음,보행자,남,55세,중상
2019072100100083,2019년 7월 21일 03시,일요일,강원도 원주시 우산동,경상사고,0,0,1,0,차대차 - 측면충돌,교차로운행방법위반,건조,맑음,교차로 - 교차로안,화물,남,61세,상해없음,화물,남,28세,경상
2019072100100094,2019년 7월 21일 04시,일요일,강원도 홍천군 서면,중상사고,0,1,1,0,차대차 - 추돌,안전운전불이행,젖음/습기,비,단일로 - 터널,승용,남,27세,상해없음,승용,남,49세,중상
2019072100100129,2019년 7월 21일 07시,일요일,강원도 속초시 노학동,중상사고,0,1,0,0,차량단독 - 공작물충돌,안전운전불이행,젖음/습기,비,단일로 - 기타,사륜오토바이(ATV),남,83세,중상,,,,
2019072100100143,2019년 7월 21일 08시,일요일,강원도 원주시 명륜동,부상신고사고,0,0,0,1,차량단독 - 전도전복 - 전도,안전운전불이행,건조,맑음,단일로 - 기타,원동기,남,16세,상해없음,,,,
2019072100100154,2019년 7월 21일 09시,일요일,강원도 동해시 천곡동,경상사고,0,0,1,0,차대차 - 측면충돌,교차로운행방법위반,젖음/습기,비,교차로 - 교차로안,승용,남,62세,상해없음,승용,남,39세,경상
2019072100100170,2019년 7월 21일 10시,일요일,강원도 평창군 평창읍,경상사고,0,0,3,0,차대차 - 측면충돌,안전운전불이행,건조,맑음,교차로 - 교차로안,승용,여,41세,상해없음,화물,남,53세,경상
2019072100100187,2019년 7월 21일 11시,일요일,강원도 철원군 동송읍,중상사고,0,1,0,0,차대사람 - 기타,안전운전불이행,건조,맑음,단일로 - 기타,특수,남,51세,상해없음,보행자,여,76세,중상
2019072100100234,2019년 7월 21일 13시,일요일,강원도 강릉시 포남동,경상사고,0,0,1,0,차대차 - 측면충돌,안전운전불이행,건조,맑음,교차로 - 교차로안,화물,남,41세,상해없음,승용,남,38세,경상
2019072100100260,2019년 7월 21일 14시,일요일,강원도 원주시 태장동,중상사고,0,1,5,0,차대차 - 기타,안전운전불이행,젖음/습기,비,기타 - 기타,승용,여,75세,경상,승용,남,67세,중상
2019072100100261,2019년 7월 21일 14시,일요일,강원도 원주시 호저면,경상사고,0,0,1,0,차대사람 - 기타,안전운전불이행,젖음/습기,비,교차로 - 교차로부근,승용,남,42세,상해없음,보행자,남,22세,경상
2019072100100262,2019년 7월 21일 14시,일요일,강원도 삼척시 성내동,경상사고,0,0,3,0,차대차 - 추돌,안전운전불이행,건조,맑음,단일로 - 지하차도(도로)내,승용,여,37세,경상,승용,여,61세,경상
2019072100100285,2019년 7월 21일 15시,일요일,강원도 동해시 천곡동,경상사고,0,0,1,0,차대차 - 측면충돌,안전운전불이행,건조,맑음,교차로 - 교차로부근,승용,남,37세,상해없음,승용,남,38세,경상
2019072100100322,2019년 7월 21일 16시,일요일,강원도 원주시 단계동,경상사고,0,0,1,0,차대차 - 측면충돌,안전거리미확보,건조,맑음,교차로 - 교차로안,승용,남,72세,상해없음,화물,남,49세,경상
2019072100100353,2019년 7월 21일 17시,일요일,강원도 춘천시 서면,중상사고,0,2,0,0,차대차 - 측면충돌,안전운전불이행,젖음/습기,비,교차로 - 교차로안,승용,여,65세,상해없음,승용,남,27세,중상
2019072100100399,2019년 7월 21일 19시,일요일,강원도 인제군 남면,경상사고,0,0,1,0,차대차 - 측면충돌,신호위반,젖음/습기,비,교차로 - 교차로안,화물,남,66세,상해없음,승용,여,50세,경상
2019072100100428,2019년 7월 21일 20시,일요일,강원도 원주시 무실동,경상사고,0,0,2,0,차대차 - 측면충돌,신호위반,건조,맑음,교차로 - 교차로안,원동기,남,36세,상해없음,승용,남,22세,경상
2019072100100460,2019년 7월 21일 21시,일요일,강원도 원주시 태장동,경상사고,0,0,1,0,차대차 - 측면충돌,중앙선침범,젖음/습기,비,기타 - 기타,승용,남,45세,경상,승용,남,47세,상해없음
2019072100100461,2019년 7월 21일 21시,일요일,강원도 원주시 호저면,중상사고,0,1,0,0,차대차 - 측면충돌,안전거리미확보,젖음/습기,맑음,단일로 - 기타,승용,남,27세,상해없음,원동기,남,62세,중상
2019072100100477,2019년 7월 21일 22시,일요일,강원도 춘천시 동내면,중상사고,0,1,2,0,차대차 - 정면충돌,안전운전불이행,건조,맑음,교차로 - 교차로부근,승용,여,60세,중상,승용,여,61세,경상
2019072100100478,2019년 7월 21일 22시,일요일,강원도 춘천시 석사동,경상사고,0,0,2,0,차대차 - 측면충돌,교차로운행방법위반,건조,맑음,교차로 - 교차로부근,승용,남,43세,경상,승합,남,45세,경상
2019072200100080,2019년 7월 22일 06시,월요일,강원도 속초시 교동,중상사고,0,1,0,0,차대사람 - 횡단중,안전운전불이행,건조,맑음,교차로 - 교차로안,승용,남,48세,상해없음,보행자,여,84세,중상
2019072200100097,2019년 7월 22일 07시,월요일,강원도 삼척시 가곡면,사망사고,4,8,1,0,차량단독 - 전도전복 - 전복,안전운전불이행,건조,맑음,단일로 - 기타,승합,여,60세,사망,,,,
2019072200100168,2019년 7월 22일 09시,월요일,강원도 강릉시 옥천동,경상사고,0,0,1,0,차대차 - 측면충돌,안전운전불이행,건조,맑음,교차로 - 교차로안,승용,남,57세,상해없음,승용,여,32세,경상
2019072200100169,2019년 7월 22일 09시,월요일,강원도 삼척시 원덕읍,경상사고,0,0,2,0,차대차 - 측면충돌,안전운전불이행,건조,맑음,단일로 - 기타,승용,여,51세,경상,화물,남,45세,경상
2019072200100170,2019년 7월 22일 09시,월요일,강원도 영월군 영월읍,부상신고사고,0,0,0,1,차대차 - 측면충돌,안전운전불이행,건조,맑음,단일로 - 기타,이륜,남,71세,부상신고,화물,남,66세,상해없음
2019072200100171,2019년 7월 22일 09시,월요일,강원도 철원군 갈말읍,경상사고,0,0,1,0,차대차 - 추돌,안전운전불이행,건조,맑음,단일로 - 기타,화물,남,71세,상해없음,승용,여,39세,경상
2019072200100172,2019년 7월 22일 09시,월요일,강원도 동해시 평릉동,경상사고,0,0,1,0,차대차 - 기타,교차로운행방법위반,건조,맑음,교차로 - 교차로안,승용,남,62세,상해없음,화물,남,53세,경상
2019072200100200,2019년 7월 22일 10시,월요일,강원도 강릉시 교동,경상사고,0,0,1,0,차대차 - 측면충돌,안전운전불이행,건조,맑음,단일로 - 기타,승용,남,54세,상해없음,승용,여,68세,경상
2019072200100201,2019년 7월 22일 10시,월요일,강원도 삼척시 사직동,경상사고,0,0,1,0,차대차 - 후진중충돌,안전운전불이행,건조,맑음,주차장 - 주차장,화물,남,31세,상해없음,승용,여,59세,경상
2019072200100202,2019년 7월 22일 10시,월요일,강원도 춘천시 동산면,중상사고,0,1,0,0,차대차 - 추돌,안전거리미확보,건조,맑음,단일로 - 터널,승용,남,38세,상해없음,승용,남,49세,중상
2019072200100244,2019년 7월 22일 11시,월요일,강원도 춘천시 소양로1가,경상사고,0,0,1,0,차대사람 - 횡단중,신호위반,건조,맑음,단일로 - 기타,승용,여,53세,상해없음,보행자,남,44세,경상
2019072200100245,2019년 7월 22일 11시,월요일,강원도 속초시 청호동,중상사고,0,1,0,0,차대차 - 측면충돌,중앙선침범,건조,맑음,단일로 - 지하차도(도로)내,승용,남,57세,기타불명,이륜,남,41세,중상
2019072200100281,2019년 7월 22일 12시,월요일,강원도 동해시 귀운동,경상사고,0,0,2,0,차대차 - 추돌,안전거리미확보,건조,맑음,단일로 - 교량,화물,남,47세,상해없음,승용,남,67세,경상
2019072200100322,2019년 7월 22일 13시,월요일,강원도 춘천시 신동면,부상신고사고,0,0,0,1,차대사람 - 기타,안전운전불이행,건조,맑음,단일로 - 기타,승용,여,50세,상해없음,보행자,남,58세,부상신고
2019072200100323,2019년 7월 22일 13시,월요일,강원도 홍천군 서석면,경상사고,0,0,1,0,차량단독 - 공작물충돌,안전운전불이행,건조,맑음,단일로 - 교량,승용,여,54세,상해없음,,,,
2019072200100324,2019년 7월 22일 13시,월요일,강원도 정선군 정선읍,경상사고,0,0,1,0,차대사람 - 횡단중,안전운전불이행,건조,맑음,단일로 - 기타,승용,남,53세,상해없음,보행자,여,90세 이상,경상
2019072200100365,2019년 7월 22일 14시,월요일,강원도 원주시 판부면,경상사고,0,0,1,0,차대차 - 추돌,안전운전불이행,건조,맑음,교차로 - 교차로부근,이륜,남,65세,상해없음,승용,여,47세,경상
2019072200100366,2019년 7월 22일 14시,월요일,강원도 철원군 갈말읍,중상사고,0,1,1,0,차대차 - 기타,교차로운행방법위반,건조,맑음,교차로 - 교차로부근,화물,남,73세,중상,승용,여,64세,경상
2019072200100403,2019년 7월 22일 15시,월요일,강원도 원주시 명륜동,경상사고,0,0,1,0,차대차 - 측면충돌,직진우회전진행방해,건조,맑음,교차로 - 교차로안,승용,남,64세,상해없음,승용,남,29세,경상
2019072200100404,2019년 7월 22일 15시,월요일,강원도 원주시 단계동,경상사고,0,0,3,0,차대차 - 기타,직진우회전진행방해,건조,맑음,교차로 - 교차로안,승용,남,72세,경상,승용,여,59세,경상
2019072200100405,2019년 7월 22일 15시,월요일,강원도 인제군 인제읍,경상사고,0,0,1,0,차대차 - 추돌,안전운전불이행,건조,맑음,교차로 - 교차로부근,승용,남,65세,상해없음,승용,여,70세,경상
2019072200100447,2019년 7월 22일 16시,월요일,강원도 강릉시 포남동,경상사고,0,0,4,0,차대차 - 측면충돌,안전운전불이행,건조,맑음,단일로 - 기타,승용,남,62세,상해없음,승용,남,18세,경상
2019072200100496,2019년 7월 22일 17시,월요일,강원도 강릉시 주문진읍,경상사고,0,0,1,0,차대차 - 측면충돌,안전운전불이행,건조,맑음,교차로 - 교차로안,승용,여,40세,상해없음,원동기,남,49세,경상
2019072200100497,2019년 7월 22일 17시,월요일,강원도 태백시 황지동,경상사고,0,0,3,0,차대차 - 추돌,안전운전불이행,건조,맑음,단일로 - 기타,승용,남,21세,상해없음,승용,여,41세,경상
2019072200100557,2019년 7월 22일 18시,월요일,강원도 속초시 장사동,경상사고,0,0,1,0,차대차 - 측면충돌,신호위반,건조,맑음,교차로 - 교차로안,승용,여,47세,상해없음,이륜,남,50세,경상
2019072200100602,2019년 7월 22일 19시,월요일,강원도 춘천시 약사동,경상사고,0,0,2,0,차대차 - 측면충돌,직진우회전진행방해,건조,맑음,교차로 - 교차로안,승용,남,63세,상해없음,이륜,남,36세,경상
2019072200100603,2019년 7월 22일 19시,월요일,강원도 강릉시 교동,경상사고,0,0,1,0,차대차 - 측면충돌,안전운전불이행,건조,맑음,교차로 - 교차로안,승용,남,24세,기타불명,화물,남,27세,경상
2019072200100676,2019년 7월 22일 21시,월요일,강원도 원주시 일산동,경상사고,0,0,1,0,차대차 - 측면충돌,교차로운행방법위반,건조,맑음,교차로 - 교차로안,승용,남,65세,상해없음,이륜,남,38세,경상
2019072300100041,2019년 7월 23일 01시,화요일,강원도 속초시 조양동,중상사고,0,1,0,0,차량단독 - 공작물충돌,안전운전불이행,건조,맑음,단일로 - 기타,이륜,남,17세,중상,,,,
2019072300100080,2019년 7월 23일 05시,화요일,강원도 춘천시 효자동,경상사고,0,0,1,0,차대사람 - 횡단중,안전운전불이행,건조,맑음,교차로 - 교차로안,이륜,남,18세,상해없음,보행자,남,57세,경상
2019072300100101,2019년 7월 23일 07시,화요일,강원도 속초시 교동,중상사고,0,1,0,0,차대차 - 측면충돌,직진우회전진행방해,건조,맑음,교차로 - 교차로안,승용,남,62세,상해없음,이륜,남,47세,중상
2019072300100125,2019년 7월 23일 08시,화요일,강원도 원주시 판부면,경상사고,0,0,1,0,차대차 - 추돌,안전거리미확보,건조,맑음,단일로 - 기타,승용,남,37세,상해없음,승용,남,26세,경상
2019072300100126,2019년 7월 23일 08시,화요일,강원도 영월군 영월읍,부상신고사고,0,0,0,1,차대차 - 기타,안전운전불이행,건조,맑음,교차로 - 교차로부근,승용,남,58세,상해없음,자전거,여,51세,부상신고
2019072300100199,2019년 7월 23일 10시,화요일,강원도 강릉시 교동,경상사고,0,0,1,0,차대차 - 측면충돌,신호위반,건조,맑음,교차로 - 교차로안,승용,남,33세,상해없음,승용,여,50세,경상
2019072300100200,2019년 7월 23일 10시,화요일,강원도 원주시 명륜동,중상사고,0,1,1,0,차대차 - 측면충돌,안전운전불이행,건조,맑음,교차로 - 교차로안,승용,여,69세,상해없음,이륜,남,38세,중상
2019072300100201,2019년 7월 23일 10시,화요일,강원도 원주시 인동,경상사고,0,0,2,0,차대차 - 측면충돌,안전운전불이행,건조,맑음,교차로 - 교차로안,승용,남,57세,상해없음,화물,남,39세,경상
2019072300100228,2019년 7월 23일 11시,화요일,강원도 원주시 단계동,중상사고,0,1,0,0,차대사람 - 보도통행중,보행자보호의무위반,건조,맑음,교차로 - 교차로횡단보도내,승용,여,48세,상해없음,보행자,여,44세,중상
2019072300100229,2019년 7월 23일 11시,화요일,강원도 철원군 갈말읍,경상사고,0,0,3,0,차대차 - 측면충돌,직진우회전진행방해,건조,맑음,교차로 - 교차로안,화물,남,66세,경상,승용,남,34세,경상
2019072300100260,2019년 7월 23일 12시,화요일,강원도 양양군 현북면,중상사고,0,1,0,0,차대차 - 측면충돌,안전운전불이행,건조,맑음,교차로 - 교차로안,승용,남,49세,상해없음,사륜오토바이(ATV),여,75세,중상
2019072300100261,2019년 7월 23일 12시,화요일,강원도 원주시 지정면,경상사고,0,0,2,0,차대차 - 추돌,안전거리미확보,건조,맑음,단일로 - 터널,승용,남,47세,상해없음,화물,남,41세,경상
2019072300100299,2019년 7월 23일 13시,화요일,강원도 태백시 황지동,경상사고,0,0,1,0,차대차 - 추돌,안전운전불이행,건조,맑음,교차로 - 교차로부근,승용,여,33세,상해없음,승용,여,68세,경상
2019072300100300,2019년 7월 23일 13시,화요일,강원도 동해시 대구동,경상사고,0,0,2,0,차대차 - 기타,신호위반,건조,맑음,교차로 - 교차로안,승용,남,74세,경상,승용,여,35세,경상
2019072300100344,2019년 7월 23일 14시,화요일,강원도 영월군 주천면,중상사고,0,2,0,0,차대차 - 기타,안전운전불이행,건조,맑음,단일로 - 지하차도(도로)내,화물,남,65세,중상,개인형이동수단(PM),남,66세,중상
2019072300100422,2019년 7월 23일 16시,화요일,강원도 횡성군 우천면,경상사고,0,0,3,0,차대차 - 추돌,안전운전불이행,건조,맑음,단일로 - 기타,화물,남,55세,상해없음,화물,남,53세,경상
2019072300100521,2019년 7월 23일 18시,화요일,강원도 춘천시 후평동,경상사고,0,0,1,0,차대차 - 후진중충돌,안전운전불이행,건조,맑음,단일로 - 기타,화물,남,56세,상해없음,승용,여,54세,경상
2019072300100522,2019년 7월 23일 18시,화요일,강원도 동해시 발한동,경상사고,0,0,1,0,차대사람 - 기타,안전운전불이행,건조,흐림,단일로 - 지하차도(도로)내,승합,남,38세,상해없음,보행자,여,57세,경상
2019072300100557,2019년 7월 23일 19시,화요일,강원도 동해시 평릉동,경상사고,0,0,1,0,차대사람 - 횡단중,신호위반,건조,맑음,교차로 - 교차로횡단보도내,승용,여,62세,상해없음,보행자,여,15세,경상
2019072300100597,2019년 7월 23일 20시,화요일,강원도 동해시 천곡동,경상사고,0,0,1,0,차대차 - 측면충돌,안전거리미확보,건조,흐림,단일로 - 지하차도(도로)내,승용,여,38세,상해없음,원동기,남,20세,경상
2019072400100117,2019년 7월 24일 08시,수요일,강원도 춘천시 동면,경상사고,0,0,1,0,차대차 - 추돌,안전운전불이행,젖음/습기,비,교차로 - 교차로안,화물,남,55세,상해없음,승용,남,53세,경상
2019072400100118,2019년 7월 24일 08시,수요일,강원도 원주시 문막읍,경상사고,0,0,1,1,차대차 - 측면충돌,안전운전불이행,건조,흐림,교차로 - 교차로안,승용,여,55세,부상신고,승용,남,71세,경상
2019072400100119,2019년 7월 24일 08시,수요일,강원도 인제군 기린면,중상사고,0,2,0,0,차대차 - 기타,안전운전불이행,건조,맑음,단일로 - 기타,화물,남,38세,상해없음,승용,여,70세,중상
2019072400100157,2019년 7월 24일 09시,수요일,강원도 춘천시 후평동,경상사고,0,0,3,0,차대차 - 후진중충돌,안전운전불이행,건조,맑음,교차로 - 교차로안,승용,남,68세,상해없음,승용,여,38세,경상
2019072400100158,2019년 7월 24일 09시,수요일,강원도 인제군 북면,경상사고,0,0,1,0,차대차 - 측면충돌,안전운전불이행,건조,맑음,교차로 - 교차로안,승용,남,72세,상해없음,승용,남,20세,경상
2019072400100192,2019년 7월 24일 10시,수요일,강원도 강릉시 노암동,경상사고,0,0,1,0,차대차 - 정면충돌,안전운전불이행,건조,맑음,교차로 - 교차로안,승용,남,76세,상해없음,승용,여,61세,경상
2019072400100193,2019년 7월 24일 10시,수요일,강원도 동해시 천곡동,경상사고,0,0,1,0,차대차 - 측면충돌,안전거리미확보,건조,맑음,단일로 - 기타,화물,남,60세,상해없음,화물,남,42세,경상
2019072400100223,2019년 7월 24일 11시,수요일,강원도 원주시 명륜동,경상사고,0,0,1,0,차대차 - 측면충돌,직진우회전진행방해,건조,맑음,교차로 - 교차로안,승용,여,58세,상해없음,승용,여,50세,경상
2019072400100224,2019년 7월 24일 11시,수요일,강원도 동해시 구호동,경상사고,0,0,1,0,차대차 - 측면충돌,신호위반,건조,맑음,교차로 - 교차로안,승용,남,59세,상해없음,화물,남,19세,상해없음
2019072400100263,2019년 7월 24일 12시,수요일,강원도 강릉시 왕산면,경상사고,0,0,2,0,차대차 - 측면충돌,기타,건조,맑음,교차로 - 교차로안,승용,남,56세,상해없음,승용,남,43세,경상
2019072400100264,2019년 7월 24일 12시,수요일,강원도 동해시 북평동,중상사고,0,1,0,0,차대차 - 추돌,안전운전불이행,건조,흐림,단일로 - 기타,승용,여,45세,상해없음,농기계,남,83세,중상
2019072400100333,2019년 7월 24일 14시,수요일,강원도 원주시 단구동,경상사고,0,0,3,0,차대차 - 측면충돌,교차로운행방법위반,건조,맑음,교차로 - 교차로부근,화물,남,37세,상해없음,승용,여,61세,경상
2019072400100334,2019년 7월 24일 14시,수요일,강원도 원주시 무실동,경상사고,0,0,2,0,차대차 - 측면충돌,신호위반,건조,맑음,교차로 - 교차로안,승용,여,24세,상해없음,승용,남,68세,경상
2019072400100377,2019년 7월 24일 15시,수요일,강원도 강릉시 성내동,경상사고,0,0,1,0,차대차 - 측면충돌,신호위반,건조,맑음,교차로 - 교차로안,승용,남,52세,상해없음,승용,남,73세,경상
2019072400100378,2019년 7월 24일 15시,수요일,강원도 원주시 문막읍,경상사고,0,0,1,0,차대차 - 측면충돌,안전운전불이행,젖음/습기,흐림,기타 - 기타,승용,남,85세,상해없음,화물,남,55세,경상
2019072400100379,2019년 7월 24일 15시,수요일,강원도 원주시 단계동,경상사고,0,0,1,0,차대사람 - 횡단중,안전운전불이행,건조,맑음,단일로 - 기타,승용,남,64세,상해없음,보행자,남,63세,경상
2019072400100425,2019년 7월 24일 16시,수요일,강원도 춘천시 석사동,경상사고,0,0,3,0,차대차 - 추돌,안전운전불이행,건조,맑음,교차로 - 교차로안,승합,남,41세,상해없음,승용,여,45세,경상
2019072400100426,2019년 7월 24일 16시,수요일,강원도 원주시 일산동,부상신고사고,0,0,0,1,차대차 - 측면충돌,안전운전불이행,건조,맑음,교차로 - 교차로안,이륜,남,16세,기타불명,승용,남,53세,부상신고
2019072400100474,2019년 7월 24일 17시,수요일,강원도 춘천시 석사동,경상사고,0,0,1,0,차대차 - 측면충돌,안전운전불이행,건조,맑음,단일로 - 기타,승용,남,31세,상해없음,승용,여,55세,경상
2019072400100475,2019년 7월 24일 17시,수요일,강원도 원주시 명륜동,경상사고,0,0,1,0,차대사람 - 보도통행중,신호위반,건조,맑음,교차로 - 교차로횡단보도내,이륜,남,18세,상해없음,보행자,여,29세,경상
2019072400100520,2019년 7월 24일 18시,수요일,강원도 춘천시 신북읍,경상사고,0,0,1,0,차대사람 - 횡단중,보행자보호의무위반,건조,맑음,교차로 - 교차로횡단보도내,승용,여,57세,상해없음,보행자,여,73세,경상
2019072400100521,2019년 7월 24일 18시,수요일,강원도 춘천시 동면,중상사고,0,1,0,0,차대차 - 기타,안전운전불이행,젖음/습기,안개,단일로 - 교량,승용,여,65세,상해없음,승용,남,32세,중상
2019072400100522,2019년 7월 24일 18시,수요일,강원도 강릉시 옥천동,경상사고,0,0,1,0,차대차 - 추돌,안전운전불이행,건조,맑음,교차로 - 교차로부근,화물,남,55세,상해없음,승용,여,49세,경상
2019072400100523,2019년 7월 24일 18시,수요일,강원도 강릉시 교동,경상사고,0,0,1,0,차대차 - 측면충돌,신호위반,건조,맑음,교차로 - 교차로안,승용,여,58세,상해없음,이륜,남,27세,경상
2019072400100524,2019년 7월 24일 18시,수요일,강원도 속초시 조양동,경상사고,0,0,1,0,차대차 - 측면충돌,안전운전불이행,건조,맑음,교차로 - 교차로안,승용,남,60세,상해없음,승용,남,60세,경상
2019072400100525,2019년 7월 24일 18시,수요일,강원도 홍천군 홍천읍,경상사고,0,0,1,0,차대차 - 기타,신호위반,건조,맑음,교차로 - 교차로안,승용,여,42세,상해없음,승용,여,39세,경상
2019072400100572,2019년 7월 24일 19시,수요일,강원도 원주시 반곡동,경상사고,0,0,1,0,차대차 - 추돌,안전운전불이행,건조,맑음,교차로 - 교차로부근,승용,여,67세,상해없음,승용,여,46세,경상
2019072400100573,2019년 7월 24일 19시,수요일,강원도 태백시 황지동,경상사고,0,0,1,0,차대차 - 측면충돌,안전운전불이행,건조,흐림,교차로 - 교차로안,승용,남,33세,상해없음,승용,남,38세,경상
2019072400100655,2019년 7월 24일 22시,수요일,강원도 춘천시 후평동,경상사고,0,0,1,0,차대사람 - 기타,안전운전불이행,건조,맑음,단일로 - 기타,승용,여,47세,상해없음,보행자,남,58세,경상
2019072500100028,2019년 7월 25일 00시,목요일,강원도 원주시 관설동,경상사고,0,0,2,0,차대차 - 측면충돌,신호위반,건조,흐림,교차로 - 교차로안,화물,여,54세,상해없음,승용,남,38세,경상
2019072500100029,2019년 7월 25일 00시,목요일,강원도 원주시 단계동,경상사고,0,0,1,0,차대차 - 측면충돌,신호위반,건조,맑음,교차로 - 교차로안,승용,남,37세,상해없음,승용,남,45세,경상
2019072500100106,2019년 7월 25일 07시,목요일,강원도 평창군 진부면,경상사고,0,0,1,0,차대차 - 측면충돌,교차로운행방법위반,젖음/습기,비,교차로 - 교차로안,승용,여,54세,경상,화물,남,70세,상해없음
2019072500100171,2019년 7월 25일 09시,목요일,강원도 강릉시 구정면,경상사고,0,0,1,0,차대차 - 추돌,안전거리미확보,건조,맑음,단일로 - 기타,승용,남,38세,상해없음,승용,남,32세,경상
2019072500100172,2019년 7월 25일 09시,목요일,강원도 양양군 양양읍,중상사고,0,1,4,0,차대차 - 측면충돌,신호위반,건조,맑음,교차로 - 교차로안,화물,남,61세,중상,승용,남,50세,경상
2019072500100173,2019년 7월 25일 09시,목요일,강원도 철원군 동송읍,중상사고,0,1,0,0,차량단독 - 기타,안전운전불이행,젖음/습기,흐림,기타 - 기타,자전거,여,53세,중상,,,,
2019072500100200,2019년 7월 25일 10시,목요일,강원도 춘천시 신북읍,중상사고,0,1,1,0,차대차 - 정면충돌,중앙선침범,젖음/습기,흐림,단일로 - 기타,승용,여,64세,중상,화물,남,57세,경상
2019072500100201,2019년 7월 25일 10시,목요일,강원도 동해시 발한동,중상사고,0,1,1,0,차대차 - 측면충돌,안전운전불이행,건조,맑음,단일로 - 기타,승용,여,56세,상해없음,승용,여,49세,경상
2019072500100267,2019년 7월 25일 12시,목요일,강원도 홍천군 북방면,중상사고,0,1,0,0,차대사람 - 차도통행중,안전운전불이행,건조,맑음,교차로 - 교차로안,화물,남,71세,상해없음,보행자,여,84세,중상
2019072500100334,2019년 7월 25일 14시,목요일,강원도 원주시 일산동,경상사고,0,0,3,0,차대차 - 기타,안전거리미확보,건조,맑음,단일로 - 기타,승용,여,49세,상해없음,승합,남,58세,상해없음
2019072500100335,2019년 7월 25일 14시,목요일,강원도 원주시 지정면,경상사고,0,0,2,1,차대차 - 추돌,안전운전불이행,건조,맑음,교차로 - 교차로안,승용,남,42세,부상신고,화물,남,64세,경상
2019072500100362,2019년 7월 25일 15시,목요일,강원도 춘천시 석사동,경상사고,0,0,1,0,차대차 - 기타,신호위반,젖음/습기,맑음,교차로 - 교차로안,기타불명,기타불명,미분류,기타불명,이륜,남,36세,경상
2019072500100363,2019년 7월 25일 15시,목요일,강원도 춘천시 신동면,경상사고,0,0,1,0,차대차 - 기타,중앙선침범,건조,맑음,단일로 - 기타,화물,남,70세,상해없음,건설기계,남,27세,경상
2019072500100396,2019년 7월 25일 16시,목요일,강원도 양양군 양양읍,경상사고,0,0,1,0,차대차 - 측면충돌,안전운전불이행,건조,맑음,교차로 - 교차로안,승용,남,77세,상해없음,승용,남,66세,상해없음
2019072500100425,2019년 7월 25일 17시,목요일,강원도 양양군 강현면,경상사고,0,0,1,0,차대차 - 측면충돌,신호위반,건조,맑음,교차로 - 교차로안,승용,남,73세,상해없음,원동기,남,13세,경상
2019072500100550,2019년 7월 25일 20시,목요일,강원도 춘천시 동내면,경상사고,0,0,5,0,차대차 - 측면충돌,안전거리미확보,젖음/습기,비,교차로 - 교차로부근,승용,여,59세,경상,화물,남,53세,경상
2019072500100599,2019년 7월 25일 22시,목요일,강원도 정선군 사북읍,중상사고,0,1,0,0,차대사람 - 횡단중,보행자보호의무위반,젖음/습기,맑음,교차로 - 교차로안,승합,남,62세,상해없음,보행자,남,50세,중상
2019072600100058,2019년 7월 26일 02시,금요일,강원도 횡성군 둔내면,경상사고,0,0,1,0,차대차 - 측면충돌,안전운전불이행,젖음/습기,비,단일로 - 기타,승용,남,67세,상해없음,승용,여,62세,상해없음
2019072600100089,2019년 7월 26일 06시,금요일,강원도 원주시 봉산동,경상사고,0,0,1,0,차대차 - 측면충돌,신호위반,건조,맑음,교차로 - 교차로안,승용,여,57세,상해없음,승용,여,33세,경상
2019072600100102,2019년 7월 26일 07시,금요일,강원도 원주시 무실동,경상사고,0,0,1,0,차대사람 - 횡단중,안전운전불이행,젖음/습기,비,단일로 - 기타,승용,남,73세,상해없음,보행자,여,65세,경상