사고번호,사고일시,요일,시군구,사고내용,사망자수,중상자수,경상자수,부상신고자수,사고유형,법규위반,노면상태,기상상태,도로형태,가해운전자 차종,가해운전자 성별,가해운전자 연령,가해운전자 상해정도,피해운전자 차종,피해운전자 성별,피해운전자 연령,피해운전자 상해정도
2019080400100483,2019년 8월 4일 21시,일요일,강원도 횡성군 우천면,경상사고,0,0,4,0,차대차 - 추돌,안전운전불이행,건조,맑음,단일로 - 기타,화물,남,58세,상해없음,승합,남,50세,경상
2019080500100040,2019년 8월 5일 03시,월요일,강원도 원주시 단구동,경상사고,0,0,1,0,차대차 - 추돌,안전운전불이행,건조,맑음,교차로 - 교차로안,승용,남,21세,상해없음,승용,남,44세,경상
2019080500100068,2019년 8월 5일 06시,월요일,강원도 원주시 관설동,경상사고,0,0,2,0,차대차 - 기타,안전운전불이행,건조,맑음,교차로 - 교차로안,화물,남,41세,상해없음,승용,남,37세,경상
2019080500100086,2019년 8월 5일 07시,월요일,강원도 춘천시 후평동,경상사고,0,0,1,0,차대차 - 측면충돌,안전운전불이행,건조,맑음,단일로 - 기타,기타불명,기타불명,미분류,기타불명,자전거,남,34세,경상
2019080500100087,2019년 8월 5일 07시,월요일,강원도 원주시 개운동,경상사고,0,0,3,0,차대차 - 측면충돌,교차로운행방법위반,건조,맑음,교차로 - 교차로안,승용,여,44세,상해없음,승용,여,46세,경상
2019080500100113,2019년 8월 5일 08시,월요일,강원도 속초시 조양동,부상신고사고,0,0,0,1,차대차 - 측면충돌,안전운전불이행,건조,맑음,단일로 - 지하차도(도로)내,승용,여,60세,상해없음,특수,남,27세,부상신고
2019080500100114,2019년 8월 5일 08시,월요일,강원도 삼척시 가곡면,중상사고,0,1,1,0,차량단독 - 공작물충돌,안전운전불이행,건조,맑음,단일로 - 기타,승용,남,60세,경상,,,,
2019080500100147,2019년 8월 5일 09시,월요일,강원도 원주시 단계동,경상사고,0,0,1,0,차대차 - 측면충돌,안전운전불이행,건조,맑음,교차로 - 교차로안,이륜,남,30세,상해없음,승용,여,34세,경상
2019080500100148,2019년 8월 5일 09시,월요일,강원도 원주시 명륜동,경상사고,0,0,1,0,차대차 - 기타,안전운전불이행,건조,맑음,단일로 - 기타,승용,남,38세,상해없음,자전거,여,61세,경상
2019080500100149,2019년 8월 5일 09시,월요일,강원도 원주시 단계동,경상사고,0,0,1,0,차대차 - 측면충돌,신호위반,건조,맑음,교차로 - 교차로안,승용,남,60세,기타불명,승용,여,51세,경상
2019080500100189,2019년 8월 5일 10시,월요일,강원도 원주시 중앙동,경상사고,0,0,1,0,차대사람 - 횡단중,보행자보호의무위반,건조,맑음,단일로 - 기타,화물,남,60세,상해없음,보행자,여,75세,경상
2019080500100224,2019년 8월 5일 11시,월요일,강원도 홍천군 홍천읍,경상사고,0,0,2,0,차대차 - 기타,안전운전불이행,건조,맑음,단일로 - 기타,화물,남,51세,상해없음,승용,남,59세,상해없음
2019080500100225,2019년 8월 5일 11시,월요일,강원도 고성군 간성읍,경상사고,0,0,1,0,차대차 - 측면충돌,안전운전불이행,건조,맑음,교차로 - 교차로안,승용,남,71세,상해없음,승용,여,45세,경상
2019080500100226,2019년 8월 5일 11시,월요일,강원도 원주시 태장동,중상사고,0,1,0,0,차대차 - 추돌,안전거리미확보,건조,맑음,단일로 - 기타,승용,남,29세,상해없음,승용,여,59세,중상
2019080500100272,2019년 8월 5일 12시,월요일,강원도 춘천시 서면,중상사고,0,1,0,0,차대차 - 측면충돌,안전운전불이행,건조,맑음,교차로 - 교차로안,승용,남,47세,상해없음,화물,남,40세,중상
2019080500100273,2019년 8월 5일 12시,월요일,강원도 강릉시 구정면,중상사고,0,2,1,0,차대차 - 측면충돌,신호위반,건조,맑음,교차로 - 교차로안,승용,여,49세,상해없음,승용,남,42세,중상
2019080500100355,2019년 8월 5일 14시,월요일,강원도 춘천시 석사동,경상사고,0,0,1,0,차대차 - 기타,기타,건조,맑음,기타 - 기타,승용,남,73세,상해없음,승용,여,49세,경상
2019080500100356,2019년 8월 5일 14시,월요일,강원도 원주시 판부면,경상사고,0,0,1,0,차대차 - 측면충돌,교차로운행방법위반,건조,맑음,교차로 - 교차로안,승용,여,64세,상해없음,화물,남,51세,경상
2019080500100357,2019년 8월 5일 14시,월요일,강원도 인제군 상남면,경상사고,0,0,1,0,차대차 - 측면충돌,중앙선침범,건조,맑음,단일로 - 기타,승용,남,19세,상해없음,승용,남,53세,경상
2019080500100398,2019년 8월 5일 15시,월요일,강원도 삼척시 가곡면,경상사고,0,0,1,0,차량단독 - 공작물충돌,안전운전불이행,건조,맑음,단일로 - 지하차도(도로)내,승용,여,58세,경상,,,,
2019080500100482,2019년 8월 5일 17시,월요일,강원도 춘천시 퇴계동,경상사고,0,0,1,0,차대차 - 측면충돌,안전거리미확보,건조,맑음,단일로 - 기타,승용,여,51세,상해없음,승용,여,54세,경상
2019080500100483,2019년 8월 5일 17시,월요일,강원도 원주시 무실동,경상사고,0,0,1,0,차대차 - 측면충돌,신호위반,건조,맑음,교차로 - 교차로안,승합,남,58세,기타불명,화물,남,46세,경상
2019080500100520,2019년 8월 5일 18시,월요일,강원도 강릉시 교동,중상사고,0,1,0,0,차대사람 - 횡단중,보행자보호의무위반,건조,맑음,교차로 - 교차로안,승용,여,55세,상해없음,보행자,여,70세,중상
2019080500100521,2019년 8월 5일 18시,월요일,강원도 강릉시 안현동,경상사고,0,0,1,0,차대사람 - 횡단중,보행자보호의무위반,건조,맑음,교차로 - 교차로횡단보도내,승용,남,30세,상해없음,보행자,여,10세,경상
2019080500100522,2019년 8월 5일 18시,월요일,강원도 원주시 단구동,중상사고,0,1,0,0,차대차 - 측면충돌,신호위반,젖음/습기,비,교차로 - 교차로안,화물,남,57세,상해없음,자전거,남,57세,중상
2019080500100523,2019년 8월 5일 18시,월요일,강원도 원주시 학성동,경상사고,0,0,1,0,차대차 - 측면충돌,교차로운행방법위반,건조,맑음,교차로 - 교차로안,승용,남,71세,상해없음,승용,남,35세,경상
2019080500100524,2019년 8월 5일 18시,월요일,강원도 원주시 학성동,경상사고,0,0,2,0,차대차 - 측면충돌,교차로운행방법위반,건조,맑음,교차로 - 교차로안,승용,남,32세,상해없음,승용,남,70세,경상
2019080500100525,2019년 8월 5일 18시,월요일,강원도 속초시 교동,경상사고,0,0,1,0,차대사람 - 횡단중,안전운전불이행,건조,맑음,단일로 - 기타,승용,여,28세,상해없음,보행자,남,9세,경상
2019080500100526,2019년 8월 5일 18시,월요일,강원도 원주시 호저면,중상사고,0,1,0,0,차량단독 - 공작물충돌,안전운전불이행,젖음/습기,비,단일로 - 기타,화물,남,50세,상해없음,,,,
2019080500100565,2019년 8월 5일 19시,월요일,강원도 원주시 단계동,경상사고,0,0,1,0,차대차 - 측면충돌,안전운전불이행,건조,맑음,교차로 - 교차로부근,승용,남,28세,상해없음,승용,여,61세,기타불명
2019080500100626,2019년 8월 5일 21시,월요일,강원도 춘천시 중앙로2가,중상사고,0,1,0,0,차대차 - 기타,중앙선침범,건조,맑음,단일로 - 기타,승용,남,25세,상해없음,이륜,남,17세,중상
2019080500100627,2019년 8월 5일 21시,월요일,강원도 화천군 상서면,사망사고,1,0,0,0,차대사람 - 횡단중,안전운전불이행,건조,맑음,단일로 - 기타,승용,남,24세,상해없음,보행자,남,29세,사망
2019080500100668,2019년 8월 5일 23시,월요일,강원도 원주시 무실동,경상사고,0,0,1,0,차대차 - 측면충돌,신호위반,건조,맑음,교차로 - 교차로안,승합,남,25세,상해없음,승용,남,57세,경상
2019080600100079,2019년 8월 6일 05시,화요일,강원도 속초시 중앙동,경상사고,0,0,1,0,차대사람 - 기타,안전운전불이행,건조,맑음,단일로 - 지하차도(도로)내,승합,남,48세,상해없음,보행자,여,64세,경상
2019080600100087,2019년 8월 6일 06시,화요일,강원도 홍천군 북방면,경상사고,0,0,1,0,차대차 - 측면충돌,교차로운행방법위반,건조,맑음,교차로 - 교차로안,화물,남,75세,경상,승용,남,39세,상해없음
2019080600100119,2019년 8월 6일 08시,화요일,강원도 원주시 문막읍,경상사고,0,0,1,0,차대차 - 측면충돌,안전운전불이행,건조,맑음,기타 - 기타,승용,남,65세,상해없음,화물,남,27세,상해없음
2019080600100149,2019년 8월 6일 09시,화요일,강원도 춘천시 효자동,경상사고,0,0,1,0,차대차 - 측면충돌,안전운전불이행,건조,맑음,단일로 - 기타,승용,여,37세,상해없음,승용,여,74세,경상
2019080600100150,2019년 8월 6일 09시,화요일,강원도 삼척시 마달동,경상사고,0,0,1,0,차량단독 - 공작물충돌,안전운전불이행,건조,맑음,주차장 - 주차장,승용,여,39세,경상,,,,
2019080600100190,2019년 8월 6일 10시,화요일,강원도 홍천군 북방면,경상사고,0,0,2,0,차대차 - 측면충돌,직진우회전진행방해,건조,맑음,교차로 - 교차로안,화물,남,44세,상해없음,승용,남,67세,경상
2019080600100191,2019년 8월 6일 10시,화요일,강원도 인제군 북면,중상사고,0,1,0,0,차대차 - 측면충돌,안전운전불이행,건조,맑음,단일로 - 기타,승용,여,33세,상해없음,원동기,남,47세,중상
2019080600100223,2019년 8월 6일 11시,화요일,강원도 강릉시 송정동,중상사고,0,1,0,0,차대사람 - 기타,안전운전불이행,건조,맑음,주차장 - 주차장,승용,남,85세,상해없음,보행자,여,60세,중상
2019080600100224,2019년 8월 6일 11시,화요일,강원도 양구군 해안면,경상사고,0,0,1,0,차대사람 - 기타,안전운전불이행,건조,맑음,교차로 - 교차로부근,화물,남,61세,상해없음,보행자,남,52세,경상
2019080600100259,2019년 8월 6일 12시,화요일,강원도 춘천시 동면,경상사고,0,0,2,0,차대차 - 측면충돌,안전운전불이행,건조,맑음,단일로 - 기타,화물,남,59세,상해없음,승용,남,60세,경상
2019080600100293,2019년 8월 6일 13시,화요일,강원도 평창군 평창읍,경상사고,0,0,2,0,차대차 - 측면충돌,안전운전불이행,건조,맑음,기타 - 기타,화물,남,59세,상해없음,승용,남,54세,경상
2019080600100294,2019년 8월 6일 13시,화요일,강원도 태백시 황지동,경상사고,0,0,1,0,차대사람 - 보도통행중,보행자보호의무위반,건조,맑음,교차로 - 교차로안,승합,남,55세,상해없음,보행자,여,61세,경상
2019080600100337,2019년 8월 6일 14시,화요일,강원도 원주시 지정면,경상사고,0,0,3,0,차대차 - 측면충돌,신호위반,건조,맑음,교차로 - 교차로안,승용,남,61세,경상,승용,여,35세,경상
2019080600100338,2019년 8월 6일 14시,화요일,강원도 원주시 개운동,경상사고,0,0,1,0,차대차 - 측면충돌,차로위반,건조,맑음,단일로 - 기타,화물,여,62세,상해없음,승용,여,44세,경상
2019080600100366,2019년 8월 6일 15시,화요일,강원도 춘천시 퇴계동,경상사고,0,0,2,0,차대차 - 추돌,안전거리미확보,건조,맑음,교차로 - 교차로부근,승용,남,55세,상해없음,승용,여,44세,경상
2019080600100367,2019년 8월 6일 15시,화요일,강원도 원주시 태장동,경상사고,0,0,1,0,차대차 - 측면충돌,직진우회전진행방해,건조,맑음,교차로 - 교차로안,기타불명,남,21세,상해없음,승용,남,36세,경상
2019080600100407,2019년 8월 6일 16시,화요일,강원도 춘천시 남산면,경상사고,0,0,1,0,차대차 - 추돌,안전거리미확보,건조,맑음,단일로 - 기타,승용,남,27세,상해없음,승용,남,36세,경상
2019080600100450,2019년 8월 6일 17시,화요일,강원도 홍천군 내면,중상사고,0,1,0,0,차량단독 - 기타,안전운전불이행,건조,맑음,단일로 - 기타,농기계,남,69세,중상,,,,
2019080600100451,2019년 8월 6일 17시,화요일,강원도 태백시 화전동,중상사고,0,1,2,0,차대차 - 추돌,안전운전불이행,건조,맑음,단일로 - 기타,승용,여,73세,상해없음,승용,남,71세,경상
2019080600100452,2019년 8월 6일 17시,화요일,강원도 고성군 거진읍,경상사고,0,0,1,0,차대차 - 기타,안전운전불이행,건조,맑음,교차로 - 교차로안,승용,남,59세,상해없음,화물,남,52세,경상
2019080600100500,2019년 8월 6일 18시,화요일,강원도 원주시 원동,경상사고,0,0,1,0,차대차 - 측면충돌,안전운전불이행,건조,맑음,단일로 - 기타,승용,여,62세,상해없음,승용,여,34세,경상
2019080600100501,2019년 8월 6일 18시,화요일,강원도 철원군 근남면,중상사고,0,1,1,0,차대차 - 정면충돌,중앙선침범,건조,맑음,단일로 - 기타,화물,남,55세,경상,특수,남,52세,중상
2019080600100544,2019년 8월 6일 19시,화요일,강원도 춘천시 효자동,경상사고,0,0,1,0,차대차 - 측면충돌,신호위반,건조,맑음,교차로 - 교차로안,승용,남,22세,상해없음,이륜,남,45세,경상
2019080600100545,2019년 8월 6일 19시,화요일,강원도 평창군 평창읍,경상사고,0,0,3,0,차대차 - 측면충돌,중앙선침범,건조,맑음,단일로 - 기타,승용,여,44세,상해없음,승용,여,37세,경상
2019080600100578,2019년 8월 6일 20시,화요일,강원도 고성군 죽왕면,경상사고,0,0,1,0,차대사람 - 길가장자리구역통행중,안전운전불이행,건조,맑음,단일로 - 기타,승용,여,60세,상해없음,보행자,여,3세,경상
2019080600100627,2019년 8월 6일 21시,화요일,강원도 동해시 쇄운동,경상사고,0,0,1,0,차대차 - 측면충돌,직진우회전진행방해,젖음/습기,비,교차로 - 교차로안,승용,여,47세,상해없음,승용,남,60세,경상
2019080700100029,2019년 8월 7일 00시,수요일,강원도 강릉시 옥천동,경상사고,0,0,1,0,차대차 - 후진중충돌,안전운전불이행,젖음/습기,비,주차장 - 주차장,승용,남,38세,상해없음,승용,남,33세,경상
2019080700100030,2019년 8월 7일 00시,수요일,강원도 원주시 단계동,부상신고사고,0,0,0,1,차대차 - 측면충돌,안전운전불이행,젖음/습기,비,교차로 - 교차로부근,승용,남,18세,상해없음,이륜,남,49세,부상신고
2019080700100055,2019년 8월 7일 02시,수요일,강원도 태백시 황지동,경상사고,0,0,1,0,차대사람 - 차도통행중,안전운전불이행,젖음/습기,비,단일로 - 기타,승용,남,51세,상해없음,보행자,남,49세,경상
2019080700100127,2019년 8월 7일 08시,수요일,강원도 춘천시 동내면,경상사고,0,0,1,0,차대차 - 측면충돌,안전운전불이행,건조,맑음,교차로 - 교차로부근,화물,남,57세,상해없음,승용,여,33세,경상
2019080700100165,2019년 8월 7일 09시,수요일,강원도 춘천시 신북읍,경상사고,0,0,6,0,차대차 - 추돌,안전운전불이행,젖음/습기,비,단일로 - 교량,화물,남,78세,상해없음,승용,남,56세,경상
2019080700100166,2019년 8월 7일 09시,수요일,강원도 원주시 문막읍,중상사고,0,2,0,0,차대차 - 기타,안전운전불이행,젖음/습기,맑음,단일로 - 기타,승용,남,54세,중상,승용,남,24세,중상
2019080700100167,2019년 8월 7일 09시,수요일,강원도 철원군 동송읍,경상사고,0,0,1,0,차대차 - 측면충돌,중앙선침범,젖음/습기,비,단일로 - 기타,화물,남,73세,상해없음,승용,남,67세,경상
2019080700100187,2019년 8월 7일 10시,수요일,강원도 춘천시 효자동,중상사고,0,1,0,0,차대차 - 측면충돌,안전운전불이행,젖음/습기,비,단일로 - 기타,승용,남,76세,상해없음,승용,남,58세,중상
2019080700100188,2019년 8월 7일 10시,수요일,강원도 인제군 북면,중상사고,0,2,0,0,차대차 - 추돌,안전운전불이행,침수,비,단일로 - 기타,화물,남,56세,상해없음,승용,여,48세,중상
2019080700100221,2019년 8월 7일 11시,수요일,강원도 원주시 우산동,경상사고,0,0,1,0,차대차 - 측면충돌,직진우회전진행방해,젖음/습기,비,교차로 - 교차로안,승합,남,50세,상해없음,이륜,남,55세,경상
2019080700100264,2019년 8월 7일 12시,수요일,강원도 동해시 발한동,경상사고,0,0,1,0,차대차 - 측면충돌,안전운전불이행,건조,맑음,교차로 - 교차로안,승용,남,58세,상해없음,승용,남,33세,경상
2019080700100348,2019년 8월 7일 14시,수요일,강원도 동해시 발한동,중상사고,0,1,0,0,차대차 - 측면충돌,안전운전불이행,건조,맑음,단일로 - 기타,이륜,남,79세,중상,승용,여,65세,상해없음
2019080700100379,2019년 8월 7일 15시,수요일,강원도 강릉시 성내동,중상사고,0,1,0,0,차대사람 - 횡단중,보행자보호의무위반,건조,맑음,교차로 - 교차로횡단보도내,승용,남,33세,상해없음,보행자,여,83세,중상
2019080700100422,2019년 8월 7일 16시,수요일,강원도 춘천시 사북면,경상사고,0,0,4,0,차대차 - 측면충돌,중앙선침범,건조,맑음,교차로 - 교차로안,승용,여,34세,경상,승용,남,24세,경상
2019080700100465,2019년 8월 7일 17시,수요일,강원도 속초시 장사동,경상사고,0,0,2,0,차대차 - 측면충돌,직진우회전진행방해,건조,흐림,교차로 - 교차로안,승용,남,31세,상해없음,승합,남,55세,상해없음
2019080700100517,2019년 8월 7일 18시,수요일,강원도 춘천시 우두동,경상사고,0,0,1,0,차대차 - 측면충돌,교차로운행방법위반,건조,맑음,교차로 - 교차로안,승용,남,53세,상해없음,승용,여,55세,경상
2019080700100518,2019년 8월 7일 18시,수요일,강원도 원주시 단구동,경상사고,0,0,4,0,차대차 - 추돌,안전거리미확보,건조,맑음,교차로 - 교차로안,승용,남,29세,상해없음,화물,남,56세,경상
2019080700100546,2019년 8월 7일 19시,수요일,강원도 원주시 무실동,중상사고,0,1,1,0,차대차 - 측면충돌,신호위반,건조,맑음,교차로 - 교차로안,이륜,남,21세,중상,승용,남,37세,경상
2019080700100547,2019년 8월 7일 19시,수요일,강원도 철원군 갈말읍,중상사고,0,2,0,0,차대차 - 기타,안전운전불이행,건조,맑음,기타 - 기타,승용,여,46세,상해없음,승용,남,47세,상해없음
2019080700100577,2019년 8월 7일 20시,수요일,강원도 원주시 반곡동,경상사고,0,0,1,0,차대차 - 측면충돌,안전운전불이행,건조,맑음,교차로 - 교차로안,승용,여,36세,상해없음,자전거,남,64세,경상
2019080700100578,2019년 8월 7일 20시,수요일,강원도 원주시 단계동,중상사고,0,1,1,0,차대차 - 추돌,안전운전불이행,건조,맑음,단일로 - 고가도로위,화물,남,43세,상해없음,승용,여,61세,중상
2019080700100579,2019년 8월 7일 20시,수요일,강원도 원주시 단계동,경상사고,0,0,1,0,차대차 - 측면충돌,안전운전불이행,건조,맑음,단일로 - 기타,승용,남,30세,상해없음,승용,남,62세,경상
2019080700100615,2019년 8월 7일 21시,수요일,강원도 춘천시 후평동,경상사고,0,0,1,0,차대차 - 추돌,안전거리미확보,건조,맑음,단일로 - 기타,승용,여,56세,상해없음,승용,남,67세,경상
2019080700100642,2019년 8월 7일 22시,수요일,강원도 속초시 대포동,경상사고,0,0,1,0,차대사람 - 기타,안전운전불이행,건조,맑음,단일로 - 기타,승용,남,41세,상해없음,보행자,남,38세,경상
2019080800100067,2019년 8월 8일 05시,목요일,강원도 춘천시 사농동,중상사고,0,2,0,0,차대차 - 측면충돌,신호위반,건조,맑음,교차로 - 교차로안,승용,남,29세,중상,화물,남,62세,중상
2019080800100087,2019년 8월 8일 07시,목요일,강원도 영월군 영월읍,부상신고사고,0,0,0,1,차량단독 - 공작물충돌,안전운전불이행,건조,맑음,단일로 - 기타,화물,여,47세,부상신고,,,,
2019080800100088,2019년 8월 8일 07시,목요일,강원도 동해시 이도동,경상사고,0,0,1,0,차대차 - 측면충돌,신호위반,건조,맑음,교차로 - 교차로안,승용,남,21세,상해없음,화물,남,63세,경상
2019080800100113,2019년 8월 8일 08시,목요일,강원도 춘천시 석사동,중상사고,0,1,0,0,차대사람 - 횡단중,안전운전불이행,건조,맑음,교차로 - 교차로부근,승용,여,58세,상해없음,보행자,여,80세,중상
2019080800100202,2019년 8월 8일 10시,목요일,강원도 삼척시 가곡면,중상사고,0,1,1,0,차대차 - 정면충돌,중앙선침범,건조,맑음,단일로 - 기타,화물,남,57세,상해없음,화물,남,63세,경상
2019080800100203,2019년 8월 8일 10시,목요일,강원도 평창군 방림면,중상사고,0,1,3,0,차대차 - 측면충돌,안전운전불이행,건조,맑음,교차로 - 교차로안,승용,남,72세,경상,승용,여,24세,경상
2019080800100279,2019년 8월 8일 12시,목요일,강원도 홍천군 서면,중상사고,0,1,0,0,차대사람 - 기타,안전운전불이행,건조,맑음,단일로 - 기타,화물,남,54세,상해없음,보행자,여,53세,중상
2019080800100307,2019년 8월 8일 13시,목요일,강원도 춘천시 효자동,중상사고,0,1,0,0,차대차 - 측면충돌,신호위반,건조,맑음,교차로 - 교차로안,승용,남,63세,상해없음,이륜,남,26세,중상
2019080800100340,2019년 8월 8일 14시,목요일,강원도 원주시 우산동,경상사고,0,0,2,0,차대차 - 후진중충돌,안전운전불이행,건조,맑음,단일로 - 기타,건설기계,남,50세,상해없음,승용,남,62세,경상
2019080800100341,2019년 8월 8일 14시,목요일,강원도 양양군 현북면,중상사고,0,1,0,0,차대사람 - 길가장자리구역통행중,안전운전불이행,건조,맑음,단일로 - 지하차도(도로)내,화물,남,63세,상해없음,보행자,남,81세,중상
2019080800100342,2019년 8월 8일 14시,목요일,강원도 속초시 조양동,중상사고,0,1,0,0,차대차 - 기타,안전운전불이행,건조,맑음,교차로 - 교차로안,승용,남,55세,상해없음,승합,남,30세,상해없음
2019080800100370,2019년 8월 8일 15시,목요일,강원도 원주시 흥업면,중상사고,0,1,4,0,차대차 - 측면충돌,신호위반,건조,맑음,교차로 - 교차로안,승용,남,51세,상해없음,화물,남,72세,중상
2019080800100371,2019년 8월 8일 15시,목요일,강원도 원주시 문막읍,경상사고,0,0,1,0,차대차 - 측면충돌,안전운전불이행,건조,맑음,주차장 - 주차장,화물,남,50세,상해없음,승용,남,33세,경상
2019080800100372,2019년 8월 8일 15시,목요일,강원도 속초시 조양동,경상사고,0,0,1,0,차대차 - 측면충돌,교차로운행방법위반,건조,맑음,교차로 - 교차로안,승용,남,58세,상해없음,승용,여,39세,경상
2019080800100404,2019년 8월 8일 16시,목요일,강원도 춘천시 석사동,경상사고,0,0,2,0,차대차 - 기타,안전거리미확보,건조,맑음,단일로 - 기타,승용,남,59세,상해없음,승용,남,26세,경상
2019080800100405,2019년 8월 8일 16시,목요일,강원도 춘천시 온의동,경상사고,0,0,1,0,차대차 - 후진중충돌,안전운전불이행,건조,맑음,단일로 - 기타,승용,남,55세,상해없음,이륜,남,33세,경상
2019080800100406,2019년 8월 8일 16시,목요일,강원도 홍천군 서면,경상사고,0,0,1,0,차대차 - 측면충돌,교차로운행방법위반,건조,맑음,교차로 - 교차로부근,화물,남,36세,상해없음,승용,남,52세,경상
2019080800100451,2019년 8월 8일 17시,목요일,강원도 원주시 학성동,경상사고,0,0,2,0,차대차 - 기타,차로위반,건조,맑음,단일로 - 기타,화물,남,48세,상해없음,승합,남,58세,상해없음
2019080800100500,2019년 8월 8일 18시,목요일,강원도 춘천시 후평동,경상사고,0,0,1,0,차대차 - 기타,안전운전불이행,건조,맑음,단일로 - 기타,승용,남,44세,상해없음,자전거,남,63세,경상
2019080800100501,2019년 8월 8일 18시,목요일,강원도 양양군 강현면,경상사고,0,0,1,0,차대차 - 추돌,기타,건조,맑음,단일로 - 고가도로위,화물,남,62세,상해없음,승용,여,46세,경상
2019080800100537,2019년 8월 8일 19시,목요일,강원도 강릉시 노암동,경상사고,0,0,1,0,차대차 - 측면충돌,안전운전불이행,건조,맑음,교차로 - 교차로안,승용,남,23세,상해없음,승용,남,24세,경상
2019080800100562,2019년 8월 8일 20시,목요일,강원도 양구군 양구읍,중상사고,0,1,5,0,차대차 - 기타,직진우회전진행방해,건조,맑음,교차로 - 교차로안,승용,여,54세,경상,승용,남,56세,경상
2019080800100594,2019년 8월 8일 21시,목요일,강원도 정선군 사북읍,중상사고,0,2,2,0,차대차 - 측면충돌,직진우회전진행방해,젖음/습기,비,교차로 - 교차로안,승합,남,44세,상해없음,승용,남,66세,중상
2019080900100080,2019년 8월 9일 04시,금요일,강원도 춘천시 효자동,중상사고,0,1,0,0,차량단독 - 전도전복 - 전도,안전운전불이행,건조,맑음,단일로 - 기타,개인형이동수단(PM),남,42세,중상,,,,
2019080900100081,2019년 8월 9일 04시,금요일,강원도 강릉시 사천면,경상사고,0,0,1,0,차대차 - 추돌,안전운전불이행,건조,맑음,교차로 - 교차로부근,승용,남,42세,상해없음,화물,남,71세,경상
2019080900100149,2019년 8월 9일 08시,금요일,강원도 고성군 토성면,경상사고,0,0,1,0,차대차 - 기타,안전운전불이행,건조,맑음,교차로 - 교차로부근,승용,남,62세,상해없음,승용,남,24세,경상
2019080900100179,2019년 8월 9일 09시,금요일,강원도 강릉시 입암동,경상사고,0,0,1,0,차대차 - 측면충돌,안전운전불이행,건조,맑음,교차로 - 교차로안,승용,여,55세,상해없음,승용,여,46세,경상
2019080900100180,2019년 8월 9일 09시,금요일,강원도 원주시 반곡동,경상사고,0,0,3,0,차대차 - 측면충돌,교차로운행방법위반,건조,맑음,교차로 - 교차로안,특수,남,42세,상해없음,승용,여,51세,경상
2019080900100250,2019년 8월 9일 11시,금요일,강원도 횡성군 안흥면,중상사고,0,1,0,0,차대사람 - 기타,안전운전불이행,건조,맑음,단일로 - 기타,승용,남,29세,상해없음,보행자,남,60세,중상
2019080900100294,2019년 8월 9일 12시,금요일,강원도 춘천시 동산면,경상사고,0,0,1,0,차대차 - 측면충돌,안전운전불이행,건조,맑음,교차로 - 교차로안,승용,남,54세,상해없음,승용,여,35세,경상
2019080900100295,2019년 8월 9일 12시,금요일,강원도 영월군 영월읍,부상신고사고,0,0,0,3,차대차 - 측면충돌,교차로운행방법위반,건조,맑음,교차로 - 교차로안,승용,여,42세,부상신고,승용,남,67세,부상신고
2019080900100296,2019년 8월 9일 12시,금요일,강원도 홍천군 화촌면,경상사고,0,0,2,0,차대차 - 추돌,안전거리미확보,건조,맑음,교차로 - 교차로안,승용,남,61세,상해없음,승용,남,49세,경상
2019080900100297,2019년 8월 9일 12시,금요일,강원도 인제군 기린면,중상사고,0,1,0,0,차대차 - 기타,안전운전불이행,건조,맑음,단일로 - 기타,승용,남,55세,상해없음,자전거,남,84세,중상
2019080900100349,2019년 8월 9일 13시,금요일,강원도 춘천시 온의동,경상사고,0,0,2,0,차대차 - 기타,안전거리미확보,건조,맑음,교차로 - 교차로부근,승용,남,76세,상해없음,승합,남,55세,상해없음
2019080900100377,2019년 8월 9일 14시,금요일,강원도 춘천시 온의동,경상사고,0,0,2,0,차대차 - 추돌,안전운전불이행,건조,맑음,단일로 - 기타,건설기계,남,39세,상해없음,승용,남,57세,상해없음
2019080900100413,2019년 8월 9일 15시,금요일,강원도 원주시 판부면,경상사고,0,0,1,0,차대차 - 측면충돌,안전운전불이행,건조,맑음,단일로 - 기타,승용,여,59세,상해없음,승용,여,61세,경상
2019080900100414,2019년 8월 9일 15시,금요일,강원도 양양군 현북면,경상사고,0,0,1,0,차량단독 - 전도전복 - 전도,직진우회전진행방해,건조,맑음,교차로 - 교차로안,이륜,남,18세,경상,,,,
2019080900100501,2019년 8월 9일 17시,금요일,강원도 춘천시 동산면,중상사고,0,2,1,0,차대차 - 측면충돌,안전운전불이행,건조,맑음,단일로 - 기타,승용,남,25세,상해없음,화물,남,36세,중상
2019080900100555,2019년 8월 9일 18시,금요일,강원도 춘천시 동내면,경상사고,0,0,1,0,차대차 - 정면충돌,직진우회전진행방해,건조,맑음,교차로 - 교차로안,승용,여,72세,기타불명,승용,여,25세,경상
2019080900100556,2019년 8월 9일 18시,금요일,강원도 춘천시 동내면,경상사고,0,0,2,0,차대차 - 기타,안전운전불이행,건조,맑음,단일로 - 기타,승용,남,39세,상해없음,승용,남,50세,경상
2019080900100608,2019년 8월 9일 19시,금요일,강원도 춘천시 효자동,경상사고,0,0,1,0,차대사람 - 기타,안전운전불이행,건조,맑음,단일로 - 기타,승용,남,58세,상해없음,보행자,남,49세,경상
2019080900100609,2019년 8월 9일 19시,금요일,강원도 동해시 부곡동,중상사고,0,1,0,0,차대사람 - 횡단중,신호위반,건조,맑음,교차로 - 교차로횡단보도내,특수,남,48세,상해없음,보행자,여,74세,중상