사고번호,사고일시,요일,시군구,사고내용,사망자수,중상자수,경상자수,부상신고자수,사고유형,법규위반,노면상태,기상상태,도로형태,가해운전자 차종,가해운전자 성별,가해운전자 연령,가해운전자 상해정도,피해운전자 차종,피해운전자 성별,피해운전자 연령,피해운전자 상해정도
2019080900100644,2019년 8월 9일 20시,금요일,강원도 춘천시 칠전동,중상사고,0,1,0,0,차대사람 - 기타,안전운전불이행,건조,맑음,기타 - 기타,승용,여,41세,상해없음,보행자,남,40세,중상
2019080900100645,2019년 8월 9일 20시,금요일,강원도 횡성군 갑천면,경상사고,0,0,1,0,차대차 - 추돌,안전운전불이행,건조,맑음,단일로 - 기타,자전거,남,62세,경상,승용,남,34세,상해없음
2019080900100684,2019년 8월 9일 21시,금요일,강원도 춘천시 후평동,경상사고,0,0,2,0,차대차 - 추돌,안전운전불이행,건조,맑음,단일로 - 기타,화물,남,42세,상해없음,승용,남,53세,경상
2019080900100685,2019년 8월 9일 21시,금요일,강원도 평창군 진부면,중상사고,0,1,0,0,차대차 - 정면충돌,직진우회전진행방해,건조,맑음,교차로 - 교차로안,승용,여,51세,상해없음,이륜,남,58세,중상
2019080900100738,2019년 8월 9일 23시,금요일,강원도 강릉시 견소동,경상사고,0,0,1,0,차대차 - 기타,안전운전불이행,건조,맑음,단일로 - 기타,승용,남,21세,상해없음,이륜,남,26세,경상
2019080900100739,2019년 8월 9일 23시,금요일,강원도 원주시 학성동,경상사고,0,0,1,0,차대차 - 측면충돌,직진우회전진행방해,건조,맑음,교차로 - 교차로안,승용,남,58세,상해없음,승용,남,27세,경상
2019081000100060,2019년 8월 10일 01시,토요일,강원도 춘천시 남산면,경상사고,0,0,1,0,차대차 - 기타,신호위반,건조,맑음,교차로 - 교차로안,이륜,남,35세,상해없음,승합,남,24세,경상
2019081000100061,2019년 8월 10일 01시,토요일,강원도 홍천군 두촌면,경상사고,0,0,3,0,차대차 - 측면충돌,안전운전불이행,건조,맑음,단일로 - 기타,승용,남,65세,상해없음,승용,여,41세,경상
2019081000100098,2019년 8월 10일 04시,토요일,강원도 춘천시 근화동,중상사고,0,1,0,0,차대차 - 기타,신호위반,건조,맑음,교차로 - 교차로안,화물,남,61세,상해없음,승용,남,26세,중상
2019081000100141,2019년 8월 10일 07시,토요일,강원도 삼척시 성남동,중상사고,0,1,0,0,차량단독 - 공작물충돌,안전운전불이행,건조,맑음,단일로 - 기타,자전거,남,77세,중상,,,,
2019081000100154,2019년 8월 10일 08시,토요일,강원도 원주시 문막읍,경상사고,0,0,1,0,차대사람 - 횡단중,보행자보호의무위반,건조,맑음,교차로 - 교차로횡단보도내,승용,남,77세,상해없음,보행자,여,48세,경상
2019081000100155,2019년 8월 10일 08시,토요일,강원도 원주시 행구동,경상사고,0,0,2,0,차대차 - 측면충돌,교차로운행방법위반,건조,맑음,교차로 - 교차로안,화물,남,36세,상해없음,화물,남,50세,경상
2019081000100191,2019년 8월 10일 09시,토요일,강원도 양구군 방산면,중상사고,0,1,0,0,차대차 - 측면충돌,교차로운행방법위반,건조,맑음,교차로 - 교차로부근,화물,남,77세,상해없음,농기계,남,74세,중상
2019081000100239,2019년 8월 10일 10시,토요일,강원도 원주시 우산동,경상사고,0,0,1,0,차대차 - 측면충돌,안전운전불이행,건조,맑음,교차로 - 교차로안,승용,남,58세,상해없음,승용,남,58세,경상
2019081000100240,2019년 8월 10일 10시,토요일,강원도 속초시 장사동,경상사고,0,0,1,0,차대차 - 측면충돌,안전운전불이행,건조,맑음,기타 - 기타,승용,남,39세,상해없음,승용,여,39세,경상
2019081000100241,2019년 8월 10일 10시,토요일,강원도 횡성군 횡성읍,경상사고,0,0,3,0,차대차 - 측면충돌,중앙선침범,건조,맑음,단일로 - 기타,농기계,남,60세,상해없음,승용,여,61세,경상
2019081000100279,2019년 8월 10일 11시,토요일,강원도 춘천시 후평동,중상사고,0,1,0,0,차대사람 - 차도통행중,안전운전불이행,건조,맑음,단일로 - 기타,승용,남,50세,상해없음,보행자,여,58세,중상
2019081000100280,2019년 8월 10일 11시,토요일,강원도 강릉시 안현동,경상사고,0,0,2,0,차대차 - 측면충돌,안전운전불이행,건조,맑음,교차로 - 교차로안,이륜,남,17세,상해없음,승용,남,51세,상해없음
2019081000100281,2019년 8월 10일 11시,토요일,강원도 양양군 양양읍,경상사고,0,0,1,0,차대사람 - 길가장자리구역통행중,안전운전불이행,건조,흐림,교차로 - 교차로부근,화물,남,69세,상해없음,보행자,여,60세,경상
2019081000100282,2019년 8월 10일 11시,토요일,강원도 삼척시 남양동,경상사고,0,0,1,0,차대차 - 추돌,안전운전불이행,건조,맑음,교차로 - 교차로부근,승용,남,22세,기타불명,승용,남,51세,상해없음
2019081000100283,2019년 8월 10일 11시,토요일,강원도 영월군 영월읍,부상신고사고,0,0,0,1,차대차 - 측면충돌,교차로운행방법위반,건조,맑음,교차로 - 교차로안,승용,여,59세,상해없음,승용,남,68세,상해없음
2019081000100284,2019년 8월 10일 11시,토요일,강원도 철원군 서면,경상사고,0,0,2,0,차대차 - 추돌,안전운전불이행,건조,맑음,단일로 - 기타,승용,남,39세,상해없음,승합,여,46세,경상
2019081000100285,2019년 8월 10일 11시,토요일,강원도 동해시 구호동,중상사고,0,2,0,0,차대차 - 측면충돌,안전거리미확보,건조,맑음,단일로 - 기타,승용,남,58세,상해없음,승용,여,32세,중상
2019081000100286,2019년 8월 10일 11시,토요일,강원도 평창군 대관령면,경상사고,0,0,4,0,차대차 - 기타,안전운전불이행,건조,맑음,단일로 - 기타,승용,남,39세,상해없음,승용,남,43세,경상
2019081000100315,2019년 8월 10일 12시,토요일,강원도 양양군 양양읍,경상사고,0,0,1,0,차대차 - 측면충돌,안전운전불이행,건조,맑음,단일로 - 기타,화물,남,36세,상해없음,화물,남,58세,경상
2019081000100316,2019년 8월 10일 12시,토요일,강원도 태백시 황지동,경상사고,0,0,1,0,차대차 - 측면충돌,안전운전불이행,건조,맑음,교차로 - 교차로안,승용,남,63세,상해없음,승용,여,26세,경상
2019081000100317,2019년 8월 10일 12시,토요일,강원도 동해시 천곡동,경상사고,0,0,2,0,차대차 - 추돌,안전운전불이행,건조,맑음,교차로 - 교차로부근,승용,남,22세,상해없음,승용,남,29세,경상
2019081000100503,2019년 8월 10일 17시,토요일,강원도 춘천시 사농동,경상사고,0,0,1,0,차대차 - 기타,안전거리미확보,건조,맑음,단일로 - 기타,승용,여,58세,상해없음,승용,남,63세,경상
2019081000100597,2019년 8월 10일 20시,토요일,강원도 춘천시 칠전동,경상사고,0,0,1,0,차대차 - 측면충돌,교차로운행방법위반,건조,맑음,교차로 - 교차로부근,기타불명,기타불명,미분류,기타불명,이륜,남,24세,경상
2019081000100598,2019년 8월 10일 20시,토요일,강원도 고성군 거진읍,중상사고,0,2,0,0,차대차 - 정면충돌,중앙선침범,건조,맑음,교차로 - 교차로부근,승용,여,54세,상해없음,승합,남,61세,중상
2019081000100630,2019년 8월 10일 21시,토요일,강원도 강릉시 안현동,중상사고,0,1,1,0,차대사람 - 보도통행중,보행자보호의무위반,건조,맑음,교차로 - 교차로안,승합,남,43세,상해없음,보행자,남,27세,경상
2019081000100631,2019년 8월 10일 21시,토요일,강원도 원주시 단계동,경상사고,0,0,1,0,차대차 - 측면충돌,교차로운행방법위반,건조,기타,교차로 - 교차로안,승용,남,25세,상해없음,자전거,남,65세,경상
2019081000100632,2019년 8월 10일 21시,토요일,강원도 원주시 우산동,경상사고,0,0,1,0,차대사람 - 횡단중,기타,건조,맑음,단일로 - 기타,개인형이동수단(PM),남,54세,상해없음,보행자,남,29세,경상
2019081000100633,2019년 8월 10일 21시,토요일,강원도 원주시 문막읍,경상사고,0,0,2,0,차대차 - 측면충돌,차로위반,건조,맑음,단일로 - 기타,승용,여,66세,상해없음,승용,여,48세,경상
2019081000100687,2019년 8월 10일 23시,토요일,강원도 춘천시 석사동,경상사고,0,0,1,2,차대차 - 측면충돌,안전운전불이행,건조,맑음,교차로 - 교차로안,승용,남,23세,상해없음,승용,남,53세,경상
2019081000100688,2019년 8월 10일 23시,토요일,강원도 철원군 갈말읍,중상사고,0,1,0,0,차대차 - 측면충돌,직진우회전진행방해,건조,맑음,교차로 - 교차로안,승용,남,59세,상해없음,승용,남,51세,중상
2019081100100052,2019년 8월 11일 02시,일요일,강원도 양양군 현남면,경상사고,0,0,4,0,차대차 - 측면충돌,중앙선침범,건조,맑음,기타 - 기타,승용,여,35세,상해없음,승용,여,24세,경상
2019081100100078,2019년 8월 11일 05시,일요일,강원도 홍천군 두촌면,중상사고,0,1,0,0,차대차 - 측면충돌,교차로운행방법위반,건조,맑음,교차로 - 교차로안,승용,남,55세,상해없음,이륜,남,44세,중상
2019081100100106,2019년 8월 11일 08시,일요일,강원도 영월군 주천면,중상사고,0,1,0,0,차대차 - 측면충돌,교차로운행방법위반,건조,맑음,교차로 - 교차로안,화물,남,60세,상해없음,자전거,남,40세,중상
2019081100100107,2019년 8월 11일 08시,일요일,강원도 인제군 기린면,경상사고,0,0,1,0,차대차 - 기타,중앙선침범,건조,맑음,단일로 - 기타,승용,남,31세,상해없음,승용,남,75세,경상
2019081100100108,2019년 8월 11일 08시,일요일,강원도 고성군 간성읍,경상사고,0,0,1,1,차대차 - 정면충돌,중앙선침범,건조,맑음,기타 - 기타,승용,여,58세,상해없음,승용,여,52세,부상신고
2019081100100135,2019년 8월 11일 10시,일요일,강원도 원주시 명륜동,경상사고,0,0,1,0,차대차 - 추돌,안전운전불이행,건조,맑음,단일로 - 기타,승용,여,53세,상해없음,승용,남,39세,경상
2019081100100161,2019년 8월 11일 11시,일요일,강원도 강릉시 초당동,경상사고,0,0,1,0,차대차 - 측면충돌,중앙선침범,건조,맑음,단일로 - 기타,승용,남,29세,상해없음,이륜,남,27세,경상
2019081100100162,2019년 8월 11일 11시,일요일,강원도 횡성군 둔내면,경상사고,0,0,3,0,차대차 - 후진중충돌,안전운전불이행,건조,맑음,주차장 - 주차장,승용,남,52세,상해없음,승용,남,43세,경상
2019081100100249,2019년 8월 11일 14시,일요일,강원도 강릉시 옥천동,경상사고,0,0,1,0,차대차 - 측면충돌,안전운전불이행,젖음/습기,비,교차로 - 교차로안,승용,남,57세,상해없음,승용,남,43세,경상
2019081100100250,2019년 8월 11일 14시,일요일,강원도 원주시 단구동,경상사고,0,0,2,0,차대차 - 추돌,안전거리미확보,건조,맑음,단일로 - 기타,승용,여,35세,상해없음,승용,여,33세,경상
2019081100100303,2019년 8월 11일 16시,일요일,강원도 춘천시 운교동,경상사고,0,0,1,0,차대사람 - 횡단중,안전운전불이행,건조,맑음,교차로 - 교차로안,승용,여,61세,상해없음,보행자,여,41세,경상
2019081100100304,2019년 8월 11일 16시,일요일,강원도 춘천시 후평동,경상사고,0,0,1,0,차대차 - 기타,직진우회전진행방해,건조,맑음,교차로 - 교차로안,승용,남,35세,상해없음,승용,남,27세,경상
2019081100100305,2019년 8월 11일 16시,일요일,강원도 속초시 중앙동,경상사고,0,0,3,0,차대차 - 측면충돌,안전운전불이행,건조,맑음,단일로 - 기타,화물,남,57세,상해없음,승용,여,26세,경상
2019081100100335,2019년 8월 11일 17시,일요일,강원도 평창군 방림면,경상사고,0,0,1,0,차대차 - 측면충돌,안전운전불이행,건조,맑음,교차로 - 교차로부근,승용,남,67세,상해없음,승합,남,48세,경상
2019081100100336,2019년 8월 11일 17시,일요일,강원도 횡성군 둔내면,중상사고,0,1,0,0,차대차 - 정면충돌,과속,건조,맑음,교차로 - 교차로안,승용,남,79세,상해없음,승용,남,81세,중상
2019081100100366,2019년 8월 11일 18시,일요일,강원도 춘천시 서면,경상사고,0,0,2,0,차대차 - 추돌,안전거리미확보,건조,맑음,단일로 - 기타,이륜,남,35세,상해없음,승용,남,58세,경상
2019081100100367,2019년 8월 11일 18시,일요일,강원도 강릉시 홍제동,경상사고,0,0,1,0,차대차 - 측면충돌,신호위반,젖음/습기,비,교차로 - 교차로안,승용,남,81세,상해없음,승용,남,40세,경상
2019081100100368,2019년 8월 11일 18시,일요일,강원도 원주시 태장동,경상사고,0,0,1,0,차대차 - 기타,안전운전불이행,건조,맑음,교차로 - 교차로부근,승용,여,64세,기타불명,이륜,남,29세,경상
2019081100100490,2019년 8월 11일 22시,일요일,강원도 강릉시 홍제동,경상사고,0,0,2,0,차대차 - 측면충돌,신호위반,젖음/습기,흐림,교차로 - 교차로안,승합,남,18세,상해없음,승용,남,24세,경상
2019081200100109,2019년 8월 12일 07시,월요일,강원도 인제군 북면,중상사고,0,1,0,0,차량단독 - 공작물충돌,안전운전불이행,건조,맑음,단일로 - 기타,승합,여,62세,상해없음,,,,
2019081200100147,2019년 8월 12일 08시,월요일,강원도 동해시 묵호진동,중상사고,0,1,0,0,차대사람 - 보도통행중,기타,기타,안개,단일로 - 기타,승용,여,42세,상해없음,보행자,여,25세,중상
2019081200100258,2019년 8월 12일 11시,월요일,강원도 춘천시 온의동,경상사고,0,0,1,0,차대차 - 측면충돌,안전거리미확보,젖음/습기,비,단일로 - 기타,승용,남,68세,상해없음,이륜,여,62세,경상
2019081200100259,2019년 8월 12일 11시,월요일,강원도 삼척시 도계읍,경상사고,0,0,2,0,차대차 - 측면충돌,안전운전불이행,건조,맑음,단일로 - 기타,화물,남,59세,상해없음,승용,남,50세,경상
2019081200100260,2019년 8월 12일 11시,월요일,강원도 영월군 중동면,경상사고,0,0,1,0,차대차 - 측면충돌,안전운전불이행,건조,맑음,단일로 - 기타,건설기계,남,64세,상해없음,화물,남,55세,경상
2019081200100261,2019년 8월 12일 11시,월요일,강원도 고성군 현내면,경상사고,0,0,1,0,차대차 - 측면충돌,안전운전불이행,젖음/습기,비,교차로 - 교차로안,승용,남,56세,상해없음,승용,남,64세,경상
2019081200100309,2019년 8월 12일 12시,월요일,강원도 강릉시 포남동,경상사고,0,0,3,0,차대차 - 측면충돌,신호위반,건조,맑음,교차로 - 교차로안,승용,여,40세,상해없음,승용,남,47세,경상
2019081200100310,2019년 8월 12일 12시,월요일,강원도 강릉시 내곡동,중상사고,0,1,0,0,차대차 - 측면충돌,안전운전불이행,건조,맑음,교차로 - 교차로안,승용,남,75세,상해없음,이륜,남,48세,중상
2019081200100311,2019년 8월 12일 12시,월요일,강원도 철원군 동송읍,경상사고,0,0,2,0,차대차 - 추돌,중앙선침범,건조,맑음,기타 - 기타,화물,남,64세,기타불명,화물,남,57세,경상
2019081200100350,2019년 8월 12일 13시,월요일,강원도 춘천시 후평동,경상사고,0,0,1,0,차대차 - 측면충돌,안전운전불이행,건조,맑음,교차로 - 교차로부근,승용,여,77세,기타불명,자전거,여,13세,경상
2019081200100351,2019년 8월 12일 13시,월요일,강원도 강릉시 교동,경상사고,0,0,2,0,차대차 - 추돌,안전운전불이행,건조,맑음,단일로 - 기타,승용,남,59세,상해없음,승용,남,62세,경상
2019081200100352,2019년 8월 12일 13시,월요일,강원도 양양군 손양면,경상사고,0,0,1,0,차대차 - 측면충돌,기타,건조,맑음,단일로 - 기타,승합,남,49세,상해없음,자전거,남,45세,경상
2019081200100353,2019년 8월 12일 13시,월요일,강원도 홍천군 내촌면,경상사고,0,0,1,0,차대차 - 측면충돌,교차로운행방법위반,건조,맑음,교차로 - 교차로안,화물,남,58세,상해없음,화물,남,22세,경상
2019081200100354,2019년 8월 12일 13시,월요일,강원도 평창군 봉평면,경상사고,0,0,1,0,차량단독 - 전도전복 - 전도,안전운전불이행,건조,맑음,기타 - 기타,화물,남,46세,상해없음,,,,
2019081200100397,2019년 8월 12일 14시,월요일,강원도 원주시 태장동,경상사고,0,0,2,0,차대차 - 측면충돌,안전거리미확보,건조,맑음,교차로 - 교차로부근,승용,남,46세,상해없음,승용,여,45세,경상
2019081200100398,2019년 8월 12일 14시,월요일,강원도 양양군 현북면,경상사고,0,0,3,0,차대차 - 측면충돌,안전운전불이행,건조,맑음,단일로 - 기타,승용,남,61세,상해없음,승용,여,47세,경상
2019081200100484,2019년 8월 12일 16시,월요일,강원도 춘천시 온의동,경상사고,0,0,1,0,차대차 - 측면충돌,교차로운행방법위반,건조,맑음,교차로 - 교차로안,승용,여,28세,상해없음,승용,여,32세,경상
2019081200100526,2019년 8월 12일 17시,월요일,강원도 춘천시 석사동,경상사고,0,0,1,0,차대차 - 측면충돌,교차로운행방법위반,건조,맑음,교차로 - 교차로부근,승용,남,46세,상해없음,승용,남,51세,경상
2019081200100527,2019년 8월 12일 17시,월요일,강원도 삼척시 당저동,경상사고,0,0,1,0,차대차 - 측면충돌,직진우회전진행방해,건조,맑음,교차로 - 교차로안,승용,남,46세,기타불명,승용,여,66세,경상
2019081200100569,2019년 8월 12일 18시,월요일,강원도 춘천시 효자동,경상사고,0,0,2,0,차대차 - 측면충돌,안전운전불이행,건조,맑음,단일로 - 기타,이륜,남,39세,경상,승용,남,23세,상해없음
2019081200100610,2019년 8월 12일 19시,월요일,강원도 원주시 반곡동,경상사고,0,0,3,0,차대차 - 추돌,안전거리미확보,건조,맑음,단일로 - 기타,승용,남,59세,상해없음,승용,남,31세,경상
2019081200100611,2019년 8월 12일 19시,월요일,강원도 영월군 영월읍,사망사고,1,0,0,0,차대사람 - 횡단중,보행자보호의무위반,건조,맑음,단일로 - 기타,이륜,남,23세,상해없음,보행자,여,69세,사망
2019081200100612,2019년 8월 12일 19시,월요일,강원도 태백시 황지동,경상사고,0,0,1,0,차대사람 - 기타,안전운전불이행,건조,맑음,단일로 - 기타,승합,남,58세,기타불명,보행자,남,70세,경상
2019081200100613,2019년 8월 12일 19시,월요일,강원도 동해시 묵호진동,경상사고,0,0,1,0,차대차 - 후진중충돌,안전운전불이행,건조,맑음,주차장 - 주차장,승용,여,42세,상해없음,승용,남,35세,경상
2019081200100641,2019년 8월 12일 20시,월요일,강원도 원주시 단계동,경상사고,0,0,1,0,차대차 - 측면충돌,안전운전불이행,건조,맑음,교차로 - 교차로부근,승용,여,55세,상해없음,승용,여,28세,경상
2019081200100642,2019년 8월 12일 20시,월요일,강원도 원주시 무실동,경상사고,0,0,1,1,차대차 - 기타,신호위반,건조,맑음,교차로 - 교차로안,기타불명,기타불명,미분류,기타불명,승용,남,45세,상해없음
2019081200100679,2019년 8월 12일 21시,월요일,강원도 삼척시 정상동,중상사고,0,1,0,0,차대사람 - 횡단중,보행자보호의무위반,건조,흐림,교차로 - 교차로안,화물,남,51세,상해없음,보행자,여,55세,중상
2019081200100680,2019년 8월 12일 21시,월요일,강원도 정선군 신동읍,중상사고,0,2,3,0,차대차 - 추돌,안전운전불이행,건조,맑음,교차로 - 교차로부근,승용,남,69세,기타불명,승용,남,52세,경상
2019081200100716,2019년 8월 12일 23시,월요일,강원도 강릉시 홍제동,경상사고,0,0,3,0,차대차 - 측면충돌,안전운전불이행,건조,맑음,단일로 - 기타,승용,남,68세,상해없음,화물,남,29세,경상
2019081200100717,2019년 8월 12일 23시,월요일,강원도 강릉시 강동면,중상사고,0,1,0,0,차대사람 - 길가장자리구역통행중,안전운전불이행,건조,맑음,단일로 - 교량,승용,여,35세,상해없음,보행자,남,20세,중상
2019081300100033,2019년 8월 13일 00시,화요일,강원도 원주시 우산동,중상사고,0,1,0,0,차대차 - 측면충돌,중앙선침범,건조,맑음,교차로 - 교차로부근,승용,남,28세,상해없음,승용,남,27세,중상
2019081300100048,2019년 8월 13일 02시,화요일,강원도 속초시 금호동,경상사고,0,0,3,0,차대차 - 추돌,안전운전불이행,건조,맑음,단일로 - 고가도로위,승용,남,24세,상해없음,승용,남,30세,경상
2019081300100075,2019년 8월 13일 06시,화요일,강원도 강릉시 홍제동,경상사고,0,0,1,0,차대차 - 측면충돌,안전운전불이행,건조,맑음,교차로 - 교차로안,승용,남,26세,상해없음,승용,남,62세,경상
2019081300100076,2019년 8월 13일 06시,화요일,강원도 원주시 명륜동,경상사고,0,0,1,0,차대차 - 기타,안전운전불이행,건조,맑음,단일로 - 기타,승용,남,79세,상해없음,승용,남,27세,경상
2019081300100122,2019년 8월 13일 08시,화요일,강원도 춘천시 중앙로2가,경상사고,0,0,1,0,차대차 - 기타,교차로운행방법위반,건조,맑음,교차로 - 교차로안,승용,남,50세,상해없음,승용,여,43세,경상
2019081300100123,2019년 8월 13일 08시,화요일,강원도 삼척시 당저동,경상사고,0,0,1,0,차대차 - 정면충돌,안전운전불이행,건조,맑음,교차로 - 교차로안,승용,여,42세,상해없음,자전거,여,59세,경상
2019081300100156,2019년 8월 13일 09시,화요일,강원도 평창군 대관령면,경상사고,0,0,3,0,차대차 - 기타,차로위반,건조,맑음,단일로 - 기타,승용,남,22세,상해없음,승용,남,31세,경상
2019081300100190,2019년 8월 13일 10시,화요일,강원도 속초시 조양동,경상사고,0,0,1,0,차대차 - 측면충돌,차로위반,건조,맑음,기타 - 기타,승용,여,30세,상해없음,승용,여,43세,상해없음
2019081300100191,2019년 8월 13일 10시,화요일,강원도 삼척시 사직동,경상사고,0,0,2,0,차대차 - 정면충돌,중앙선침범,건조,맑음,교차로 - 교차로부근,승용,남,40세,상해없음,승용,남,53세,경상
2019081300100192,2019년 8월 13일 10시,화요일,강원도 삼척시 도계읍,경상사고,0,0,1,0,차대차 - 측면충돌,직진우회전진행방해,건조,맑음,교차로 - 교차로안,승용,남,39세,상해없음,승용,여,57세,경상
2019081300100193,2019년 8월 13일 10시,화요일,강원도 동해시 효가동,경상사고,0,0,1,0,차대차 - 추돌,안전운전불이행,건조,맑음,교차로 - 교차로부근,건설기계,남,63세,상해없음,건설기계,남,43세,경상
2019081300100236,2019년 8월 13일 11시,화요일,강원도 강릉시 강동면,중상사고,0,2,0,0,차대사람 - 기타,안전운전불이행,건조,맑음,단일로 - 터널,화물,남,44세,상해없음,보행자,남,24세,중상
2019081300100273,2019년 8월 13일 12시,화요일,강원도 원주시 우산동,경상사고,0,0,1,0,차대차 - 측면충돌,안전운전불이행,건조,맑음,단일로 - 기타,승용,여,42세,상해없음,이륜,남,29세,경상
2019081300100274,2019년 8월 13일 12시,화요일,강원도 삼척시 교동,경상사고,0,0,1,0,차대차 - 측면충돌,안전거리미확보,건조,맑음,단일로 - 기타,승합,여,50세,상해없음,승용,여,41세,경상
2019081300100318,2019년 8월 13일 13시,화요일,강원도 춘천시 퇴계동,경상사고,0,0,2,0,차대차 - 측면충돌,안전거리미확보,건조,맑음,단일로 - 기타,승용,여,74세,상해없음,승용,여,54세,경상
2019081300100319,2019년 8월 13일 13시,화요일,강원도 고성군 토성면,경상사고,0,0,1,0,차대차 - 추돌,안전운전불이행,건조,맑음,교차로 - 교차로부근,승용,남,61세,상해없음,승용,여,47세,경상
2019081300100320,2019년 8월 13일 13시,화요일,강원도 춘천시 남면,경상사고,0,0,12,0,차대차 - 추돌,안전거리미확보,건조,맑음,단일로 - 교량,승용,남,29세,경상,승용,남,51세,상해없음
2019081300100431,2019년 8월 13일 16시,화요일,강원도 춘천시 석사동,경상사고,0,0,1,0,차대차 - 정면충돌,안전운전불이행,건조,맑음,교차로 - 교차로부근,자전거,남,25세,경상,승용,남,54세,상해없음
2019081300100432,2019년 8월 13일 16시,화요일,강원도 평창군 대관령면,중상사고,0,1,0,0,차대차 - 측면충돌,안전거리미확보,건조,맑음,교차로 - 교차로안,승용,남,38세,상해없음,자전거,남,57세,중상
2019081300100433,2019년 8월 13일 16시,화요일,강원도 동해시 용정동,경상사고,0,0,1,0,차대차 - 측면충돌,교차로운행방법위반,건조,맑음,교차로 - 교차로안,승용,남,69세,상해없음,승용,여,32세,경상
2019081300100434,2019년 8월 13일 16시,화요일,강원도 홍천군 서면,경상사고,0,0,2,0,차대차 - 추돌,안전거리미확보,건조,맑음,단일로 - 터널,승용,남,25세,상해없음,승용,여,54세,경상
2019081300100479,2019년 8월 13일 17시,화요일,강원도 춘천시 후평동,경상사고,0,0,1,0,차대차 - 측면충돌,신호위반,건조,맑음,교차로 - 교차로안,이륜,남,74세,상해없음,자전거,남,10세,경상
2019081300100480,2019년 8월 13일 17시,화요일,강원도 춘천시 약사동,경상사고,0,0,1,0,차대차 - 측면충돌,직진우회전진행방해,건조,맑음,교차로 - 교차로안,승용,여,57세,상해없음,화물,남,41세,경상
2019081300100481,2019년 8월 13일 17시,화요일,강원도 홍천군 홍천읍,경상사고,0,0,1,0,차대차 - 측면충돌,안전운전불이행,건조,맑음,단일로 - 교량,승용,여,33세,상해없음,승용,남,52세,경상
2019081300100482,2019년 8월 13일 17시,화요일,강원도 정선군 신동읍,경상사고,0,0,2,0,차대차 - 측면충돌,신호위반,건조,맑음,교차로 - 교차로안,승용,여,63세,상해없음,승용,여,61세,경상
2019081300100523,2019년 8월 13일 18시,화요일,강원도 원주시 단계동,경상사고,0,0,1,0,차대차 - 측면충돌,직진우회전진행방해,건조,맑음,교차로 - 교차로안,승용,여,55세,상해없음,이륜,남,37세,경상
2019081300100606,2019년 8월 13일 20시,화요일,강원도 춘천시 동면,경상사고,0,0,2,0,차대차 - 측면충돌,교차로운행방법위반,건조,맑음,교차로 - 교차로부근,승용,여,42세,상해없음,승용,여,48세,경상
2019081300100607,2019년 8월 13일 20시,화요일,강원도 동해시 동회동,중상사고,0,1,1,0,차대사람 - 횡단중,안전운전불이행,건조,맑음,교차로 - 교차로안,승용,남,37세,상해없음,보행자,여,55세,중상
2019081400100040,2019년 8월 14일 00시,수요일,강원도 삼척시 원덕읍,경상사고,0,0,1,0,차량단독 - 공작물충돌,안전운전불이행,건조,흐림,단일로 - 기타,승용,남,51세,경상,,,,
2019081400100052,2019년 8월 14일 01시,수요일,강원도 원주시 단계동,중상사고,0,1,0,0,차대차 - 측면충돌,신호위반,건조,맑음,교차로 - 교차로안,승용,남,25세,상해없음,승용,남,72세,중상
2019081400100068,2019년 8월 14일 03시,수요일,강원도 원주시 단계동,경상사고,0,0,1,0,차대차 - 측면충돌,교차로운행방법위반,건조,맑음,교차로 - 교차로부근,승용,남,27세,상해없음,승용,남,45세,경상
2019081400100075,2019년 8월 14일 04시,수요일,강원도 춘천시 중앙로2가,경상사고,0,0,1,0,차대차 - 기타,신호위반,건조,맑음,교차로 - 교차로안,승용,남,45세,상해없음,승용,남,25세,경상
2019081400100086,2019년 8월 14일 05시,수요일,강원도 강릉시 노암동,중상사고,0,1,0,0,차대차 - 측면충돌,안전운전불이행,건조,맑음,교차로 - 교차로안,승용,남,28세,상해없음,화물,여,63세,중상
2019081400100087,2019년 8월 14일 05시,수요일,강원도 원주시 문막읍,사망사고,1,1,1,0,차대차 - 추돌,안전운전불이행,건조,맑음,단일로 - 기타,승용,남,25세,사망,화물,남,65세,경상
2019081400100088,2019년 8월 14일 05시,수요일,강원도 태백시 통동,중상사고,0,1,0,0,차대사람 - 보도통행중,기타,건조,맑음,단일로 - 기타,화물,남,68세,상해없음,보행자,여,75세,중상
2019081400100089,2019년 8월 14일 05시,수요일,강원도 동해시 용정동,중상사고,0,1,0,0,차량단독 - 공작물충돌,안전운전불이행,건조,흐림,단일로 - 지하차도(도로)내,원동기,남,38세,중상,,,,
2019081400100153,2019년 8월 14일 08시,수요일,강원도 춘천시 근화동,경상사고,0,0,1,0,차대차 - 기타,안전운전불이행,건조,맑음,단일로 - 기타,승용,여,39세,상해없음,자전거,남,64세,경상
2019081400100154,2019년 8월 14일 08시,수요일,강원도 원주시 일산동,중상사고,0,1,0,0,차대사람 - 기타,안전운전불이행,건조,맑음,단일로 - 기타,승용,남,73세,상해없음,보행자,여,71세,중상
2019081400100155,2019년 8월 14일 08시,수요일,강원도 삼척시 도계읍,경상사고,0,0,1,0,차대차 - 측면충돌,중앙선침범,건조,맑음,단일로 - 기타,사륜오토바이(ATV),남,72세,경상,화물,남,55세,상해없음