사고번호,사고일시,요일,시군구,사고내용,사망자수,중상자수,경상자수,부상신고자수,사고유형,법규위반,노면상태,기상상태,도로형태,가해운전자 차종,가해운전자 성별,가해운전자 연령,가해운전자 상해정도,피해운전자 차종,피해운전자 성별,피해운전자 연령,피해운전자 상해정도
2019082400100590,2019년 8월 24일 21시,토요일,강원도 춘천시 남산면,경상사고,0,0,1,0,차대차 - 기타,신호위반,건조,맑음,교차로 - 교차로안,승용,남,24세,상해없음,승용,남,36세,경상
2019082400100591,2019년 8월 24일 21시,토요일,강원도 속초시 조양동,경상사고,0,0,1,0,차대사람 - 횡단중,안전운전불이행,건조,맑음,교차로 - 교차로안,승용,여,60세,상해없음,보행자,남,48세,경상
2019082400100648,2019년 8월 24일 23시,토요일,강원도 속초시 동명동,경상사고,0,0,1,0,차대차 - 측면충돌,교차로운행방법위반,건조,맑음,교차로 - 교차로안,승용,여,49세,상해없음,이륜,남,18세,경상
2019082400100649,2019년 8월 24일 23시,토요일,강원도 속초시 교동,경상사고,0,0,1,0,차대차 - 측면충돌,안전운전불이행,건조,맑음,교차로 - 교차로안,승용,남,57세,상해없음,이륜,남,52세,경상
2019082500100066,2019년 8월 25일 04시,일요일,강원도 강릉시 강동면,중상사고,0,1,0,0,차대사람 - 차도통행중,안전운전불이행,건조,맑음,단일로 - 교량,승용,남,49세,상해없음,보행자,남,56세,중상
2019082500100076,2019년 8월 25일 05시,일요일,강원도 강릉시 성남동,경상사고,0,0,1,0,차대사람 - 기타,안전운전불이행,건조,맑음,기타 - 기타,화물,남,74세,상해없음,보행자,남,65세,경상
2019082500100117,2019년 8월 25일 09시,일요일,강원도 양양군 서면,중상사고,0,1,0,0,차량단독 - 공작물충돌,안전운전불이행,건조,맑음,단일로 - 고가도로위,이륜,남,45세,중상,,,,
2019082500100118,2019년 8월 25일 09시,일요일,강원도 홍천군 두촌면,경상사고,0,0,6,0,차대차 - 추돌,신호위반,건조,맑음,교차로 - 교차로안,승합,남,51세,상해없음,화물,남,45세,경상
2019082500100141,2019년 8월 25일 10시,일요일,강원도 춘천시 근화동,경상사고,0,0,1,0,차대차 - 정면충돌,신호위반,건조,맑음,교차로 - 교차로안,승용,여,43세,상해없음,승용,남,38세,경상
2019082500100164,2019년 8월 25일 11시,일요일,강원도 고성군 토성면,경상사고,0,0,2,0,차대차 - 기타,안전운전불이행,건조,맑음,단일로 - 기타,승용,여,48세,상해없음,승용,남,26세,경상
2019082500100191,2019년 8월 25일 12시,일요일,강원도 춘천시 남산면,중상사고,0,1,0,0,차대차 - 측면충돌,안전운전불이행,건조,맑음,단일로 - 기타,승용,남,34세,상해없음,자전거,남,54세,중상
2019082500100192,2019년 8월 25일 12시,일요일,강원도 춘천시 동면,중상사고,0,1,0,0,차대차 - 측면충돌,안전운전불이행,건조,맑음,교차로 - 교차로안,자전거,남,72세,중상,이륜,남,35세,상해없음
2019082500100193,2019년 8월 25일 12시,일요일,강원도 원주시 인동,경상사고,0,0,1,0,차대차 - 측면충돌,교차로운행방법위반,건조,맑음,교차로 - 교차로안,승용,여,38세,상해없음,화물,남,28세,경상
2019082500100228,2019년 8월 25일 13시,일요일,강원도 춘천시 중앙로2가,중상사고,0,1,3,0,차대차 - 측면충돌,기타,건조,맑음,교차로 - 교차로안,이륜,남,51세,중상,승용,여,46세,경상
2019082500100229,2019년 8월 25일 13시,일요일,강원도 원주시 중앙동,중상사고,0,1,0,0,차대차 - 측면충돌,안전운전불이행,건조,맑음,단일로 - 기타,화물,남,73세,상해없음,승용,남,75세,중상
2019082500100230,2019년 8월 25일 13시,일요일,강원도 양양군 강현면,중상사고,0,2,0,0,차대차 - 측면충돌,신호위반,건조,맑음,교차로 - 교차로안,승용,남,58세,상해없음,이륜,남,36세,중상
2019082500100293,2019년 8월 25일 15시,일요일,강원도 춘천시 후평동,경상사고,0,0,1,0,차대차 - 측면충돌,신호위반,건조,맑음,교차로 - 교차로안,승용,남,41세,상해없음,승용,남,57세,경상
2019082500100294,2019년 8월 25일 15시,일요일,강원도 춘천시 동내면,경상사고,0,0,1,0,차대차 - 측면충돌,안전운전불이행,건조,맑음,단일로 - 기타,이륜,남,19세,상해없음,승용,여,44세,경상
2019082500100295,2019년 8월 25일 15시,일요일,강원도 속초시 조양동,경상사고,0,0,3,0,차대차 - 측면충돌,차로위반,건조,맑음,단일로 - 고가도로위,승용,여,40세,상해없음,승용,여,57세,경상
2019082500100361,2019년 8월 25일 17시,일요일,강원도 동해시 이도동,경상사고,0,0,1,0,차량단독 - 기타,안전운전불이행,건조,맑음,교차로 - 교차로부근,개인형이동수단(PM),남,18세,경상,,,,
2019082500100392,2019년 8월 25일 18시,일요일,강원도 원주시 문막읍,경상사고,0,0,6,0,차대차 - 측면충돌,직진우회전진행방해,건조,맑음,교차로 - 교차로안,승용,여,52세,상해없음,승합,남,51세,경상
2019082500100393,2019년 8월 25일 18시,일요일,강원도 원주시 원동,중상사고,0,1,0,0,차대사람 - 횡단중,안전운전불이행,건조,맑음,교차로 - 교차로안,승용,남,59세,상해없음,보행자,남,59세,중상
2019082500100429,2019년 8월 25일 19시,일요일,강원도 춘천시 송암동,경상사고,0,0,1,0,차량단독 - 기타,안전운전불이행,건조,맑음,기타 - 기타,자전거,남,70세,경상,,,,
2019082500100430,2019년 8월 25일 19시,일요일,강원도 원주시 단계동,중상사고,0,1,0,0,차대차 - 측면충돌,교차로운행방법위반,건조,맑음,교차로 - 교차로안,승용,남,47세,상해없음,이륜,남,41세,중상
2019082500100431,2019년 8월 25일 19시,일요일,강원도 원주시 지정면,중상사고,0,1,1,0,차대차 - 측면충돌,직진우회전진행방해,건조,맑음,교차로 - 교차로안,승용,남,52세,상해없음,승합,남,55세,경상
2019082500100432,2019년 8월 25일 19시,일요일,강원도 원주시 태장동,경상사고,0,0,1,0,차대차 - 측면충돌,신호위반,건조,맑음,교차로 - 교차로부근,화물,여,58세,기타불명,이륜,남,26세,경상
2019082500100433,2019년 8월 25일 19시,일요일,강원도 원주시 호저면,경상사고,0,0,1,0,차대차 - 측면충돌,신호위반,건조,맑음,교차로 - 교차로안,승용,남,25세,상해없음,승용,남,55세,경상
2019082500100468,2019년 8월 25일 20시,일요일,강원도 춘천시 온의동,경상사고,0,0,1,0,차대사람 - 기타,안전운전불이행,건조,맑음,단일로 - 기타,승용,여,71세,상해없음,보행자,남,18세,경상
2019082500100469,2019년 8월 25일 20시,일요일,강원도 춘천시 중앙로3가,경상사고,0,0,1,0,차대차 - 측면충돌,교차로운행방법위반,건조,맑음,교차로 - 교차로안,승용,남,50세,상해없음,승용,남,21세,경상
2019082500100500,2019년 8월 25일 21시,일요일,강원도 춘천시 남산면,경상사고,0,0,2,0,차대차 - 측면충돌,중앙선침범,건조,맑음,단일로 - 기타,화물,남,44세,상해없음,승용,여,36세,경상
2019082500100519,2019년 8월 25일 22시,일요일,강원도 원주시 단계동,경상사고,0,0,4,1,차대차 - 정면충돌,중앙선침범,건조,맑음,교차로 - 교차로안,승용,남,67세,상해없음,승용,남,22세,경상
2019082600100034,2019년 8월 26일 00시,월요일,강원도 강릉시 홍제동,경상사고,0,0,1,0,차대차 - 기타,안전운전불이행,건조,맑음,단일로 - 기타,승용,남,70세,상해없음,승용,남,73세,경상
2019082600100035,2019년 8월 26일 00시,월요일,강원도 원주시 단구동,경상사고,0,0,1,0,차대사람 - 기타,안전운전불이행,건조,맑음,단일로 - 기타,승용,남,44세,상해없음,보행자,남,28세,경상
2019082600100042,2019년 8월 26일 01시,월요일,강원도 춘천시 효자동,경상사고,0,0,1,0,차량단독 - 기타,안전운전불이행,건조,맑음,교차로 - 교차로부근,이륜,남,18세,상해없음,,,,
2019082600100118,2019년 8월 26일 07시,월요일,강원도 태백시 황지동,경상사고,0,0,1,0,차대차 - 측면충돌,안전운전불이행,건조,맑음,교차로 - 교차로안,화물,남,72세,상해없음,승용,남,67세,경상
2019082600100149,2019년 8월 26일 08시,월요일,강원도 원주시 학성동,중상사고,0,1,1,0,차대차 - 추돌,안전운전불이행,건조,맑음,교차로 - 교차로안,승용,남,28세,상해없음,승용,남,60세,경상
2019082600100150,2019년 8월 26일 08시,월요일,강원도 원주시 우산동,경상사고,0,0,1,0,차대차 - 측면충돌,교차로운행방법위반,건조,맑음,교차로 - 교차로안,승용,여,53세,상해없음,이륜,남,77세,경상
2019082600100151,2019년 8월 26일 08시,월요일,강원도 원주시 관설동,경상사고,0,0,1,0,차대사람 - 횡단중,보행자보호의무위반,건조,맑음,교차로 - 교차로안,승용,여,34세,상해없음,보행자,여,66세,경상
2019082600100152,2019년 8월 26일 08시,월요일,강원도 홍천군 홍천읍,경상사고,0,0,2,0,차대차 - 측면충돌,교차로운행방법위반,건조,맑음,교차로 - 교차로안,승용,남,66세,경상,승용,남,70세,상해없음
2019082600100193,2019년 8월 26일 09시,월요일,강원도 영월군 영월읍,부상신고사고,0,0,0,1,차대사람 - 횡단중,안전운전불이행,건조,맑음,교차로 - 교차로안,이륜,남,79세,상해없음,보행자,여,44세,부상신고
2019082600100238,2019년 8월 26일 10시,월요일,강원도 횡성군 횡성읍,중상사고,0,1,1,0,차대차 - 기타,신호위반,건조,맑음,교차로 - 교차로안,화물,남,76세,경상,건설기계,남,50세,중상
2019082600100272,2019년 8월 26일 11시,월요일,강원도 강릉시 포남동,경상사고,0,0,2,0,차대차 - 측면충돌,안전운전불이행,건조,맑음,교차로 - 교차로안,승용,남,48세,상해없음,화물,남,60세,경상
2019082600100273,2019년 8월 26일 11시,월요일,강원도 원주시 단계동,경상사고,0,0,1,0,차대차 - 측면충돌,교차로운행방법위반,건조,맑음,교차로 - 교차로안,승용,남,28세,상해없음,자전거,남,66세,경상
2019082600100274,2019년 8월 26일 11시,월요일,강원도 속초시 조양동,중상사고,0,1,0,0,차대차 - 측면충돌,신호위반,건조,맑음,교차로 - 교차로안,이륜,남,69세,중상,승용,남,39세,상해없음
2019082600100275,2019년 8월 26일 11시,월요일,강원도 평창군 평창읍,중상사고,0,1,0,0,차대차 - 측면충돌,안전운전불이행,건조,맑음,교차로 - 교차로부근,승용,여,56세,상해없음,승용,남,61세,중상
2019082600100316,2019년 8월 26일 12시,월요일,강원도 강릉시 성산면,경상사고,0,0,7,0,차대차 - 측면충돌,중앙선침범,건조,맑음,교차로 - 교차로부근,승합,남,71세,상해없음,승용,남,48세,경상
2019082600100317,2019년 8월 26일 12시,월요일,강원도 삼척시 당저동,경상사고,0,0,1,0,차대차 - 측면충돌,불법유턴,건조,맑음,단일로 - 기타,자전거,남,71세,경상,승용,여,50세,상해없음
2019082600100348,2019년 8월 26일 13시,월요일,강원도 평창군 봉평면,경상사고,0,0,1,0,차대차 - 측면충돌,안전운전불이행,건조,맑음,기타 - 기타,농기계,남,72세,경상,승용,남,60세,상해없음
2019082600100382,2019년 8월 26일 14시,월요일,강원도 홍천군 홍천읍,경상사고,0,0,1,0,차대차 - 기타,안전운전불이행,건조,맑음,단일로 - 기타,이륜,남,49세,상해없음,이륜,남,24세,경상
2019082600100422,2019년 8월 26일 15시,월요일,강원도 춘천시 사농동,중상사고,0,2,0,0,차대차 - 기타,안전운전불이행,건조,맑음,교차로 - 교차로부근,승용,여,36세,중상,승용,남,73세,중상
2019082600100423,2019년 8월 26일 15시,월요일,강원도 원주시 평원동,경상사고,0,0,2,0,차대차 - 측면충돌,교차로운행방법위반,건조,맑음,교차로 - 교차로안,이륜,남,68세,경상,승용,남,76세,상해없음
2019082600100467,2019년 8월 26일 16시,월요일,강원도 삼척시 근덕면,중상사고,0,1,5,0,차대차 - 정면충돌,직진우회전진행방해,건조,맑음,교차로 - 교차로안,승합,남,63세,경상,승용,남,55세,중상
2019082600100468,2019년 8월 26일 16시,월요일,강원도 영월군 주천면,부상신고사고,0,0,0,1,차대사람 - 횡단중,안전운전불이행,건조,맑음,교차로 - 교차로안,승용,여,55세,상해없음,보행자,남,51세,부상신고
2019082600100599,2019년 8월 26일 19시,월요일,강원도 영월군 영월읍,경상사고,0,0,2,0,차대차 - 기타,안전운전불이행,건조,맑음,단일로 - 지하차도(도로)내,승용,남,20세,상해없음,승용,남,45세,경상
2019082600100633,2019년 8월 26일 20시,월요일,강원도 원주시 개운동,경상사고,0,0,1,0,차대차 - 측면충돌,안전운전불이행,건조,기타,교차로 - 교차로안,승용,남,60세,상해없음,승용,여,30세,경상
2019082600100714,2019년 8월 26일 23시,월요일,강원도 춘천시 후평동,경상사고,0,0,4,0,차대차 - 기타,교차로운행방법위반,건조,맑음,교차로 - 교차로안,승용,남,50세,상해없음,승용,여,32세,경상
2019082700100096,2019년 8월 27일 06시,화요일,강원도 원주시 판부면,중상사고,0,1,1,0,차대차 - 측면충돌,중앙선침범,젖음/습기,비,단일로 - 기타,화물,남,28세,경상,화물,남,62세,중상
2019082700100152,2019년 8월 27일 08시,화요일,강원도 춘천시 후평동,경상사고,0,0,1,0,차대차 - 측면충돌,안전운전불이행,건조,맑음,교차로 - 교차로안,승용,남,73세,상해없음,승용,여,38세,경상
2019082700100153,2019년 8월 27일 08시,화요일,강원도 강릉시 죽헌동,중상사고,0,1,1,0,차대차 - 측면충돌,안전운전불이행,건조,흐림,교차로 - 교차로안,승용,남,41세,상해없음,승용,여,46세,중상
2019082700100154,2019년 8월 27일 08시,화요일,강원도 원주시 단계동,경상사고,0,0,2,0,차대차 - 추돌,안전운전불이행,젖음/습기,흐림,단일로 - 기타,승용,남,31세,상해없음,승용,남,29세,경상
2019082700100155,2019년 8월 27일 08시,화요일,강원도 원주시 단계동,중상사고,0,1,0,0,차대차 - 측면충돌,안전운전불이행,젖음/습기,비,교차로 - 교차로부근,승용,여,40세,상해없음,화물,남,30세,중상
2019082700100156,2019년 8월 27일 08시,화요일,강원도 영월군 북면,경상사고,0,0,2,0,차대차 - 측면충돌,교차로운행방법위반,젖음/습기,비,교차로 - 교차로안,승용,남,37세,상해없음,승용,여,48세,경상
2019082700100201,2019년 8월 27일 09시,화요일,강원도 평창군 평창읍,중상사고,0,1,0,0,차대차 - 측면충돌,안전운전불이행,건조,맑음,교차로 - 교차로안,화물,남,67세,상해없음,승용,남,69세,중상
2019082700100262,2019년 8월 27일 11시,화요일,강원도 속초시 장사동,경상사고,0,0,1,0,차대차 - 추돌,안전운전불이행,건조,맑음,교차로 - 교차로부근,승용,남,27세,상해없음,승용,남,37세,경상
2019082700100263,2019년 8월 27일 11시,화요일,강원도 속초시 설악동,경상사고,0,0,2,0,차대차 - 측면충돌,기타,건조,맑음,교차로 - 교차로안,화물,여,55세,상해없음,승용,여,38세,경상
2019082700100314,2019년 8월 27일 13시,화요일,강원도 춘천시 퇴계동,경상사고,0,0,1,0,차대차 - 추돌,안전운전불이행,건조,맑음,단일로 - 기타,승용,남,51세,상해없음,승용,남,40세,경상
2019082700100396,2019년 8월 27일 15시,화요일,강원도 속초시 노학동,중상사고,0,1,1,0,차대차 - 추돌,불법유턴,건조,맑음,교차로 - 교차로부근,승용,남,58세,상해없음,승용,여,64세,중상
2019082700100429,2019년 8월 27일 16시,화요일,강원도 춘천시 온의동,경상사고,0,0,1,0,차대차 - 측면충돌,차로위반,건조,맑음,교차로 - 교차로부근,농기계,남,78세,상해없음,승용,남,62세,경상
2019082700100470,2019년 8월 27일 17시,화요일,강원도 춘천시 후평동,경상사고,0,0,1,0,차대사람 - 기타,보행자보호의무위반,건조,맑음,기타 - 기타,승용,남,56세,상해없음,보행자,여,10세,경상
2019082700100510,2019년 8월 27일 18시,화요일,강원도 화천군 상서면,중상사고,0,2,0,1,차대차 - 정면충돌,중앙선침범,건조,맑음,단일로 - 기타,승용,남,21세,부상신고,승용,여,60세,중상
2019082700100511,2019년 8월 27일 18시,화요일,강원도 동해시 구호동,경상사고,0,0,1,0,차대차 - 측면충돌,안전운전불이행,건조,맑음,단일로 - 기타,화물,남,65세,상해없음,승용,여,27세,경상
2019082700100547,2019년 8월 27일 19시,화요일,강원도 화천군 화천읍,중상사고,0,1,0,0,차대사람 - 차도통행중,기타,건조,맑음,주차장 - 주차장,화물,남,38세,상해없음,보행자,여,80세,중상
2019082800100139,2019년 8월 28일 08시,수요일,강원도 동해시 이도동,경상사고,0,0,2,0,차대차 - 측면충돌,안전운전불이행,건조,흐림,교차로 - 교차로안,승용,여,42세,상해없음,화물,남,40세,경상
2019082800100182,2019년 8월 28일 09시,수요일,강원도 춘천시 우두동,경상사고,0,0,4,0,차대차 - 추돌,안전운전불이행,건조,맑음,단일로 - 교량,승용,여,51세,상해없음,승용,여,65세,경상
2019082800100183,2019년 8월 28일 09시,수요일,강원도 원주시 반곡동,중상사고,0,1,2,0,차대차 - 측면충돌,교차로운행방법위반,건조,맑음,교차로 - 교차로안,승합,남,64세,상해없음,승합,남,43세,중상
2019082800100209,2019년 8월 28일 10시,수요일,강원도 삼척시 도경동,중상사고,0,2,1,0,차량단독 - 도로외이탈 - 기타,안전운전불이행,건조,맑음,단일로 - 기타,승용,여,42세,중상,,,,
2019082800100239,2019년 8월 28일 11시,수요일,강원도 원주시 봉산동,부상신고사고,0,0,0,1,차대사람 - 기타,안전운전불이행,건조,맑음,단일로 - 기타,승용,남,35세,상해없음,보행자,남,31세,부상신고
2019082800100240,2019년 8월 28일 11시,수요일,강원도 홍천군 화촌면,경상사고,0,0,2,0,차대차 - 측면충돌,안전운전불이행,건조,맑음,단일로 - 기타,승용,남,36세,상해없음,승용,남,62세,경상
2019082800100268,2019년 8월 28일 12시,수요일,강원도 춘천시 남산면,경상사고,0,0,1,0,차대차 - 기타,중앙선침범,건조,맑음,기타 - 기타,승용,여,61세,상해없음,승용,여,49세,경상
2019082800100299,2019년 8월 28일 13시,수요일,강원도 원주시 문막읍,중상사고,0,1,0,0,차대차 - 측면충돌,신호위반,건조,맑음,교차로 - 교차로안,승용,여,53세,상해없음,승용,여,41세,중상
2019082800100300,2019년 8월 28일 13시,수요일,강원도 원주시 신림면,경상사고,0,0,1,0,차량단독 - 기타,안전운전불이행,건조,맑음,단일로 - 기타,건설기계,남,67세,경상,,,,
2019082800100301,2019년 8월 28일 13시,수요일,강원도 홍천군 서석면,경상사고,0,0,1,0,차대차 - 측면충돌,안전운전불이행,건조,맑음,단일로 - 교량,화물,남,65세,상해없음,화물,남,42세,기타불명
2019082800100331,2019년 8월 28일 14시,수요일,강원도 강릉시 지변동,경상사고,0,0,1,0,차대사람 - 기타,안전운전불이행,건조,맑음,교차로 - 교차로부근,화물,남,83세,상해없음,보행자,여,57세,경상
2019082800100332,2019년 8월 28일 14시,수요일,강원도 강릉시 성산면,경상사고,0,0,2,0,차대차 - 측면충돌,안전운전불이행,건조,맑음,단일로 - 기타,승용,여,58세,상해없음,승용,남,63세,경상
2019082800100367,2019년 8월 28일 15시,수요일,강원도 동해시 천곡동,경상사고,0,0,1,0,차대사람 - 횡단중,보행자보호의무위반,건조,흐림,교차로 - 교차로부근,승용,남,49세,상해없음,보행자,여,59세,경상
2019082800100404,2019년 8월 28일 16시,수요일,강원도 춘천시 퇴계동,경상사고,0,0,1,0,차대차 - 측면충돌,안전운전불이행,건조,맑음,단일로 - 기타,승용,여,35세,상해없음,자전거,남,69세,경상
2019082800100405,2019년 8월 28일 16시,수요일,강원도 춘천시 효자동,중상사고,0,1,0,0,차대차 - 측면충돌,안전운전불이행,건조,맑음,단일로 - 기타,승용,여,24세,상해없음,자전거,남,23세,중상
2019082800100439,2019년 8월 28일 17시,수요일,강원도 춘천시 후평동,경상사고,0,0,1,0,차대차 - 측면충돌,안전운전불이행,건조,맑음,교차로 - 교차로안,승용,남,26세,상해없음,승용,여,30세,경상
2019082800100440,2019년 8월 28일 17시,수요일,강원도 원주시 무실동,경상사고,0,0,2,0,차대차 - 추돌,안전거리미확보,건조,맑음,교차로 - 교차로횡단보도내,화물,남,34세,상해없음,승용,남,64세,경상
2019082800100483,2019년 8월 28일 18시,수요일,강원도 홍천군 홍천읍,중상사고,0,1,0,0,차대차 - 측면충돌,교차로운행방법위반,건조,맑음,교차로 - 교차로안,승용,남,26세,상해없음,이륜,남,76세,중상
2019082800100484,2019년 8월 28일 18시,수요일,강원도 화천군 하남면,경상사고,0,0,1,0,차대차 - 추돌,안전운전불이행,건조,맑음,단일로 - 교량,승용,남,50세,상해없음,화물,여,70세,경상
2019082800100534,2019년 8월 28일 19시,수요일,강원도 원주시 무실동,경상사고,0,0,2,0,차대차 - 측면충돌,안전거리미확보,건조,맑음,교차로 - 교차로부근,승용,남,63세,상해없음,승용,남,46세,경상
2019082800100535,2019년 8월 28일 19시,수요일,강원도 원주시 인동,경상사고,0,0,1,0,차대차 - 추돌,안전거리미확보,건조,기타,교차로 - 교차로부근,승용,남,55세,상해없음,승용,여,55세,경상
2019082800100536,2019년 8월 28일 19시,수요일,강원도 원주시 단구동,경상사고,0,0,4,0,차대차 - 측면충돌,차로위반,건조,맑음,단일로 - 기타,화물,남,59세,상해없음,승용,남,35세,경상
2019082800100576,2019년 8월 28일 20시,수요일,강원도 강릉시 주문진읍,경상사고,0,0,1,0,차대사람 - 기타,안전운전불이행,건조,맑음,교차로 - 교차로안,승용,남,54세,상해없음,보행자,남,62세,경상
2019082800100592,2019년 8월 28일 21시,수요일,강원도 태백시 장성동,중상사고,0,1,0,0,차대차 - 측면충돌,중앙선침범,건조,맑음,교차로 - 교차로안,화물,남,59세,상해없음,승용,남,44세,중상
2019082800100618,2019년 8월 28일 22시,수요일,강원도 원주시 단구동,경상사고,0,0,1,0,차대차 - 추돌,안전운전불이행,건조,맑음,단일로 - 기타,승용,남,19세,상해없음,승용,남,19세,경상
2019082800100619,2019년 8월 28일 22시,수요일,강원도 원주시 반곡동,중상사고,0,1,1,0,차대차 - 후진중충돌,안전운전불이행,건조,맑음,교차로 - 교차로부근,화물,남,62세,상해없음,승용,남,73세,중상
2019082800100639,2019년 8월 28일 23시,수요일,강원도 강릉시 입암동,경상사고,0,0,2,0,차대차 - 추돌,안전운전불이행,건조,맑음,교차로 - 교차로안,승용,남,19세,상해없음,승용,여,41세,경상
2019082900100054,2019년 8월 29일 03시,목요일,강원도 춘천시 서면,경상사고,0,0,2,0,차대차 - 추돌,과속,건조,맑음,단일로 - 교량,승용,남,39세,경상,승용,여,50세,경상
2019082900100067,2019년 8월 29일 05시,목요일,강원도 원주시 명륜동,경상사고,0,0,1,0,차대차 - 추돌,안전운전불이행,건조,맑음,단일로 - 기타,화물,남,50세,상해없음,건설기계,남,61세,상해없음
2019082900100109,2019년 8월 29일 08시,목요일,강원도 원주시 단계동,경상사고,0,0,5,0,차대차 - 추돌,안전거리미확보,건조,맑음,기타 - 기타,승용,남,24세,상해없음,승용,여,47세,경상
2019082900100153,2019년 8월 29일 09시,목요일,강원도 강릉시 회산동,경상사고,0,0,1,0,차대차 - 측면충돌,안전운전불이행,건조,맑음,교차로 - 교차로안,승용,여,37세,상해없음,특수,남,53세,경상
2019082900100180,2019년 8월 29일 10시,목요일,강원도 삼척시 원덕읍,경상사고,0,0,1,0,차대사람 - 기타,안전운전불이행,젖음/습기,맑음,단일로 - 기타,건설기계,남,45세,상해없음,보행자,남,37세,경상
2019082900100239,2019년 8월 29일 12시,목요일,강원도 태백시 황지동,경상사고,0,0,1,0,차대사람 - 횡단중,안전운전불이행,건조,맑음,단일로 - 기타,승용,남,56세,상해없음,보행자,여,68세,경상
2019082900100268,2019년 8월 29일 13시,목요일,강원도 춘천시 중앙로2가,경상사고,0,0,1,0,차량단독 - 전도전복 - 전도,안전운전불이행,젖음/습기,비,단일로 - 기타,이륜,남,64세,경상,,,,
2019082900100269,2019년 8월 29일 13시,목요일,강원도 강릉시 교동,경상사고,0,0,2,0,차대차 - 측면충돌,신호위반,건조,흐림,교차로 - 교차로안,승용,남,59세,상해없음,승용,남,68세,경상
2019082900100331,2019년 8월 29일 15시,목요일,강원도 삼척시 남양동,경상사고,0,0,1,0,차대차 - 측면충돌,안전운전불이행,건조,맑음,교차로 - 교차로부근,승용,남,68세,상해없음,자전거,남,11세,경상
2019082900100332,2019년 8월 29일 15시,목요일,강원도 춘천시 남면,경상사고,0,0,4,0,차대차 - 추돌,안전거리미확보,건조,맑음,단일로 - 기타,화물,남,58세,상해없음,승용,남,48세,경상
2019082900100370,2019년 8월 29일 16시,목요일,강원도 춘천시 칠전동,경상사고,0,0,2,0,차대차 - 측면충돌,안전운전불이행,건조,맑음,교차로 - 교차로안,승용,여,51세,상해없음,승용,남,31세,경상
2019082900100414,2019년 8월 29일 17시,목요일,강원도 원주시 단계동,경상사고,0,0,1,0,차대차 - 측면충돌,안전운전불이행,건조,맑음,단일로 - 기타,승용,여,48세,상해없음,화물,남,59세,경상
2019082900100467,2019년 8월 29일 18시,목요일,강원도 춘천시 우두동,경상사고,0,0,1,0,차대차 - 기타,안전운전불이행,건조,맑음,교차로 - 교차로부근,자전거,남,58세,상해없음,자전거,남,53세,경상
2019082900100468,2019년 8월 29일 18시,목요일,강원도 원주시 태장동,부상신고사고,0,0,0,1,차대차 - 측면충돌,안전운전불이행,건조,맑음,기타 - 기타,화물,남,53세,상해없음,자전거,남,9세,부상신고
2019082900100469,2019년 8월 29일 18시,목요일,강원도 고성군 간성읍,경상사고,0,0,1,0,차대차 - 측면충돌,안전운전불이행,건조,맑음,교차로 - 교차로안,이륜,남,45세,경상,승용,남,44세,상해없음
2019082900100575,2019년 8월 29일 20시,목요일,강원도 춘천시 퇴계동,경상사고,0,0,1,1,차대차 - 추돌,직진우회전진행방해,건조,맑음,교차로 - 교차로부근,승용,남,54세,부상신고,승용,남,57세,경상
2019082900100576,2019년 8월 29일 20시,목요일,강원도 원주시 개운동,경상사고,0,0,1,0,차대차 - 측면충돌,안전운전불이행,건조,맑음,단일로 - 기타,승용,여,71세,상해없음,이륜,남,45세,경상
2019082900100577,2019년 8월 29일 20시,목요일,강원도 원주시 단계동,경상사고,0,0,1,0,차대차 - 측면충돌,신호위반,건조,맑음,교차로 - 교차로부근,승용,남,56세,상해없음,이륜,남,26세,경상
2019082900100578,2019년 8월 29일 20시,목요일,강원도 횡성군 횡성읍,중상사고,0,1,1,0,차대차 - 측면충돌,안전운전불이행,건조,맑음,교차로 - 교차로안,화물,남,60세,상해없음,승용,남,61세,중상
2019083000100032,2019년 8월 30일 00시,금요일,강원도 춘천시 퇴계동,경상사고,0,0,1,0,차대차 - 측면충돌,안전운전불이행,건조,맑음,교차로 - 교차로안,승용,남,23세,상해없음,승용,남,42세,경상
2019083000100101,2019년 8월 30일 07시,금요일,강원도 삼척시 당저동,경상사고,0,0,1,0,차량단독 - 공작물충돌,안전운전불이행,건조,맑음,단일로 - 기타,승용,여,46세,경상,,,,
2019083000100186,2019년 8월 30일 09시,금요일,강원도 철원군 갈말읍,중상사고,0,1,2,0,차대차 - 추돌,안전거리미확보,건조,맑음,단일로 - 기타,건설기계,남,50세,상해없음,화물,남,32세,경상
2019083000100220,2019년 8월 30일 10시,금요일,강원도 양양군 손양면,경상사고,0,0,1,0,차대차 - 추돌,안전운전불이행,건조,맑음,교차로 - 교차로부근,화물,남,60세,상해없음,화물,남,50세,경상
2019083000100221,2019년 8월 30일 10시,금요일,강원도 홍천군 서석면,중상사고,0,1,0,0,차량단독 - 기타,안전운전불이행,건조,맑음,단일로 - 기타,농기계,남,52세,상해없음,,,,
2019083000100260,2019년 8월 30일 11시,금요일,강원도 홍천군 홍천읍,중상사고,0,1,0,0,차대차 - 측면충돌,안전거리미확보,건조,맑음,단일로 - 기타,화물,남,59세,상해없음,자전거,남,79세,중상