사고번호,사고일시,요일,시군구,사고내용,사망자수,중상자수,경상자수,부상신고자수,사고유형,법규위반,노면상태,기상상태,도로형태,가해운전자 차종,가해운전자 성별,가해운전자 연령,가해운전자 상해정도,피해운전자 차종,피해운전자 성별,피해운전자 연령,피해운전자 상해정도
2019083000100261,2019년 8월 30일 11시,금요일,강원도 횡성군 횡성읍,경상사고,0,0,2,0,차대차 - 추돌,안전운전불이행,건조,맑음,기타 - 기타,승용,남,67세,상해없음,승용,남,69세,경상
2019083000100325,2019년 8월 30일 13시,금요일,강원도 강릉시 교동,중상사고,0,1,2,0,차대차 - 측면충돌,안전운전불이행,건조,맑음,교차로 - 교차로안,승용,여,35세,상해없음,승용,여,50세,경상
2019083000100326,2019년 8월 30일 13시,금요일,강원도 원주시 문막읍,경상사고,0,0,1,0,차대차 - 추돌,안전운전불이행,건조,맑음,교차로 - 교차로부근,승용,여,50세,상해없음,승용,남,56세,경상
2019083000100327,2019년 8월 30일 13시,금요일,강원도 태백시 황지동,경상사고,0,0,1,0,차대차 - 측면충돌,교차로운행방법위반,건조,맑음,교차로 - 교차로안,화물,남,58세,기타불명,이륜,남,60세,경상
2019083000100426,2019년 8월 30일 15시,금요일,강원도 태백시 통동,경상사고,0,0,2,0,차대차 - 측면충돌,교차로운행방법위반,건조,맑음,교차로 - 교차로안,승합,남,71세,상해없음,승용,남,55세,경상
2019083000100427,2019년 8월 30일 15시,금요일,강원도 춘천시 남면,경상사고,0,0,5,0,차대차 - 추돌,안전거리미확보,건조,맑음,단일로 - 교량,화물,남,40세,상해없음,승용,여,27세,경상
2019083000100470,2019년 8월 30일 16시,금요일,강원도 춘천시 동내면,중상사고,0,1,0,0,차대사람 - 기타,안전운전불이행,건조,맑음,단일로 - 기타,승용,남,45세,상해없음,보행자,여,13세,중상
2019083000100471,2019년 8월 30일 16시,금요일,강원도 양구군 양구읍,중상사고,0,1,0,0,차대사람 - 길가장자리구역통행중,안전운전불이행,건조,맑음,단일로 - 기타,승용,남,36세,상해없음,보행자,남,74세,중상
2019083000100532,2019년 8월 30일 17시,금요일,강원도 영월군 남면,경상사고,0,0,1,0,차대차 - 측면충돌,중앙선침범,건조,맑음,단일로 - 기타,건설기계,남,57세,상해없음,승용,남,48세,경상
2019083000100584,2019년 8월 30일 18시,금요일,강원도 춘천시 교동,중상사고,0,2,0,0,차대사람 - 횡단중,보행자보호의무위반,건조,맑음,교차로 - 교차로횡단보도내,특수,남,45세,상해없음,보행자,남,6세,중상
2019083000100658,2019년 8월 30일 19시,금요일,강원도 동해시 부곡동,경상사고,0,0,1,0,차대차 - 기타,안전운전불이행,건조,흐림,단일로 - 기타,이륜,남,17세,경상,승용,남,57세,상해없음
2019083000100742,2019년 8월 30일 21시,금요일,강원도 원주시 단구동,경상사고,0,0,1,0,차대차 - 측면충돌,안전운전불이행,건조,맑음,교차로 - 교차로부근,기타불명,기타불명,미분류,기타불명,승용,여,41세,경상
2019083000100810,2019년 8월 30일 23시,금요일,강원도 원주시 호저면,경상사고,0,0,1,0,차대차 - 추돌,안전운전불이행,건조,맑음,단일로 - 기타,승용,남,39세,상해없음,승용,남,33세,경상
2019083100100062,2019년 8월 31일 01시,토요일,강원도 춘천시 동내면,중상사고,0,1,1,0,차대차 - 측면충돌,안전운전불이행,건조,맑음,교차로 - 교차로안,승용,남,49세,경상,승용,남,59세,중상
2019083100100063,2019년 8월 31일 01시,토요일,강원도 삼척시 근덕면,경상사고,0,0,1,0,차량단독 - 공작물충돌,안전운전불이행,건조,맑음,단일로 - 지하차도(도로)내,승용,여,50세,경상,,,,
2019083100100099,2019년 8월 31일 03시,토요일,강원도 원주시 단계동,경상사고,0,0,2,0,차대차 - 추돌,안전거리미확보,건조,맑음,교차로 - 교차로부근,승용,남,33세,상해없음,승용,남,41세,경상
2019083100100119,2019년 8월 31일 05시,토요일,강원도 삼척시 정상동,경상사고,0,0,4,0,차대차 - 측면충돌,안전거리미확보,건조,맑음,단일로 - 지하차도(도로)내,화물,남,69세,상해없음,승용,남,57세,경상
2019083100100186,2019년 8월 31일 08시,토요일,강원도 삼척시 도계읍,경상사고,0,0,1,0,차대차 - 측면충돌,중앙선침범,건조,맑음,단일로 - 지하차도(도로)내,승용,남,34세,상해없음,승용,여,50세,경상
2019083100100219,2019년 8월 31일 09시,토요일,강원도 횡성군 공근면,중상사고,0,1,0,0,차대차 - 측면충돌,안전운전불이행,건조,맑음,교차로 - 교차로안,화물,남,66세,상해없음,화물,남,38세,중상
2019083100100220,2019년 8월 31일 09시,토요일,강원도 철원군 김화읍,경상사고,0,0,2,0,차대차 - 정면충돌,중앙선침범,건조,맑음,기타 - 기타,승용,여,35세,상해없음,승용,남,23세,경상
2019083100100263,2019년 8월 31일 10시,토요일,강원도 원주시 지정면,경상사고,0,0,2,0,차대차 - 측면충돌,직진우회전진행방해,건조,맑음,교차로 - 교차로안,승용,여,39세,상해없음,승용,여,64세,경상
2019083100100264,2019년 8월 31일 10시,토요일,강원도 원주시 학성동,경상사고,0,0,1,0,차대사람 - 횡단중,안전운전불이행,건조,맑음,단일로 - 기타,승용,남,54세,상해없음,보행자,여,68세,경상
2019083100100265,2019년 8월 31일 10시,토요일,강원도 삼척시 근덕면,중상사고,0,1,1,0,차대차 - 정면충돌,중앙선침범,건조,맑음,단일로 - 기타,이륜,남,29세,중상,승용,남,66세,상해없음
2019083100100266,2019년 8월 31일 10시,토요일,강원도 정선군 여량면,경상사고,0,0,3,0,차대차 - 측면충돌,신호위반,건조,맑음,교차로 - 교차로안,승용,남,51세,상해없음,승용,남,61세,경상
2019083100100300,2019년 8월 31일 11시,토요일,강원도 원주시 단계동,경상사고,0,0,4,0,차대차 - 측면충돌,안전거리미확보,건조,맑음,교차로 - 교차로안,승용,남,49세,경상,승용,여,47세,경상
2019083100100301,2019년 8월 31일 11시,토요일,강원도 동해시 천곡동,중상사고,0,1,1,0,차대차 - 기타,안전운전불이행,건조,맑음,단일로 - 기타,승용,여,70세,상해없음,승용,여,60세,경상
2019083100100330,2019년 8월 31일 12시,토요일,강원도 춘천시 효자동,중상사고,0,1,0,0,차대사람 - 보도통행중,안전운전불이행,건조,맑음,단일로 - 기타,개인형이동수단(PM),남,24세,상해없음,보행자,여,79세,중상
2019083100100331,2019년 8월 31일 12시,토요일,강원도 춘천시 온의동,경상사고,0,0,1,0,차대차 - 기타,교차로운행방법위반,건조,맑음,교차로 - 교차로안,승용,여,32세,상해없음,승용,여,29세,경상
2019083100100379,2019년 8월 31일 13시,토요일,강원도 강릉시 교동,경상사고,0,0,1,0,차대차 - 후진중충돌,안전운전불이행,건조,맑음,단일로 - 기타,승용,남,36세,상해없음,승용,여,49세,경상
2019083100100380,2019년 8월 31일 13시,토요일,강원도 속초시 교동,중상사고,0,1,0,0,차대차 - 측면충돌,안전운전불이행,건조,맑음,주차장 - 주차장,승용,여,53세,상해없음,화물,남,45세,중상
2019083100100381,2019년 8월 31일 13시,토요일,강원도 동해시 효가동,경상사고,0,0,1,0,차대차 - 측면충돌,신호위반,건조,맑음,교차로 - 교차로안,승용,남,59세,상해없음,승용,여,52세,경상
2019083100100422,2019년 8월 31일 14시,토요일,강원도 춘천시 소양로1가,부상신고사고,0,0,0,1,차대차 - 측면충돌,안전거리미확보,건조,맑음,교차로 - 교차로부근,화물,남,52세,상해없음,승용,남,45세,부상신고
2019083100100458,2019년 8월 31일 15시,토요일,강원도 원주시 무실동,부상신고사고,0,0,0,1,차대차 - 측면충돌,안전운전불이행,건조,맑음,단일로 - 기타,승용,남,29세,상해없음,이륜,남,57세,부상신고
2019083100100459,2019년 8월 31일 15시,토요일,강원도 삼척시 남양동,경상사고,0,0,1,0,차대차 - 측면충돌,안전운전불이행,건조,맑음,교차로 - 교차로부근,승용,여,62세,상해없음,자전거,여,30세,경상
2019083100100460,2019년 8월 31일 15시,토요일,강원도 삼척시 가곡면,중상사고,0,1,1,0,차대차 - 정면충돌,중앙선침범,건조,맑음,단일로 - 기타,승용,남,81세,중상,화물,남,33세,경상
2019083100100495,2019년 8월 31일 16시,토요일,강원도 원주시 반곡동,경상사고,0,0,1,0,차대차 - 기타,안전거리미확보,건조,맑음,교차로 - 교차로부근,승합,여,44세,상해없음,승용,남,22세,경상
2019083100100496,2019년 8월 31일 16시,토요일,강원도 강릉시 성산면,경상사고,0,0,4,0,차대차 - 추돌,안전거리미확보,건조,맑음,단일로 - 기타,승합,남,67세,상해없음,승용,남,26세,경상
2019083100100543,2019년 8월 31일 17시,토요일,강원도 강릉시 연곡면,경상사고,0,0,1,0,차대차 - 기타,기타,건조,맑음,단일로 - 기타,기타불명,기타불명,미분류,기타불명,이륜,남,55세,경상
2019083100100544,2019년 8월 31일 17시,토요일,강원도 홍천군 남면,사망사고,1,0,0,0,차대사람 - 기타,안전운전불이행,건조,맑음,단일로 - 기타,승용,남,65세,상해없음,보행자,남,60세,사망
2019083100100625,2019년 8월 31일 19시,토요일,강원도 춘천시 동내면,경상사고,0,0,4,0,차대차 - 기타,안전운전불이행,건조,맑음,교차로 - 교차로부근,승용,남,21세,상해없음,승용,남,36세,경상
2019083100100626,2019년 8월 31일 19시,토요일,강원도 원주시 명륜동,중상사고,0,1,0,0,차대차 - 측면충돌,안전운전불이행,건조,맑음,교차로 - 교차로부근,승용,남,67세,상해없음,자전거,남,35세,중상
2019083100100627,2019년 8월 31일 19시,토요일,강원도 양양군 양양읍,경상사고,0,0,1,0,차대차 - 측면충돌,교차로운행방법위반,건조,맑음,교차로 - 교차로부근,승합,남,61세,상해없음,승용,여,58세,상해없음
2019083100100703,2019년 8월 31일 21시,토요일,강원도 원주시 단계동,경상사고,0,0,1,0,차대사람 - 횡단중,안전운전불이행,건조,맑음,교차로 - 교차로안,화물,남,58세,상해없음,보행자,남,64세,경상
2019083100100704,2019년 8월 31일 21시,토요일,강원도 속초시 노학동,중상사고,0,1,1,0,차대차 - 추돌,안전운전불이행,건조,흐림,교차로 - 교차로부근,승용,남,35세,상해없음,승용,남,29세,중상
2019083100100720,2019년 8월 31일 22시,토요일,강원도 원주시 단구동,중상사고,0,3,4,0,차대차 - 추돌,안전운전불이행,건조,맑음,단일로 - 기타,화물,남,50세,상해없음,승합,남,54세,중상
2019083100100744,2019년 8월 31일 23시,토요일,강원도 동해시 천곡동,경상사고,0,0,2,0,차대차 - 추돌,안전운전불이행,건조,흐림,단일로 - 지하차도(도로)내,승용,남,32세,상해없음,승용,남,59세,경상
2019090100100093,2019년 9월 1일 05시,일요일,강원도 인제군 상남면,경상사고,0,0,3,0,차대차 - 정면충돌,기타,건조,맑음,단일로 - 기타,화물,여,47세,상해없음,승용,남,68세,경상
2019090100100195,2019년 9월 1일 12시,일요일,강원도 강릉시 교동,중상사고,0,1,0,0,차대차 - 추돌,안전운전불이행,건조,맑음,단일로 - 기타,승용,남,76세,상해없음,승합,남,48세,상해없음
2019090100100219,2019년 9월 1일 13시,일요일,강원도 춘천시 효자동,경상사고,0,0,1,0,차대차 - 측면충돌,신호위반,건조,맑음,단일로 - 기타,승용,남,41세,상해없음,원동기,여,21세,경상
2019090100100220,2019년 9월 1일 13시,일요일,강원도 삼척시 근덕면,경상사고,0,0,1,0,차대차 - 정면충돌,직진우회전진행방해,건조,맑음,교차로 - 교차로안,승용,남,61세,상해없음,승용,남,56세,경상
2019090100100221,2019년 9월 1일 13시,일요일,강원도 횡성군 횡성읍,경상사고,0,0,1,0,차대차 - 기타,안전거리미확보,건조,맑음,단일로 - 교량,이륜,남,37세,경상,승용,남,59세,상해없음
2019090100100258,2019년 9월 1일 14시,일요일,강원도 철원군 갈말읍,경상사고,0,0,1,0,차대차 - 측면충돌,중앙선침범,건조,맑음,단일로 - 기타,승용,남,42세,상해없음,승용,여,24세,경상
2019090100100319,2019년 9월 1일 16시,일요일,강원도 춘천시 효자동,중상사고,0,1,1,0,차대차 - 추돌,안전거리미확보,건조,맑음,단일로 - 기타,승합,남,61세,기타불명,승용,남,66세,경상
2019090100100320,2019년 9월 1일 16시,일요일,강원도 횡성군 둔내면,중상사고,0,1,0,0,차대차 - 측면충돌,안전운전불이행,건조,맑음,교차로 - 교차로안,승용,남,22세,상해없음,승용,여,56세,중상
2019090100100321,2019년 9월 1일 16시,일요일,강원도 강릉시 강동면,경상사고,0,0,3,0,차대차 - 기타,안전운전불이행,건조,맑음,단일로 - 기타,승용,남,60세,상해없음,승용,여,37세,경상
2019090100100348,2019년 9월 1일 17시,일요일,강원도 강릉시 주문진읍,경상사고,0,0,1,0,차대차 - 측면충돌,안전운전불이행,건조,맑음,교차로 - 교차로부근,승용,여,61세,상해없음,승용,남,74세,경상
2019090100100349,2019년 9월 1일 17시,일요일,강원도 원주시 단구동,경상사고,0,0,1,0,차대차 - 추돌,교차로운행방법위반,건조,맑음,교차로 - 교차로안,승용,남,36세,상해없음,이륜,남,34세,경상
2019090100100350,2019년 9월 1일 17시,일요일,강원도 홍천군 화촌면,경상사고,0,0,1,0,차대차 - 추돌,안전운전불이행,건조,맑음,단일로 - 기타,승용,여,48세,상해없음,승용,여,34세,경상
2019090100100384,2019년 9월 1일 18시,일요일,강원도 원주시 명륜동,경상사고,0,0,1,0,차대사람 - 횡단중,보행자보호의무위반,건조,맑음,단일로 - 기타,승용,여,32세,기타불명,보행자,남,58세,경상
2019090100100416,2019년 9월 1일 19시,일요일,강원도 춘천시 동내면,중상사고,0,1,0,0,차대사람 - 횡단중,안전운전불이행,건조,맑음,교차로 - 교차로부근,승용,여,36세,상해없음,보행자,남,67세,중상
2019090100100460,2019년 9월 1일 20시,일요일,강원도 춘천시 효자동,경상사고,0,0,1,0,차대차 - 측면충돌,안전운전불이행,건조,맑음,교차로 - 교차로안,승용,여,21세,상해없음,이륜,남,18세,경상
2019090100100461,2019년 9월 1일 20시,일요일,강원도 태백시 황지동,경상사고,0,0,1,0,차대사람 - 횡단중,보행자보호의무위반,건조,맑음,교차로 - 교차로안,승용,남,38세,상해없음,보행자,남,51세,경상
2019090100100502,2019년 9월 1일 22시,일요일,강원도 삼척시 마달동,경상사고,0,0,1,0,차대차 - 정면충돌,안전운전불이행,건조,맑음,단일로 - 기타,승용,여,52세,상해없음,이륜,남,40세,경상
2019090200100051,2019년 9월 2일 03시,월요일,강원도 원주시 일산동,경상사고,0,0,2,0,차대차 - 추돌,안전거리미확보,건조,맑음,교차로 - 교차로부근,승용,남,30세,상해없음,승용,남,49세,경상
2019090200100074,2019년 9월 2일 06시,월요일,강원도 춘천시 퇴계동,경상사고,0,0,1,0,차대차 - 추돌,안전운전불이행,건조,맑음,교차로 - 교차로부근,승용,남,27세,상해없음,승용,여,55세,경상
2019090200100137,2019년 9월 2일 08시,월요일,강원도 춘천시 효자동,경상사고,0,0,2,0,차대차 - 기타,안전운전불이행,건조,맑음,교차로 - 교차로안,승용,여,55세,상해없음,승용,여,48세,경상
2019090200100138,2019년 9월 2일 08시,월요일,강원도 원주시 문막읍,경상사고,0,0,2,0,차대차 - 측면충돌,안전운전불이행,건조,맑음,교차로 - 교차로안,승용,남,48세,상해없음,자전거,남,14세,경상
2019090200100139,2019년 9월 2일 08시,월요일,강원도 삼척시 교동,경상사고,0,0,1,0,차대사람 - 횡단중,보행자보호의무위반,젖음/습기,비,교차로 - 교차로안,승용,남,61세,상해없음,보행자,남,8세,경상
2019090200100140,2019년 9월 2일 08시,월요일,강원도 평창군 진부면,부상신고사고,0,0,0,1,차대차 - 기타,안전운전불이행,건조,맑음,교차로 - 교차로부근,기타불명,기타불명,미분류,기타불명,자전거,남,9세,부상신고
2019090200100229,2019년 9월 2일 10시,월요일,강원도 강릉시 포남동,경상사고,0,0,1,0,차대차 - 측면충돌,안전운전불이행,건조,맑음,단일로 - 기타,승용,여,31세,기타불명,화물,남,61세,경상
2019090200100230,2019년 9월 2일 10시,월요일,강원도 원주시 문막읍,중상사고,0,1,0,0,차대사람 - 횡단중,안전운전불이행,건조,맑음,교차로 - 교차로안,화물,남,60세,상해없음,보행자,남,83세,중상
2019090200100303,2019년 9월 2일 12시,월요일,강원도 춘천시 후평동,경상사고,0,0,1,0,차대차 - 측면충돌,교차로운행방법위반,건조,맑음,교차로 - 교차로안,승용,남,70세,상해없음,승용,남,81세,경상
2019090200100338,2019년 9월 2일 13시,월요일,강원도 화천군 화천읍,사망사고,1,1,0,0,차량단독 - 공작물충돌,안전운전불이행,건조,맑음,단일로 - 기타,승용,남,73세,상해없음,,,,
2019090200100339,2019년 9월 2일 13시,월요일,강원도 정선군 남면,경상사고,0,0,1,0,차대차 - 측면충돌,중앙선침범,건조,맑음,단일로 - 기타,승용,여,63세,상해없음,화물,남,44세,경상
2019090200100340,2019년 9월 2일 13시,월요일,강원도 동해시 천곡동,사망사고,1,0,0,0,차량단독 - 기타,안전운전불이행,건조,맑음,단일로 - 기타,승용,여,53세,상해없음,,,,
2019090200100380,2019년 9월 2일 14시,월요일,강원도 원주시 중앙동,경상사고,0,0,1,0,차대차 - 측면충돌,안전운전불이행,건조,맑음,교차로 - 교차로안,승용,여,42세,상해없음,승용,남,48세,경상
2019090200100381,2019년 9월 2일 14시,월요일,강원도 태백시 장성동,경상사고,0,0,1,0,차대차 - 측면충돌,교차로운행방법위반,건조,맑음,교차로 - 교차로안,승용,남,50세,상해없음,원동기,남,60세,경상
2019090200100451,2019년 9월 2일 16시,월요일,강원도 화천군 사내면,중상사고,0,1,1,0,차대사람 - 길가장자리구역통행중,안전운전불이행,건조,맑음,단일로 - 기타,이륜,남,29세,상해없음,보행자,남,28세,중상
2019090200100525,2019년 9월 2일 18시,월요일,강원도 춘천시 석사동,경상사고,0,0,1,0,차대차 - 측면충돌,안전거리미확보,건조,맑음,단일로 - 기타,승용,여,57세,상해없음,승용,여,65세,경상
2019090200100526,2019년 9월 2일 18시,월요일,강원도 춘천시 효자동,경상사고,0,0,1,0,차대차 - 측면충돌,안전운전불이행,건조,맑음,교차로 - 교차로안,승용,남,77세,상해없음,승용,여,35세,경상
2019090200100527,2019년 9월 2일 18시,월요일,강원도 원주시 반곡동,경상사고,0,0,1,0,차대차 - 추돌,안전거리미확보,건조,맑음,교차로 - 교차로안,승용,여,47세,상해없음,승용,남,38세,경상
2019090200100528,2019년 9월 2일 18시,월요일,강원도 홍천군 홍천읍,경상사고,0,0,1,0,차대사람 - 횡단중,안전운전불이행,건조,맑음,교차로 - 교차로부근,승용,남,53세,상해없음,보행자,여,18세,경상
2019090200100529,2019년 9월 2일 18시,월요일,강원도 철원군 서면,경상사고,0,0,2,0,차대차 - 측면충돌,직진우회전진행방해,건조,맑음,교차로 - 교차로안,승용,여,20세,경상,승용,남,69세,경상
2019090200100582,2019년 9월 2일 19시,월요일,강원도 강릉시 노암동,중상사고,0,1,0,0,차대차 - 측면충돌,안전운전불이행,건조,맑음,단일로 - 기타,승용,남,53세,상해없음,원동기,남,33세,중상
2019090200100583,2019년 9월 2일 19시,월요일,강원도 원주시 반곡동,경상사고,0,0,1,0,차대차 - 측면충돌,교차로운행방법위반,건조,맑음,교차로 - 교차로안,승합,남,58세,기타불명,승합,여,47세,경상
2019090300100050,2019년 9월 3일 02시,화요일,강원도 원주시 단구동,경상사고,0,0,2,0,차대차 - 추돌,안전운전불이행,젖음/습기,비,교차로 - 교차로부근,승용,남,56세,상해없음,승용,여,26세,경상
2019090300100139,2019년 9월 3일 08시,화요일,강원도 춘천시 효자동,경상사고,0,0,2,0,차대차 - 측면충돌,교차로운행방법위반,건조,맑음,교차로 - 교차로안,승용,여,44세,경상,승용,여,32세,경상
2019090300100140,2019년 9월 3일 08시,화요일,강원도 태백시 황지동,경상사고,0,0,1,0,차대차 - 측면충돌,교차로운행방법위반,젖음/습기,비,교차로 - 교차로안,승용,여,44세,상해없음,승용,여,42세,경상
2019090300100141,2019년 9월 3일 08시,화요일,강원도 철원군 갈말읍,경상사고,0,0,3,0,차대차 - 후진중충돌,안전운전불이행,건조,맑음,주차장 - 주차장,승용,여,51세,상해없음,승용,여,46세,경상
2019090300100232,2019년 9월 3일 11시,화요일,강원도 홍천군 동면,중상사고,0,1,1,0,차대차 - 측면충돌,안전운전불이행,건조,맑음,단일로 - 기타,승용,남,32세,경상,승용,남,31세,중상
2019090300100233,2019년 9월 3일 11시,화요일,강원도 횡성군 안흥면,중상사고,0,1,0,0,차대사람 - 기타,안전운전불이행,젖음/습기,비,단일로 - 기타,승용,남,64세,상해없음,보행자,남,90세 이상,중상
2019090300100234,2019년 9월 3일 11시,화요일,강원도 동해시 천곡동,경상사고,0,0,1,0,차대차 - 측면충돌,직진우회전진행방해,건조,맑음,교차로 - 교차로안,승용,남,64세,상해없음,승용,여,45세,경상
2019090300100271,2019년 9월 3일 12시,화요일,강원도 삼척시 마달동,경상사고,0,0,1,0,차대차 - 추돌,안전거리미확보,젖음/습기,비,교차로 - 교차로안,승용,남,45세,상해없음,승용,남,60세,경상
2019090300100304,2019년 9월 3일 13시,화요일,강원도 홍천군 화촌면,경상사고,0,0,2,0,차대차 - 추돌,안전운전불이행,건조,맑음,교차로 - 교차로부근,승용,남,58세,상해없음,승용,남,40세,경상
2019090300100380,2019년 9월 3일 15시,화요일,강원도 춘천시 신동면,부상신고사고,0,0,0,1,차량단독 - 기타,안전운전불이행,건조,맑음,단일로 - 기타,승합,남,46세,상해없음,,,,
2019090300100381,2019년 9월 3일 15시,화요일,강원도 원주시 단계동,경상사고,0,0,1,0,차대차 - 측면충돌,교차로운행방법위반,건조,맑음,교차로 - 교차로안,승용,남,48세,상해없음,승용,남,23세,경상
2019090300100423,2019년 9월 3일 16시,화요일,강원도 홍천군 내면,경상사고,0,0,2,0,차대차 - 추돌,안전운전불이행,젖음/습기,비,단일로 - 기타,화물,남,63세,상해없음,승용,여,59세,경상
2019090300100424,2019년 9월 3일 16시,화요일,강원도 동해시 대구동,경상사고,0,0,1,0,차대차 - 추돌,안전거리미확보,젖음/습기,비,교차로 - 교차로부근,화물,남,36세,상해없음,화물,남,62세,경상
2019090300100470,2019년 9월 3일 17시,화요일,강원도 원주시 명륜동,경상사고,0,0,1,0,차대차 - 측면충돌,안전운전불이행,건조,기타,교차로 - 교차로부근,승용,남,51세,기타불명,승용,남,29세,경상
2019090300100471,2019년 9월 3일 17시,화요일,강원도 원주시 명륜동,경상사고,0,0,5,0,차대차 - 추돌,안전거리미확보,건조,맑음,단일로 - 기타,승용,남,73세,경상,승용,여,48세,경상
2019090300100472,2019년 9월 3일 17시,화요일,강원도 속초시 조양동,경상사고,0,0,1,0,차대차 - 측면충돌,안전운전불이행,건조,맑음,기타 - 기타,승용,여,76세,상해없음,화물,남,51세,경상
2019090300100473,2019년 9월 3일 17시,화요일,강원도 양양군 손양면,중상사고,0,1,0,0,차량단독 - 공작물충돌,안전운전불이행,젖음/습기,비,단일로 - 고가도로위,승용,남,35세,중상,,,,
2019090300100474,2019년 9월 3일 17시,화요일,강원도 홍천군 홍천읍,경상사고,0,0,2,0,차대차 - 측면충돌,교차로운행방법위반,젖음/습기,비,교차로 - 교차로안,승용,여,56세,경상,승용,여,44세,경상
2019090300100520,2019년 9월 3일 18시,화요일,강원도 춘천시 후평동,경상사고,0,0,1,0,차대차 - 기타,교차로운행방법위반,건조,맑음,교차로 - 교차로안,승용,남,38세,상해없음,승용,여,49세,경상
2019090300100521,2019년 9월 3일 18시,화요일,강원도 원주시 흥업면,중상사고,0,1,0,0,차대차 - 측면충돌,신호위반,건조,맑음,교차로 - 교차로안,이륜,남,61세,중상,승용,여,29세,상해없음
2019090300100581,2019년 9월 3일 19시,화요일,강원도 춘천시 후평동,경상사고,0,0,4,0,차대차 - 정면충돌,신호위반,젖음/습기,비,교차로 - 교차로안,승용,남,55세,상해없음,승용,남,45세,경상
2019090300100582,2019년 9월 3일 19시,화요일,강원도 춘천시 교동,경상사고,0,0,2,0,차대사람 - 횡단중,보행자보호의무위반,젖음/습기,비,단일로 - 기타,승용,남,30세,상해없음,보행자,여,21세,경상
2019090300100583,2019년 9월 3일 19시,화요일,강원도 춘천시 석사동,경상사고,0,0,1,1,차대차 - 추돌,안전운전불이행,젖음/습기,비,교차로 - 교차로부근,승용,여,37세,부상신고,승용,남,48세,경상
2019090300100584,2019년 9월 3일 19시,화요일,강원도 춘천시 석사동,경상사고,0,0,2,0,차대차 - 추돌,안전거리미확보,젖음/습기,비,교차로 - 교차로안,승용,여,43세,상해없음,승용,여,39세,경상
2019090300100585,2019년 9월 3일 19시,화요일,강원도 강릉시 내곡동,경상사고,0,0,6,0,차대차 - 추돌,안전운전불이행,젖음/습기,비,단일로 - 기타,승용,남,30세,상해없음,승용,여,32세,경상
2019090300100586,2019년 9월 3일 19시,화요일,강원도 원주시 평원동,경상사고,0,0,1,0,차대차 - 후진중충돌,안전운전불이행,건조,기타,기타 - 기타,승용,남,48세,상해없음,승용,남,65세,경상
2019090300100643,2019년 9월 3일 20시,화요일,강원도 춘천시 동면,경상사고,0,0,1,0,차대사람 - 횡단중,보행자보호의무위반,젖음/습기,비,교차로 - 교차로부근,승용,남,53세,상해없음,보행자,여,51세,경상
2019090300100644,2019년 9월 3일 20시,화요일,강원도 강릉시 교동,경상사고,0,0,1,0,차대사람 - 횡단중,보행자보호의무위반,젖음/습기,비,교차로 - 교차로안,승용,남,27세,상해없음,보행자,여,21세,경상
2019090300100645,2019년 9월 3일 20시,화요일,강원도 삼척시 남양동,중상사고,0,1,0,0,차대사람 - 횡단중,안전운전불이행,젖음/습기,비,교차로 - 교차로부근,화물,여,62세,상해없음,보행자,남,64세,중상
2019090300100675,2019년 9월 3일 21시,화요일,강원도 춘천시 효자동,경상사고,0,0,1,0,차대차 - 측면충돌,직진우회전진행방해,젖음/습기,비,교차로 - 교차로안,승용,남,59세,상해없음,이륜,남,26세,경상
2019090300100676,2019년 9월 3일 21시,화요일,강원도 춘천시 퇴계동,중상사고,0,1,0,0,차대사람 - 횡단중,안전운전불이행,건조,흐림,단일로 - 기타,승용,남,54세,상해없음,보행자,남,44세,중상
2019090300100697,2019년 9월 3일 22시,화요일,강원도 춘천시 석사동,경상사고,0,0,3,0,차대차 - 추돌,안전거리미확보,젖음/습기,비,교차로 - 교차로부근,이륜,남,44세,기타불명,승용,남,47세,경상
2019090400100129,2019년 9월 4일 08시,수요일,강원도 춘천시 효자동,경상사고,0,0,1,0,차대차 - 기타,차로위반,젖음/습기,비,단일로 - 기타,승용,여,66세,상해없음,승용,여,31세,경상
2019090400100130,2019년 9월 4일 08시,수요일,강원도 원주시 태장동,경상사고,0,0,1,0,차대차 - 추돌,안전운전불이행,건조,맑음,단일로 - 기타,이륜,남,34세,경상,승용,남,56세,상해없음
2019090400100353,2019년 9월 4일 15시,수요일,강원도 춘천시 후평동,경상사고,0,0,1,0,차대사람 - 기타,안전운전불이행,건조,맑음,단일로 - 기타,승합,남,52세,상해없음,보행자,여,23세,경상
2019090400100354,2019년 9월 4일 15시,수요일,강원도 강릉시 사천면,경상사고,0,0,1,0,차대사람 - 기타,안전운전불이행,젖음/습기,비,단일로 - 기타,승용,남,73세,상해없음,보행자,여,55세,경상
2019090400100355,2019년 9월 4일 15시,수요일,강원도 원주시 무실동,경상사고,0,0,1,0,차대차 - 기타,불법유턴,건조,맑음,교차로 - 교차로부근,승용,남,63세,상해없음,이륜,남,31세,경상
2019090400100356,2019년 9월 4일 15시,수요일,강원도 동해시 천곡동,경상사고,0,0,1,0,차대차 - 측면충돌,안전거리미확보,젖음/습기,비,교차로 - 교차로안,화물,남,33세,상해없음,승용,여,63세,경상
2019090400100391,2019년 9월 4일 16시,수요일,강원도 춘천시 석사동,경상사고,0,0,1,0,차대차 - 추돌,안전운전불이행,젖음/습기,비,단일로 - 기타,승용,여,42세,상해없음,승용,여,37세,경상
2019090400100392,2019년 9월 4일 16시,수요일,강원도 원주시 단구동,경상사고,0,0,3,0,차대차 - 측면충돌,안전운전불이행,건조,맑음,주차장 - 주차장,승용,여,69세,상해없음,승용,여,37세,경상