사고번호,사고일시,요일,시군구,사고내용,사망자수,중상자수,경상자수,부상신고자수,사고유형,법규위반,노면상태,기상상태,도로형태,가해운전자 차종,가해운전자 성별,가해운전자 연령,가해운전자 상해정도,피해운전자 차종,피해운전자 성별,피해운전자 연령,피해운전자 상해정도
2019090400100432,2019년 9월 4일 17시,수요일,강원도 춘천시 후평동,경상사고,0,0,1,0,차대차 - 측면충돌,안전운전불이행,건조,맑음,단일로 - 기타,승용,남,61세,상해없음,승용,남,25세,경상
2019090400100586,2019년 9월 4일 20시,수요일,강원도 원주시 개운동,중상사고,0,2,0,0,차대사람 - 횡단중,안전운전불이행,젖음/습기,비,교차로 - 교차로안,화물,남,69세,상해없음,보행자,남,70세,중상
2019090400100620,2019년 9월 4일 21시,수요일,강원도 원주시 관설동,경상사고,0,0,1,0,차대사람 - 횡단중,안전운전불이행,젖음/습기,비,교차로 - 교차로부근,승용,남,60세,상해없음,보행자,여,55세,경상
2019090500100103,2019년 9월 5일 06시,목요일,강원도 원주시 우산동,경상사고,0,0,1,0,차대차 - 추돌,안전운전불이행,건조,맑음,교차로 - 교차로안,승용,여,27세,상해없음,화물,남,69세,경상
2019090500100117,2019년 9월 5일 07시,목요일,강원도 홍천군 홍천읍,중상사고,0,1,0,0,차대사람 - 기타,보행자보호의무위반,젖음/습기,비,교차로 - 교차로횡단보도내,승용,남,82세,상해없음,보행자,여,50세,중상
2019090500100160,2019년 9월 5일 08시,목요일,강원도 춘천시 남산면,경상사고,0,0,5,2,차대차 - 기타,교차로운행방법위반,젖음/습기,비,교차로 - 교차로안,승합,남,56세,경상,승합,남,46세,경상
2019090500100161,2019년 9월 5일 08시,목요일,강원도 강릉시 송정동,부상신고사고,0,0,0,1,차대차 - 정면충돌,안전운전불이행,건조,맑음,교차로 - 교차로부근,승용,남,38세,상해없음,승용,남,20세,부상신고
2019090500100162,2019년 9월 5일 08시,목요일,강원도 삼척시 당저동,경상사고,0,0,2,0,차대차 - 정면충돌,신호위반,건조,맑음,교차로 - 교차로안,원동기,여,61세,경상,승용,여,36세,경상
2019090500100163,2019년 9월 5일 08시,목요일,강원도 태백시 소도동,경상사고,0,0,1,0,차대사람 - 횡단중,보행자보호의무위반,건조,맑음,단일로 - 기타,승용,여,57세,상해없음,보행자,남,7세,경상
2019090500100267,2019년 9월 5일 11시,목요일,강원도 춘천시 효자동,경상사고,0,0,1,0,차대차 - 측면충돌,안전운전불이행,건조,맑음,단일로 - 기타,승용,여,54세,상해없음,이륜,남,24세,경상
2019090500100268,2019년 9월 5일 11시,목요일,강원도 원주시 무실동,경상사고,0,0,1,0,차대차 - 측면충돌,안전운전불이행,건조,맑음,주차장 - 주차장,승용,남,24세,상해없음,승용,남,42세,경상
2019090500100269,2019년 9월 5일 11시,목요일,강원도 속초시 교동,중상사고,0,1,0,0,차대사람 - 횡단중,안전운전불이행,건조,흐림,교차로 - 교차로부근,승용,여,68세,상해없음,보행자,여,77세,중상
2019090500100293,2019년 9월 5일 12시,목요일,강원도 동해시 천곡동,경상사고,0,0,1,0,차대차 - 측면충돌,안전운전불이행,건조,맑음,교차로 - 교차로안,승용,여,42세,상해없음,승용,여,36세,경상
2019090500100322,2019년 9월 5일 13시,목요일,강원도 춘천시 낙원동,경상사고,0,0,1,0,차대차 - 측면충돌,신호위반,건조,맑음,교차로 - 교차로안,승용,남,56세,상해없음,승용,여,58세,경상
2019090500100359,2019년 9월 5일 14시,목요일,강원도 춘천시 후평동,경상사고,0,0,2,0,차대차 - 측면충돌,신호위반,젖음/습기,비,교차로 - 교차로안,화물,남,55세,상해없음,승용,남,37세,경상
2019090500100360,2019년 9월 5일 14시,목요일,강원도 원주시 반곡동,중상사고,0,1,1,0,차대차 - 측면충돌,신호위반,건조,맑음,교차로 - 교차로안,승용,여,52세,상해없음,승합,남,65세,중상
2019090500100361,2019년 9월 5일 14시,목요일,강원도 인제군 기린면,중상사고,0,1,0,0,차대차 - 추돌,안전운전불이행,젖음/습기,비,단일로 - 기타,화물,남,58세,상해없음,승용,남,78세,중상
2019090500100399,2019년 9월 5일 15시,목요일,강원도 횡성군 우천면,중상사고,0,1,0,0,차량단독 - 공작물충돌,안전운전불이행,건조,맑음,주차장 - 주차장,승용,남,25세,상해없음,,,,
2019090500100446,2019년 9월 5일 16시,목요일,강원도 춘천시 석사동,중상사고,0,1,0,0,차대사람 - 횡단중,보행자보호의무위반,젖음/습기,비,단일로 - 기타,화물,남,31세,상해없음,보행자,남,39세,중상
2019090500100447,2019년 9월 5일 16시,목요일,강원도 홍천군 홍천읍,경상사고,0,0,1,0,차대차 - 측면충돌,교차로운행방법위반,젖음/습기,비,교차로 - 교차로안,승용,여,44세,경상,승용,남,65세,상해없음
2019090500100534,2019년 9월 5일 18시,목요일,강원도 춘천시 퇴계동,경상사고,0,0,1,0,차대차 - 측면충돌,안전거리미확보,젖음/습기,맑음,교차로 - 교차로부근,승용,여,29세,상해없음,승용,남,37세,경상
2019090500100535,2019년 9월 5일 18시,목요일,강원도 강릉시 홍제동,중상사고,0,1,0,0,차대차 - 추돌,안전운전불이행,젖음/습기,비,단일로 - 기타,화물,남,77세,상해없음,승용,여,47세,중상
2019090500100536,2019년 9월 5일 18시,목요일,강원도 태백시 황지동,경상사고,0,0,2,0,차대차 - 추돌,안전운전불이행,젖음/습기,비,단일로 - 기타,승합,남,61세,상해없음,승용,남,42세,경상
2019090500100577,2019년 9월 5일 19시,목요일,강원도 춘천시 후평동,경상사고,0,0,1,0,차대사람 - 횡단중,신호위반,건조,맑음,교차로 - 교차로횡단보도내,이륜,남,30세,상해없음,보행자,남,27세,경상
2019090500100578,2019년 9월 5일 19시,목요일,강원도 원주시 학성동,중상사고,0,1,0,0,차대사람 - 기타,신호위반,젖음/습기,비,교차로 - 교차로안,승용,남,55세,상해없음,보행자,여,46세,중상
2019090500100579,2019년 9월 5일 19시,목요일,강원도 영월군 중동면,부상신고사고,0,0,0,1,차량단독 - 공작물충돌,안전운전불이행,젖음/습기,비,단일로 - 지하차도(도로)내,승용,여,30세,부상신고,,,,
2019090500100614,2019년 9월 5일 20시,목요일,강원도 춘천시 퇴계동,경상사고,0,0,1,0,차대사람 - 기타,안전운전불이행,건조,맑음,단일로 - 기타,승용,남,60세,상해없음,보행자,남,28세,경상
2019090500100615,2019년 9월 5일 20시,목요일,강원도 원주시 단계동,경상사고,0,0,2,0,차대차 - 측면충돌,신호위반,젖음/습기,비,교차로 - 교차로안,승용,남,26세,상해없음,승용,여,58세,경상
2019090500100616,2019년 9월 5일 20시,목요일,강원도 동해시 천곡동,경상사고,0,0,1,0,차대차 - 기타,안전운전불이행,젖음/습기,비,교차로 - 교차로안,승용,여,32세,상해없음,승용,남,25세,경상
2019090500100700,2019년 9월 5일 23시,목요일,강원도 춘천시 효자동,경상사고,0,0,1,0,차대차 - 측면충돌,안전운전불이행,건조,맑음,단일로 - 기타,승용,남,19세,상해없음,이륜,남,36세,경상
2019090500100701,2019년 9월 5일 23시,목요일,강원도 원주시 단구동,경상사고,0,0,4,0,차대차 - 기타,안전운전불이행,젖음/습기,맑음,교차로 - 교차로안,승용,남,22세,경상,승용,남,38세,경상
2019090600100030,2019년 9월 6일 00시,금요일,강원도 원주시 소초면,중상사고,0,1,0,0,차대사람 - 차도통행중,안전운전불이행,젖음/습기,비,교차로 - 교차로부근,승용,남,36세,상해없음,보행자,남,36세,중상
2019090600100039,2019년 9월 6일 01시,금요일,강원도 원주시 무실동,경상사고,0,0,1,0,차량단독 - 기타,안전운전불이행,젖음/습기,맑음,교차로 - 교차로부근,승용,남,74세,상해없음,,,,
2019090600100066,2019년 9월 6일 05시,금요일,강원도 춘천시 사농동,경상사고,0,0,1,0,차대차 - 측면충돌,안전운전불이행,건조,맑음,단일로 - 기타,승용,남,58세,상해없음,승용,남,62세,경상
2019090600100090,2019년 9월 6일 07시,금요일,강원도 강릉시 홍제동,중상사고,0,1,0,0,차대사람 - 기타,안전운전불이행,건조,맑음,단일로 - 기타,승합,남,46세,상해없음,보행자,남,88세,중상
2019090600100144,2019년 9월 6일 09시,금요일,강원도 원주시 무실동,경상사고,0,0,2,0,차대차 - 측면충돌,신호위반,건조,맑음,교차로 - 교차로안,승용,여,51세,상해없음,승용,남,66세,경상
2019090600100238,2019년 9월 6일 12시,금요일,강원도 원주시 단계동,경상사고,0,0,1,1,차대차 - 측면충돌,안전운전불이행,건조,맑음,교차로 - 교차로안,승용,남,45세,기타불명,승용,남,61세,경상
2019090600100239,2019년 9월 6일 12시,금요일,강원도 원주시 반곡동,중상사고,0,1,0,0,차대차 - 측면충돌,안전운전불이행,건조,맑음,교차로 - 교차로부근,자전거,여,79세,중상,승용,여,43세,상해없음
2019090600100305,2019년 9월 6일 14시,금요일,강원도 강릉시 교동,경상사고,0,0,1,0,차대차 - 후진중충돌,안전운전불이행,건조,맑음,단일로 - 기타,승용,여,52세,상해없음,승용,남,47세,경상
2019090600100337,2019년 9월 6일 15시,금요일,강원도 강릉시 포남동,경상사고,0,0,2,0,차대차 - 측면충돌,안전운전불이행,젖음/습기,흐림,단일로 - 기타,승용,남,71세,상해없음,승용,남,23세,경상
2019090600100439,2019년 9월 6일 17시,금요일,강원도 춘천시 사농동,중상사고,0,1,0,0,차대차 - 측면충돌,안전운전불이행,건조,맑음,단일로 - 기타,자전거,남,11세,중상,화물,남,31세,상해없음
2019090600100440,2019년 9월 6일 17시,금요일,강원도 원주시 일산동,경상사고,0,0,1,0,차대사람 - 횡단중,안전운전불이행,건조,맑음,교차로 - 교차로횡단보도내,승용,남,71세,상해없음,보행자,남,12세,경상
2019090600100441,2019년 9월 6일 17시,금요일,강원도 원주시 우산동,경상사고,0,0,1,0,차대차 - 기타,불법유턴,건조,맑음,교차로 - 교차로안,화물,남,63세,상해없음,승용,남,50세,경상
2019090600100442,2019년 9월 6일 17시,금요일,강원도 속초시 조양동,경상사고,0,0,1,0,차대차 - 측면충돌,안전운전불이행,건조,흐림,단일로 - 지하차도(도로)내,승용,남,43세,상해없음,이륜,남,27세,경상
2019090600100489,2019년 9월 6일 18시,금요일,강원도 강릉시 강문동,경상사고,0,0,1,0,차대차 - 기타,차로위반,젖음/습기,비,교차로 - 교차로부근,화물,여,36세,상해없음,원동기,남,33세,경상
2019090600100490,2019년 9월 6일 18시,금요일,강원도 원주시 일산동,중상사고,0,1,0,0,차대차 - 측면충돌,안전운전불이행,건조,맑음,교차로 - 교차로안,화물,남,42세,상해없음,이륜,남,64세,중상
2019090600100491,2019년 9월 6일 18시,금요일,강원도 삼척시 정상동,중상사고,0,1,1,0,차대차 - 정면충돌,신호위반,건조,맑음,교차로 - 교차로안,승용,남,66세,상해없음,승용,남,65세,상해없음
2019090600100492,2019년 9월 6일 18시,금요일,강원도 삼척시 남양동,중상사고,0,1,0,0,차대사람 - 기타,안전운전불이행,젖음/습기,흐림,주차장 - 주차장,승용,남,43세,상해없음,보행자,남,54세,중상
2019090600100538,2019년 9월 6일 19시,금요일,강원도 원주시 학성동,경상사고,0,0,1,0,차대차 - 측면충돌,안전운전불이행,건조,맑음,교차로 - 교차로안,승용,여,51세,상해없음,승용,남,43세,경상
2019090600100640,2019년 9월 6일 21시,금요일,강원도 동해시 천곡동,경상사고,0,0,1,0,차대차 - 측면충돌,직진우회전진행방해,건조,맑음,교차로 - 교차로안,승용,남,55세,상해없음,승용,남,63세,상해없음
2019090600100711,2019년 9월 6일 23시,금요일,강원도 원주시 개운동,중상사고,0,1,0,0,차대차 - 측면충돌,신호위반,건조,흐림,교차로 - 교차로안,승용,남,37세,상해없음,이륜,남,16세,중상
2019090600100712,2019년 9월 6일 23시,금요일,강원도 홍천군 북방면,중상사고,0,1,2,0,차대차 - 측면충돌,교차로운행방법위반,건조,맑음,교차로 - 교차로안,승용,남,28세,상해없음,승용,남,61세,중상
2019090700100035,2019년 9월 7일 00시,토요일,강원도 강릉시 옥천동,경상사고,0,0,2,0,차대차 - 추돌,안전운전불이행,건조,맑음,교차로 - 교차로부근,화물,남,58세,상해없음,승용,여,46세,경상
2019090700100107,2019년 9월 7일 04시,토요일,강원도 춘천시 효자동,경상사고,0,0,2,0,차대차 - 측면충돌,교차로운행방법위반,젖음/습기,맑음,교차로 - 교차로안,승용,여,54세,상해없음,승용,남,20세,경상
2019090700100135,2019년 9월 7일 07시,토요일,강원도 원주시 무실동,경상사고,0,0,1,0,차대차 - 측면충돌,안전운전불이행,건조,맑음,기타 - 기타,승용,남,76세,상해없음,승용,남,25세,경상
2019090700100146,2019년 9월 7일 08시,토요일,강원도 춘천시 석사동,경상사고,0,0,2,0,차대차 - 추돌,안전거리미확보,건조,맑음,단일로 - 기타,화물,남,65세,상해없음,승용,남,40세,경상
2019090700100169,2019년 9월 7일 09시,토요일,강원도 춘천시 남산면,중상사고,0,1,0,0,차량단독 - 공작물충돌,안전운전불이행,건조,맑음,단일로 - 기타,사륜오토바이(ATV),남,28세,상해없음,,,,
2019090700100170,2019년 9월 7일 09시,토요일,강원도 삼척시 마달동,중상사고,0,1,0,0,차대사람 - 기타,안전운전불이행,젖음/습기,흐림,주차장 - 주차장,승용,남,45세,상해없음,보행자,남,47세,중상
2019090700100192,2019년 9월 7일 10시,토요일,강원도 춘천시 석사동,경상사고,0,0,1,0,차대차 - 측면충돌,신호위반,건조,맑음,교차로 - 교차로부근,승용,여,32세,상해없음,원동기,남,37세,경상
2019090700100193,2019년 9월 7일 10시,토요일,강원도 원주시 개운동,경상사고,0,0,1,0,차대차 - 추돌,안전거리미확보,건조,맑음,교차로 - 교차로부근,승용,남,47세,상해없음,이륜,남,62세,경상
2019090700100194,2019년 9월 7일 10시,토요일,강원도 춘천시 동산면,경상사고,0,0,1,0,차대차 - 추돌,안전거리미확보,건조,맑음,단일로 - 기타,화물,남,63세,상해없음,승용,여,38세,경상
2019090700100226,2019년 9월 7일 11시,토요일,강원도 원주시 우산동,경상사고,0,0,1,0,차대차 - 측면충돌,교차로운행방법위반,건조,맑음,교차로 - 교차로안,승용,여,54세,기타불명,승용,남,43세,경상
2019090700100227,2019년 9월 7일 11시,토요일,강원도 양양군 양양읍,중상사고,0,1,1,0,차대차 - 측면충돌,교차로운행방법위반,젖음/습기,흐림,교차로 - 교차로안,승용,남,50세,상해없음,승용,남,49세,중상
2019090700100287,2019년 9월 7일 13시,토요일,강원도 강릉시 홍제동,경상사고,0,0,1,0,차대차 - 측면충돌,신호위반,건조,맑음,교차로 - 교차로안,승용,남,29세,상해없음,승합,남,53세,경상
2019090700100316,2019년 9월 7일 15시,토요일,강원도 원주시 귀래면,사망사고,1,2,2,0,차대차 - 측면충돌,중앙선침범,건조,맑음,단일로 - 기타,승용,남,52세,사망,승합,남,56세,경상
2019090700100336,2019년 9월 7일 16시,토요일,강원도 홍천군 홍천읍,경상사고,0,0,3,0,차대차 - 측면충돌,교차로운행방법위반,젖음/습기,비,교차로 - 교차로안,승용,여,34세,경상,승용,여,45세,경상
2019090700100368,2019년 9월 7일 17시,토요일,강원도 원주시 단계동,경상사고,0,0,4,0,차대차 - 추돌,교차로운행방법위반,건조,맑음,교차로 - 교차로안,승합,남,63세,경상,화물,남,52세,경상
2019090700100369,2019년 9월 7일 17시,토요일,강원도 삼척시 남양동,경상사고,0,0,1,0,차대사람 - 기타,안전운전불이행,건조,맑음,단일로 - 지하차도(도로)내,승용,여,35세,상해없음,보행자,여,50세,경상
2019090700100370,2019년 9월 7일 17시,토요일,강원도 홍천군 홍천읍,경상사고,0,0,1,0,차대사람 - 횡단중,보행자보호의무위반,건조,맑음,교차로 - 교차로횡단보도내,화물,남,22세,상해없음,보행자,여,77세,경상
2019090700100446,2019년 9월 7일 20시,토요일,강원도 춘천시 동내면,경상사고,0,0,2,0,차대차 - 정면충돌,중앙선침범,건조,맑음,단일로 - 기타,승용,남,24세,상해없음,승용,남,60세,경상
2019090700100467,2019년 9월 7일 21시,토요일,강원도 속초시 동명동,중상사고,0,1,4,0,차대차 - 측면충돌,직진우회전진행방해,건조,흐림,교차로 - 교차로안,승용,남,52세,상해없음,승용,남,49세,중상
2019090800100048,2019년 9월 8일 02시,일요일,강원도 춘천시 석사동,경상사고,0,0,1,0,차대차 - 측면충돌,직진우회전진행방해,젖음/습기,흐림,교차로 - 교차로안,승용,남,31세,상해없음,승용,남,66세,경상
2019090800100053,2019년 9월 8일 03시,일요일,강원도 춘천시 효자동,사망사고,1,0,0,0,차량단독 - 공작물충돌,안전운전불이행,젖음/습기,흐림,단일로 - 기타,승용,남,32세,사망,,,,
2019090800100071,2019년 9월 8일 05시,일요일,강원도 원주시 개운동,경상사고,0,0,1,0,차대사람 - 길가장자리구역통행중,안전운전불이행,건조,기타,기타 - 기타,승용,남,90세 이상,상해없음,보행자,여,39세,경상
2019090800100096,2019년 9월 8일 08시,일요일,강원도 철원군 동송읍,경상사고,0,0,2,0,차대차 - 측면충돌,교차로운행방법위반,건조,맑음,교차로 - 교차로안,승용,여,72세,상해없음,화물,남,61세,경상
2019090800100110,2019년 9월 8일 09시,일요일,강원도 원주시 중앙동,경상사고,0,0,1,0,차대차 - 측면충돌,신호위반,건조,맑음,교차로 - 교차로안,승용,여,36세,상해없음,화물,남,70세,경상
2019090800100127,2019년 9월 8일 10시,일요일,강원도 춘천시 석사동,경상사고,0,0,1,0,차대차 - 추돌,안전운전불이행,건조,맑음,교차로 - 교차로안,승합,남,36세,상해없음,승용,여,46세,경상
2019090800100128,2019년 9월 8일 10시,일요일,강원도 양양군 강현면,경상사고,0,0,1,0,차대차 - 측면충돌,직진우회전진행방해,건조,맑음,교차로 - 교차로안,승용,남,52세,상해없음,화물,남,63세,경상
2019090800100129,2019년 9월 8일 10시,일요일,강원도 평창군 미탄면,경상사고,0,0,1,0,차대차 - 기타,안전운전불이행,건조,맑음,단일로 - 기타,승용,여,53세,상해없음,이륜,남,38세,경상
2019090800100156,2019년 9월 8일 11시,일요일,강원도 원주시 흥업면,경상사고,0,0,1,0,차대차 - 추돌,안전거리미확보,건조,맑음,교차로 - 교차로안,화물,남,59세,상해없음,승용,여,47세,경상
2019090800100186,2019년 9월 8일 12시,일요일,강원도 춘천시 요선동,경상사고,0,0,1,0,차대차 - 측면충돌,안전운전불이행,건조,맑음,단일로 - 기타,화물,남,46세,상해없음,승용,여,30세,경상
2019090800100187,2019년 9월 8일 12시,일요일,강원도 강릉시 사천면,경상사고,0,0,3,0,차대차 - 추돌,안전운전불이행,건조,맑음,단일로 - 기타,승용,여,25세,상해없음,승용,여,39세,경상
2019090800100212,2019년 9월 8일 13시,일요일,강원도 원주시 지정면,중상사고,0,1,0,0,차대차 - 측면충돌,안전거리미확보,건조,맑음,교차로 - 교차로부근,승용,남,30세,상해없음,이륜,남,36세,중상
2019090800100213,2019년 9월 8일 13시,일요일,강원도 홍천군 홍천읍,중상사고,0,1,0,0,차대차 - 측면충돌,안전운전불이행,건조,맑음,교차로 - 교차로안,화물,남,25세,상해없음,이륜,남,44세,중상
2019090800100214,2019년 9월 8일 13시,일요일,강원도 정선군 고한읍,중상사고,0,1,0,0,차대사람 - 차도통행중,안전운전불이행,건조,맑음,단일로 - 기타,승용,남,64세,상해없음,보행자,여,57세,중상
2019090800100246,2019년 9월 8일 14시,일요일,강원도 원주시 무실동,경상사고,0,0,2,0,차대차 - 정면충돌,안전거리미확보,건조,맑음,단일로 - 기타,승용,여,23세,상해없음,승용,남,69세,경상
2019090800100316,2019년 9월 8일 16시,일요일,강원도 인제군 기린면,중상사고,0,1,0,0,차대사람 - 기타,안전운전불이행,건조,흐림,단일로 - 기타,건설기계,남,53세,상해없음,보행자,남,55세,중상
2019090800100317,2019년 9월 8일 16시,일요일,강원도 인제군 기린면,경상사고,0,0,1,0,차대차 - 기타,기타,건조,맑음,단일로 - 기타,승용,남,80세,상해없음,화물,남,46세,상해없음
2019090800100389,2019년 9월 8일 18시,일요일,강원도 원주시 관설동,중상사고,0,1,0,0,차대차 - 측면충돌,안전운전불이행,건조,맑음,교차로 - 교차로안,화물,남,22세,상해없음,이륜,남,53세,중상
2019090800100390,2019년 9월 8일 18시,일요일,강원도 속초시 노학동,중상사고,0,2,1,0,차대차 - 측면충돌,교차로운행방법위반,건조,맑음,교차로 - 교차로안,화물,남,62세,상해없음,승용,남,22세,중상
2019090800100483,2019년 9월 8일 21시,일요일,강원도 강릉시 회산동,경상사고,0,0,1,0,차대차 - 측면충돌,안전운전불이행,건조,맑음,교차로 - 교차로안,승용,남,63세,상해없음,자전거,남,28세,경상
2019090800100523,2019년 9월 8일 23시,일요일,강원도 철원군 근남면,부상신고사고,0,0,0,1,차량단독 - 전도전복 - 전도,안전운전불이행,건조,맑음,단일로 - 기타,자전거,남,22세,부상신고,,,,
2019090900100054,2019년 9월 9일 04시,월요일,강원도 강릉시 교동,중상사고,0,1,0,0,차대차 - 측면충돌,안전운전불이행,건조,맑음,단일로 - 기타,승용,남,20세,상해없음,이륜,남,35세,중상
2019090900100080,2019년 9월 9일 06시,월요일,강원도 강릉시 성남동,경상사고,0,0,1,0,차대사람 - 차도통행중,안전운전불이행,건조,맑음,단일로 - 기타,승용,여,69세,상해없음,보행자,여,69세,경상
2019090900100081,2019년 9월 9일 06시,월요일,강원도 평창군 대관령면,사망사고,1,0,0,0,차량단독 - 전도전복 - 전복,안전운전불이행,젖음/습기,흐림,단일로 - 기타,승용,남,70세,사망,,,,
2019090900100106,2019년 9월 9일 07시,월요일,강원도 원주시 지정면,경상사고,0,0,2,0,차대차 - 추돌,안전운전불이행,건조,맑음,교차로 - 교차로부근,승용,여,44세,상해없음,승용,여,47세,경상
2019090900100227,2019년 9월 9일 10시,월요일,강원도 원주시 단계동,중상사고,0,1,0,0,차대차 - 기타,안전운전불이행,건조,맑음,교차로 - 교차로부근,승용,여,58세,상해없음,승용,여,42세,중상
2019090900100273,2019년 9월 9일 11시,월요일,강원도 속초시 청학동,경상사고,0,0,1,0,차대차 - 측면충돌,안전운전불이행,젖음/습기,흐림,교차로 - 교차로안,승용,남,75세,상해없음,승용,남,33세,경상
2019090900100274,2019년 9월 9일 11시,월요일,강원도 태백시 소도동,중상사고,0,1,0,0,차대차 - 추돌,안전운전불이행,건조,맑음,단일로 - 기타,승용,여,40세,상해없음,승용,남,67세,중상
2019090900100326,2019년 9월 9일 12시,월요일,강원도 춘천시 남면,경상사고,0,0,1,0,차량단독 - 기타,안전운전불이행,건조,맑음,단일로 - 기타,승합,남,51세,상해없음,,,,
2019090900100327,2019년 9월 9일 12시,월요일,강원도 원주시 판부면,경상사고,0,0,1,0,차대차 - 측면충돌,안전운전불이행,젖음/습기,맑음,단일로 - 기타,승용,여,43세,상해없음,이륜,남,25세,경상
2019090900100364,2019년 9월 9일 13시,월요일,강원도 춘천시 후평동,중상사고,0,1,1,0,차대차 - 추돌,안전운전불이행,건조,맑음,교차로 - 교차로부근,승용,남,55세,상해없음,승용,여,65세,중상
2019090900100430,2019년 9월 9일 15시,월요일,강원도 원주시 중앙동,경상사고,0,0,1,0,차대사람 - 길가장자리구역통행중,안전운전불이행,건조,맑음,단일로 - 기타,기타불명,기타불명,미분류,기타불명,보행자,남,63세,경상
2019090900100523,2019년 9월 9일 17시,월요일,강원도 원주시 명륜동,경상사고,0,0,1,0,차대사람 - 기타,안전운전불이행,건조,맑음,교차로 - 교차로부근,승합,남,33세,상해없음,보행자,여,55세,경상
2019090900100630,2019년 9월 9일 19시,월요일,강원도 춘천시 후평동,경상사고,0,0,1,0,차대차 - 기타,안전거리미확보,건조,맑음,단일로 - 기타,승용,남,64세,상해없음,이륜,남,40세,경상
2019090900100631,2019년 9월 9일 19시,월요일,강원도 원주시 단계동,경상사고,0,0,1,0,차대차 - 기타,직진우회전진행방해,건조,맑음,교차로 - 교차로안,이륜,남,16세,상해없음,승용,남,30세,상해없음
2019090900100632,2019년 9월 9일 19시,월요일,강원도 태백시 화전동,경상사고,0,0,3,0,차대차 - 측면충돌,차로위반,젖음/습기,비,단일로 - 기타,승용,여,30세,상해없음,승합,남,51세,경상
2019090900100686,2019년 9월 9일 20시,월요일,강원도 원주시 무실동,경상사고,0,0,1,0,차대차 - 측면충돌,교차로운행방법위반,건조,맑음,교차로 - 교차로안,승용,남,55세,상해없음,승용,남,43세,경상
2019090900100718,2019년 9월 9일 21시,월요일,강원도 원주시 무실동,경상사고,0,0,1,0,차대차 - 측면충돌,안전운전불이행,건조,맑음,단일로 - 기타,승용,여,49세,상해없음,이륜,남,17세,경상
2019091000100092,2019년 9월 10일 05시,화요일,강원도 춘천시 우두동,경상사고,0,0,1,0,차대차 - 측면충돌,안전운전불이행,젖음/습기,비,교차로 - 교차로안,승용,남,54세,상해없음,승용,남,30세,경상
2019091000100106,2019년 9월 10일 06시,화요일,강원도 동해시 나안동,경상사고,0,0,1,0,차대차 - 측면충돌,신호위반,건조,맑음,교차로 - 교차로안,승용,남,69세,상해없음,승용,남,64세,경상
2019091000100166,2019년 9월 10일 08시,화요일,강원도 속초시 조양동,경상사고,0,0,5,0,차대차 - 측면충돌,직진우회전진행방해,젖음/습기,비,교차로 - 교차로안,승용,여,44세,경상,승용,여,38세,경상
2019091000100167,2019년 9월 10일 08시,화요일,강원도 동해시 평릉동,경상사고,0,0,1,0,차대차 - 추돌,안전거리미확보,건조,맑음,단일로 - 기타,승용,여,38세,상해없음,화물,남,54세,경상
2019091000100226,2019년 9월 10일 09시,화요일,강원도 춘천시 석사동,경상사고,0,0,1,0,차대차 - 측면충돌,직진우회전진행방해,젖음/습기,비,교차로 - 교차로안,승용,남,64세,상해없음,승용,남,57세,경상
2019091000100227,2019년 9월 10일 09시,화요일,강원도 삼척시 정상동,중상사고,0,1,0,0,차대사람 - 기타,안전운전불이행,건조,맑음,주차장 - 주차장,승용,남,40세,상해없음,보행자,남,75세,중상
2019091000100320,2019년 9월 10일 11시,화요일,강원도 강릉시 교동,경상사고,0,0,1,0,차대사람 - 기타,기타,건조,맑음,단일로 - 기타,승용,남,46세,상해없음,보행자,남,64세,경상
2019091000100321,2019년 9월 10일 11시,화요일,강원도 양양군 양양읍,경상사고,0,0,1,0,차대사람 - 차도통행중,안전운전불이행,젖음/습기,비,단일로 - 고가도로위,승용,남,49세,상해없음,보행자,여,21세,경상
2019091000100352,2019년 9월 10일 12시,화요일,강원도 원주시 문막읍,경상사고,0,0,1,0,차대차 - 측면충돌,안전운전불이행,건조,맑음,교차로 - 교차로부근,승용,여,75세,상해없음,승용,남,65세,경상
2019091000100388,2019년 9월 10일 13시,화요일,강원도 원주시 관설동,경상사고,0,0,1,0,차대차 - 측면충돌,안전운전불이행,건조,맑음,교차로 - 교차로안,화물,여,70세,상해없음,승용,여,32세,경상
2019091000100389,2019년 9월 10일 13시,화요일,강원도 속초시 조양동,경상사고,0,0,2,0,차대차 - 측면충돌,직진우회전진행방해,젖음/습기,비,교차로 - 교차로안,승용,여,56세,상해없음,승용,여,27세,경상
2019091000100390,2019년 9월 10일 13시,화요일,강원도 인제군 기린면,부상신고사고,0,0,0,1,차량단독 - 전도전복 - 전도,안전운전불이행,건조,맑음,단일로 - 기타,이륜,남,48세,상해없음,,,,
2019091000100391,2019년 9월 10일 13시,화요일,강원도 철원군 동송읍,경상사고,0,0,1,0,차대차 - 후진중충돌,안전운전불이행,젖음/습기,비,교차로 - 교차로안,농기계,남,68세,상해없음,화물,남,41세,경상
2019091000100432,2019년 9월 10일 14시,화요일,강원도 원주시 명륜동,경상사고,0,0,1,0,차대차 - 측면충돌,안전운전불이행,건조,맑음,기타 - 기타,승용,여,61세,상해없음,승용,여,28세,경상
2019091000100433,2019년 9월 10일 14시,화요일,강원도 철원군 근남면,경상사고,0,0,1,0,차대차 - 측면충돌,교차로운행방법위반,건조,맑음,교차로 - 교차로안,화물,남,58세,상해없음,승용,남,57세,경상