사고번호,사고일시,요일,시군구,사고내용,사망자수,중상자수,경상자수,부상신고자수,사고유형,법규위반,노면상태,기상상태,도로형태,가해운전자 차종,가해운전자 성별,가해운전자 연령,가해운전자 상해정도,피해운전자 차종,피해운전자 성별,피해운전자 연령,피해운전자 상해정도
2019091000100434,2019년 9월 10일 14시,화요일,강원도 철원군 동송읍,중상사고,0,1,0,0,차대차 - 측면충돌,직진우회전진행방해,건조,맑음,교차로 - 교차로안,화물,남,55세,상해없음,이륜,남,77세,중상
2019091000100474,2019년 9월 10일 15시,화요일,강원도 춘천시 동면,중상사고,0,1,7,1,차대차 - 측면충돌,신호위반,젖음/습기,흐림,교차로 - 교차로안,승용,여,62세,부상신고,특수,남,30세,경상
2019091000100522,2019년 9월 10일 16시,화요일,강원도 원주시 인동,경상사고,0,0,1,0,차대차 - 측면충돌,안전운전불이행,건조,맑음,단일로 - 기타,승용,남,60세,상해없음,이륜,남,62세,경상
2019091000100558,2019년 9월 10일 17시,화요일,강원도 춘천시 온의동,중상사고,0,1,0,0,차대사람 - 횡단중,보행자보호의무위반,젖음/습기,비,교차로 - 교차로횡단보도내,승용,여,64세,상해없음,보행자,여,59세,중상
2019091000100559,2019년 9월 10일 17시,화요일,강원도 춘천시 효자동,경상사고,0,0,1,0,차대차 - 기타,안전운전불이행,젖음/습기,비,교차로 - 교차로부근,승용,여,70세,상해없음,승용,여,41세,경상
2019091000100560,2019년 9월 10일 17시,화요일,강원도 원주시 단계동,경상사고,0,0,2,0,차대차 - 측면충돌,안전운전불이행,건조,맑음,단일로 - 기타,화물,남,55세,상해없음,승용,여,50세,경상
2019091000100561,2019년 9월 10일 17시,화요일,강원도 원주시 태장동,경상사고,0,0,1,0,차대차 - 측면충돌,안전운전불이행,건조,맑음,교차로 - 교차로부근,승용,여,51세,상해없음,승용,남,24세,경상
2019091000100562,2019년 9월 10일 17시,화요일,강원도 홍천군 홍천읍,경상사고,0,0,1,0,차대차 - 기타,교차로운행방법위반,건조,맑음,교차로 - 교차로안,자전거,남,64세,경상,승용,남,22세,상해없음
2019091000100608,2019년 9월 10일 18시,화요일,강원도 원주시 호저면,경상사고,0,0,1,0,차대차 - 측면충돌,불법유턴,건조,맑음,교차로 - 교차로부근,승용,남,24세,상해없음,승용,남,42세,경상
2019091000100609,2019년 9월 10일 18시,화요일,강원도 속초시 조양동,경상사고,0,0,1,0,차대차 - 측면충돌,안전운전불이행,젖음/습기,비,교차로 - 교차로안,승용,남,65세,상해없음,승용,남,42세,경상
2019091000100660,2019년 9월 10일 19시,화요일,강원도 춘천시 운교동,경상사고,0,0,2,0,차대차 - 측면충돌,안전운전불이행,젖음/습기,비,교차로 - 교차로안,승용,여,60세,상해없음,승용,여,28세,경상
2019091000100661,2019년 9월 10일 19시,화요일,강원도 홍천군 홍천읍,경상사고,0,0,1,0,차대차 - 측면충돌,안전운전불이행,젖음/습기,흐림,단일로 - 기타,승용,여,61세,상해없음,자전거,남,14세,경상
2019091000100810,2019년 9월 10일 22시,화요일,강원도 춘천시 석사동,사망사고,1,0,0,0,차대사람 - 횡단중,안전운전불이행,젖음/습기,비,단일로 - 기타,승용,여,50세,상해없음,보행자,여,78세,사망
2019091000100811,2019년 9월 10일 22시,화요일,강원도 원주시 학성동,경상사고,0,0,4,0,차대차 - 추돌,안전운전불이행,건조,맑음,교차로 - 교차로부근,승용,남,48세,상해없음,승용,남,31세,경상
2019091000100845,2019년 9월 10일 23시,화요일,강원도 춘천시 후평동,중상사고,0,1,0,0,차대사람 - 기타,안전운전불이행,젖음/습기,비,단일로 - 기타,승용,남,49세,상해없음,보행자,남,51세,중상
2019091100100046,2019년 9월 11일 00시,수요일,강원도 원주시 흥업면,경상사고,0,0,2,0,차대차 - 추돌,안전운전불이행,젖음/습기,비,교차로 - 교차로부근,승합,남,35세,상해없음,승용,여,27세,경상
2019091100100086,2019년 9월 11일 03시,수요일,강원도 춘천시 효자동,경상사고,0,0,2,0,차대차 - 기타,안전운전불이행,젖음/습기,비,교차로 - 교차로안,승용,남,37세,상해없음,승용,남,23세,경상
2019091100100098,2019년 9월 11일 04시,수요일,강원도 동해시 북평동,중상사고,0,1,0,0,차대차 - 측면충돌,안전운전불이행,젖음/습기,비,단일로 - 기타,이륜,남,60세,상해없음,자전거,남,67세,중상
2019091100100111,2019년 9월 11일 05시,수요일,강원도 춘천시 후평동,경상사고,0,0,1,0,차대차 - 기타,안전거리미확보,건조,맑음,단일로 - 기타,승용,여,66세,상해없음,화물,남,64세,경상
2019091100100132,2019년 9월 11일 07시,수요일,강원도 춘천시 석사동,중상사고,0,1,0,0,차대사람 - 횡단중,안전운전불이행,건조,맑음,기타 - 기타,자전거,남,20세,상해없음,보행자,남,85세,중상
2019091100100133,2019년 9월 11일 07시,수요일,강원도 춘천시 후평동,경상사고,0,0,1,0,차대사람 - 횡단중,보행자보호의무위반,젖음/습기,흐림,교차로 - 교차로횡단보도내,승용,남,57세,상해없음,보행자,여,16세,경상
2019091100100134,2019년 9월 11일 07시,수요일,강원도 원주시 지정면,경상사고,0,0,1,0,차대차 - 추돌,안전거리미확보,건조,맑음,교차로 - 교차로부근,화물,남,31세,상해없음,승용,남,49세,경상
2019091100100135,2019년 9월 11일 07시,수요일,강원도 화천군 상서면,사망사고,2,0,0,0,차대사람 - 길가장자리구역통행중,안전운전불이행,젖음/습기,맑음,단일로 - 기타,승용,남,29세,상해없음,보행자,남,81세,사망
2019091100100174,2019년 9월 11일 08시,수요일,강원도 강릉시 사천면,경상사고,0,0,1,0,차대차 - 추돌,안전운전불이행,젖음/습기,흐림,단일로 - 기타,승용,남,25세,상해없음,승용,여,27세,경상
2019091100100175,2019년 9월 11일 08시,수요일,강원도 원주시 개운동,경상사고,0,0,1,0,차대사람 - 기타,안전운전불이행,젖음/습기,비,단일로 - 기타,승용,남,22세,기타불명,보행자,남,15세,경상
2019091100100213,2019년 9월 11일 09시,수요일,강원도 삼척시 남양동,경상사고,0,0,1,0,차대사람 - 횡단중,보행자보호의무위반,젖음/습기,비,단일로 - 기타,승용,남,62세,상해없음,보행자,남,88세,경상
2019091100100214,2019년 9월 11일 09시,수요일,강원도 평창군 진부면,경상사고,0,0,1,0,차대차 - 측면충돌,중앙선침범,젖음/습기,흐림,기타 - 기타,승용,여,47세,상해없음,승용,여,39세,경상
2019091100100292,2019년 9월 11일 11시,수요일,강원도 춘천시 퇴계동,사망사고,1,0,0,0,차대사람 - 횡단중,교차로운행방법위반,건조,맑음,단일로 - 기타,승용,여,47세,상해없음,보행자,남,75세,사망
2019091100100293,2019년 9월 11일 11시,수요일,강원도 춘천시 우두동,경상사고,0,0,1,0,차대차 - 정면충돌,안전운전불이행,건조,맑음,교차로 - 교차로안,화물,여,62세,상해없음,승용,남,63세,경상
2019091100100294,2019년 9월 11일 11시,수요일,강원도 원주시 무실동,중상사고,0,2,0,0,차대차 - 추돌,안전운전불이행,건조,맑음,교차로 - 교차로부근,승용,여,61세,상해없음,승용,남,83세,중상
2019091100100345,2019년 9월 11일 12시,수요일,강원도 원주시 단계동,중상사고,0,1,0,0,차대차 - 측면충돌,안전운전불이행,건조,맑음,교차로 - 교차로부근,승용,남,26세,상해없음,승용,남,63세,상해없음
2019091100100346,2019년 9월 11일 12시,수요일,강원도 양양군 손양면,중상사고,0,1,3,0,차대차 - 측면충돌,교차로운행방법위반,젖음/습기,비,교차로 - 교차로안,화물,남,27세,상해없음,승용,남,72세,경상
2019091100100418,2019년 9월 11일 14시,수요일,강원도 동해시 발한동,중상사고,0,1,0,0,차대사람 - 기타,안전운전불이행,젖음/습기,비,단일로 - 기타,승용,남,53세,상해없음,보행자,남,54세,중상
2019091100100476,2019년 9월 11일 15시,수요일,강원도 춘천시 동면,경상사고,0,0,1,0,차대차 - 후진중충돌,안전운전불이행,건조,맑음,주차장 - 주차장,승용,남,63세,상해없음,승용,여,55세,경상
2019091100100477,2019년 9월 11일 15시,수요일,강원도 강릉시 옥천동,경상사고,0,0,1,0,차대차 - 측면충돌,안전운전불이행,건조,맑음,교차로 - 교차로안,승용,여,45세,상해없음,승용,남,55세,경상
2019091100100478,2019년 9월 11일 15시,수요일,강원도 원주시 단계동,경상사고,0,0,1,0,차대차 - 기타,보행자보호의무위반,건조,맑음,교차로 - 교차로횡단보도내,화물,남,65세,상해없음,승용,남,58세,상해없음
2019091100100479,2019년 9월 11일 15시,수요일,강원도 원주시 인동,경상사고,0,0,1,0,차대차 - 측면충돌,안전거리미확보,건조,맑음,교차로 - 교차로부근,승용,여,49세,상해없음,화물,여,58세,경상
2019091100100534,2019년 9월 11일 16시,수요일,강원도 춘천시 효자동,경상사고,0,0,2,0,차량단독 - 기타,안전운전불이행,건조,맑음,교차로 - 교차로횡단보도내,승합,남,49세,상해없음,,,,
2019091100100591,2019년 9월 11일 17시,수요일,강원도 강릉시 교동,경상사고,0,0,1,0,차대차 - 측면충돌,안전운전불이행,건조,맑음,단일로 - 기타,승용,여,27세,상해없음,승용,남,66세,경상
2019091100100592,2019년 9월 11일 17시,수요일,강원도 원주시 단구동,경상사고,0,0,1,0,차대차 - 측면충돌,안전운전불이행,건조,맑음,단일로 - 기타,화물,남,29세,상해없음,승용,여,56세,상해없음
2019091100100663,2019년 9월 11일 18시,수요일,강원도 춘천시 퇴계동,경상사고,0,0,1,0,차대사람 - 횡단중,보행자보호의무위반,건조,맑음,교차로 - 교차로안,승합,남,67세,상해없음,보행자,여,26세,경상
2019091100100664,2019년 9월 11일 18시,수요일,강원도 철원군 김화읍,중상사고,0,1,2,0,차대차 - 측면충돌,직진우회전진행방해,건조,맑음,교차로 - 교차로안,화물,남,61세,상해없음,승용,남,60세,경상
2019091100100715,2019년 9월 11일 19시,수요일,강원도 원주시 단계동,경상사고,0,0,1,0,차대사람 - 횡단중,보행자보호의무위반,건조,맑음,교차로 - 교차로횡단보도내,승용,여,44세,상해없음,보행자,남,61세,경상
2019091100100716,2019년 9월 11일 19시,수요일,강원도 원주시 지정면,경상사고,0,0,1,0,차대사람 - 차도통행중,안전운전불이행,건조,기타,교차로 - 교차로부근,승용,남,59세,상해없음,보행자,남,53세,경상
2019091100100717,2019년 9월 11일 19시,수요일,강원도 홍천군 홍천읍,경상사고,0,0,1,0,차대차 - 기타,교차로운행방법위반,건조,맑음,교차로 - 교차로안,승용,남,57세,상해없음,승용,여,37세,경상
2019091100100718,2019년 9월 11일 19시,수요일,강원도 평창군 평창읍,경상사고,0,0,1,0,차대차 - 측면충돌,안전거리미확보,건조,맑음,단일로 - 교량,화물,남,57세,상해없음,승용,남,42세,경상
2019091100100795,2019년 9월 11일 21시,수요일,강원도 강릉시 교동,경상사고,0,0,1,0,차대차 - 측면충돌,안전운전불이행,젖음/습기,흐림,교차로 - 교차로안,승용,남,59세,상해없음,원동기,남,20세,경상
2019091100100822,2019년 9월 11일 22시,수요일,강원도 춘천시 퇴계동,경상사고,0,0,1,0,차대차 - 측면충돌,중앙선침범,건조,맑음,단일로 - 기타,승용,남,50세,상해없음,승용,여,49세,경상
2019091100100823,2019년 9월 11일 22시,수요일,강원도 원주시 단계동,경상사고,0,0,1,0,차대차 - 후진중충돌,안전거리미확보,건조,맑음,단일로 - 기타,승용,여,65세,상해없음,이륜,남,20세,경상
2019091200100017,2019년 9월 12일 00시,목요일,강원도 속초시 교동,중상사고,0,2,0,0,차대차 - 측면충돌,직진우회전진행방해,젖음/습기,흐림,교차로 - 교차로안,승용,남,21세,상해없음,승용,남,50세,중상
2019091200100073,2019년 9월 12일 04시,목요일,강원도 삼척시 근덕면,중상사고,0,1,0,0,차대사람 - 차도통행중,안전운전불이행,건조,맑음,단일로 - 기타,승용,남,62세,상해없음,보행자,남,31세,중상
2019091200100102,2019년 9월 12일 06시,목요일,강원도 원주시 문막읍,중상사고,0,1,1,0,차대차 - 측면충돌,중앙선침범,건조,흐림,교차로 - 교차로부근,승용,여,59세,경상,승용,여,38세,중상
2019091200100103,2019년 9월 12일 06시,목요일,강원도 원주시 평원동,경상사고,0,0,1,0,차대사람 - 횡단중,보행자보호의무위반,젖음/습기,맑음,단일로 - 기타,승용,여,55세,상해없음,보행자,남,54세,경상
2019091200100116,2019년 9월 12일 07시,목요일,강원도 동해시 망상동,사망사고,2,0,0,0,철길건널목 - 철길건널목,기타,젖음/습기,흐림,단일로 - 철길건널목,승용,남,36세,사망,기타불명,남,42세,상해없음
2019091200100133,2019년 9월 12일 08시,목요일,강원도 삼척시 원덕읍,경상사고,0,0,1,0,차량단독 - 공작물충돌,안전운전불이행,건조,맑음,단일로 - 기타,사륜오토바이(ATV),남,54세,경상,,,,
2019091200100211,2019년 9월 12일 12시,목요일,강원도 철원군 갈말읍,경상사고,0,0,1,0,차대차 - 측면충돌,교차로운행방법위반,건조,맑음,교차로 - 교차로안,승용,남,60세,상해없음,화물,남,53세,경상
2019091200100284,2019년 9월 12일 14시,목요일,강원도 춘천시 운교동,경상사고,0,0,1,0,차대사람 - 기타,안전운전불이행,건조,맑음,주차장 - 주차장,승용,남,53세,상해없음,보행자,여,73세,경상
2019091200100285,2019년 9월 12일 14시,목요일,강원도 태백시 화전동,경상사고,0,0,1,0,차대사람 - 횡단중,안전운전불이행,건조,맑음,교차로 - 교차로안,승용,남,67세,상해없음,보행자,남,53세,경상
2019091200100286,2019년 9월 12일 14시,목요일,강원도 원주시 무실동,중상사고,0,4,1,0,차대차 - 정면충돌,중앙선침범,건조,맑음,단일로 - 기타,화물,남,51세,중상,승용,남,53세,중상
2019091200100315,2019년 9월 12일 15시,목요일,강원도 강릉시 유산동,중상사고,0,1,1,0,차대차 - 정면충돌,중앙선침범,건조,맑음,단일로 - 기타,승용,여,52세,상해없음,승용,남,46세,상해없음
2019091200100316,2019년 9월 12일 15시,목요일,강원도 양구군 양구읍,중상사고,0,1,0,0,차대차 - 정면충돌,안전운전불이행,건조,맑음,교차로 - 교차로안,승용,여,55세,상해없음,이륜,여,75세,중상
2019091200100343,2019년 9월 12일 16시,목요일,강원도 영월군 영월읍,경상사고,0,0,1,0,차대차 - 측면충돌,중앙선침범,건조,맑음,단일로 - 기타,승용,남,59세,상해없음,이륜,남,43세,경상
2019091200100368,2019년 9월 12일 17시,목요일,강원도 태백시 화전동,중상사고,0,1,0,0,차대차 - 기타,안전운전불이행,건조,맑음,교차로 - 교차로안,승용,남,48세,상해없음,이륜,남,62세,중상
2019091200100396,2019년 9월 12일 18시,목요일,강원도 고성군 죽왕면,경상사고,0,0,1,0,차대차 - 정면충돌,안전운전불이행,건조,맑음,단일로 - 기타,승용,남,32세,상해없음,화물,남,51세,경상
2019091200100426,2019년 9월 12일 19시,목요일,강원도 원주시 단구동,경상사고,0,0,1,0,차대차 - 측면충돌,신호위반,건조,맑음,교차로 - 교차로안,원동기,남,78세,상해없음,이륜,남,19세,경상
2019091200100500,2019년 9월 12일 21시,목요일,강원도 동해시 부곡동,경상사고,0,0,1,0,차대사람 - 기타,안전운전불이행,건조,흐림,교차로 - 교차로안,승용,남,59세,상해없음,보행자,남,64세,경상
2019091200100535,2019년 9월 12일 23시,목요일,강원도 강릉시 교동,경상사고,0,0,2,0,차대차 - 측면충돌,안전운전불이행,건조,맑음,교차로 - 교차로안,승용,남,27세,상해없음,승용,남,63세,경상
2019091300100093,2019년 9월 13일 09시,금요일,강원도 춘천시 동면,경상사고,0,0,2,0,차대차 - 측면충돌,안전운전불이행,건조,맑음,단일로 - 기타,승용,남,26세,상해없음,승용,남,43세,경상
2019091300100094,2019년 9월 13일 09시,금요일,강원도 강릉시 죽헌동,중상사고,0,1,1,0,차대차 - 추돌,안전운전불이행,건조,맑음,단일로 - 기타,승용,여,46세,상해없음,승용,남,48세,상해없음
2019091300100095,2019년 9월 13일 09시,금요일,강원도 화천군 간동면,경상사고,0,0,2,0,차대차 - 측면충돌,안전운전불이행,건조,맑음,교차로 - 교차로안,이륜,남,48세,경상,승용,여,54세,경상
2019091300100212,2019년 9월 13일 13시,금요일,강원도 원주시 단구동,경상사고,0,0,1,0,차대차 - 추돌,직진우회전진행방해,건조,맑음,교차로 - 교차로안,승용,여,65세,상해없음,이륜,남,79세,경상
2019091300100244,2019년 9월 13일 14시,금요일,강원도 홍천군 홍천읍,중상사고,0,1,0,0,차대차 - 정면충돌,중앙선침범,건조,맑음,단일로 - 기타,승용,남,48세,상해없음,이륜,남,55세,중상
2019091300100245,2019년 9월 13일 14시,금요일,강원도 홍천군 홍천읍,경상사고,0,0,3,0,차대차 - 추돌,안전운전불이행,건조,맑음,단일로 - 기타,승용,여,40세,상해없음,승용,남,57세,경상
2019091300100275,2019년 9월 13일 15시,금요일,강원도 원주시 단구동,경상사고,0,0,1,0,차대차 - 측면충돌,안전운전불이행,건조,맑음,단일로 - 기타,이륜,남,22세,경상,승용,남,52세,상해없음
2019091300100276,2019년 9월 13일 15시,금요일,강원도 평창군 봉평면,경상사고,0,0,2,0,차대차 - 추돌,안전운전불이행,건조,맑음,단일로 - 기타,승용,남,72세,상해없음,승용,남,32세,경상
2019091300100304,2019년 9월 13일 16시,금요일,강원도 춘천시 우두동,경상사고,0,0,1,0,차대차 - 기타,신호위반,건조,맑음,교차로 - 교차로횡단보도내,이륜,남,48세,상해없음,이륜,남,58세,경상
2019091300100305,2019년 9월 13일 16시,금요일,강원도 원주시 지정면,경상사고,0,0,4,4,차대차 - 추돌,안전운전불이행,건조,맑음,단일로 - 기타,승용,여,41세,경상,화물,남,65세,경상
2019091300100383,2019년 9월 13일 19시,금요일,강원도 춘천시 석사동,부상신고사고,0,0,0,1,차대차 - 기타,안전운전불이행,건조,맑음,단일로 - 기타,이륜,남,39세,상해없음,승용,남,58세,상해없음
2019091300100384,2019년 9월 13일 19시,금요일,강원도 양양군 강현면,경상사고,0,0,1,0,차대사람 - 기타,안전운전불이행,건조,맑음,단일로 - 지하차도(도로)내,기타불명,남,60세,상해없음,보행자,여,59세,경상
2019091300100397,2019년 9월 13일 20시,금요일,강원도 고성군 죽왕면,중상사고,0,1,0,0,차대차 - 정면충돌,안전운전불이행,건조,맑음,교차로 - 교차로안,승용,남,56세,중상,승용,남,51세,상해없음
2019091400100017,2019년 9월 14일 00시,토요일,강원도 속초시 영랑동,경상사고,0,0,1,0,차대사람 - 기타,안전운전불이행,건조,맑음,단일로 - 고가도로위,승용,남,57세,상해없음,보행자,남,35세,경상
2019091400100018,2019년 9월 14일 00시,토요일,강원도 태백시 황지동,경상사고,0,0,2,0,차대차 - 정면충돌,안전운전불이행,건조,맑음,교차로 - 교차로안,승용,여,51세,기타불명,승용,남,62세,경상
2019091400100045,2019년 9월 14일 03시,토요일,강원도 강릉시 교동,경상사고,0,0,2,0,차대차 - 측면충돌,신호위반,건조,맑음,교차로 - 교차로안,승용,남,31세,상해없음,승용,남,57세,경상
2019091400100079,2019년 9월 14일 09시,토요일,강원도 강릉시 노암동,경상사고,0,0,1,0,차대차 - 후진중충돌,안전운전불이행,건조,맑음,단일로 - 기타,승용,남,55세,상해없음,원동기,남,77세,경상
2019091400100097,2019년 9월 14일 10시,토요일,강원도 평창군 봉평면,중상사고,0,1,0,0,차대사람 - 횡단중,안전운전불이행,건조,맑음,단일로 - 기타,화물,남,58세,상해없음,보행자,남,12세,중상
2019091400100108,2019년 9월 14일 11시,토요일,강원도 홍천군 홍천읍,경상사고,0,0,1,0,차대차 - 추돌,안전거리미확보,건조,맑음,단일로 - 기타,이륜,남,27세,상해없음,승용,남,60세,경상
2019091400100131,2019년 9월 14일 12시,토요일,강원도 철원군 근남면,중상사고,0,1,0,0,차대차 - 기타,안전운전불이행,건조,맑음,기타 - 기타,화물,남,72세,상해없음,이륜,남,60세,중상
2019091400100167,2019년 9월 14일 13시,토요일,강원도 춘천시 동면,경상사고,0,0,1,3,차대차 - 측면충돌,안전운전불이행,건조,맑음,교차로 - 교차로안,승용,여,55세,상해없음,승용,남,36세,부상신고
2019091400100168,2019년 9월 14일 13시,토요일,강원도 강릉시 청량동,경상사고,0,0,2,0,차대차 - 측면충돌,안전운전불이행,건조,맑음,교차로 - 교차로안,승용,여,23세,상해없음,승용,여,37세,경상
2019091400100230,2019년 9월 14일 15시,토요일,강원도 춘천시 석사동,중상사고,0,1,0,0,차대사람 - 차도통행중,안전운전불이행,건조,맑음,교차로 - 교차로부근,승용,남,68세,상해없음,보행자,여,86세,중상
2019091400100254,2019년 9월 14일 16시,토요일,강원도 원주시 태장동,부상신고사고,0,0,0,1,차대사람 - 길가장자리구역통행중,안전운전불이행,건조,맑음,단일로 - 기타,승용,남,53세,상해없음,보행자,남,13세,부상신고
2019091400100255,2019년 9월 14일 16시,토요일,강원도 삼척시 도계읍,경상사고,0,0,4,0,차대차 - 추돌,안전운전불이행,건조,맑음,단일로 - 지하차도(도로)내,승용,남,29세,상해없음,승용,남,58세,경상
2019091400100280,2019년 9월 14일 17시,토요일,강원도 영월군 주천면,경상사고,0,0,1,0,차대사람 - 횡단중,보행자보호의무위반,건조,맑음,단일로 - 기타,승용,여,45세,상해없음,보행자,여,63세,경상
2019091400100281,2019년 9월 14일 17시,토요일,강원도 태백시 문곡동,중상사고,0,1,0,0,차량단독 - 전도전복 - 전도,안전운전불이행,건조,맑음,단일로 - 기타,이륜,남,58세,중상,,,,
2019091400100309,2019년 9월 14일 18시,토요일,강원도 양양군 현남면,경상사고,0,0,1,0,차대사람 - 횡단중,안전운전불이행,건조,맑음,단일로 - 기타,승용,남,72세,상해없음,보행자,남,4세,경상
2019091400100342,2019년 9월 14일 19시,토요일,강원도 원주시 중앙동,경상사고,0,0,5,0,차대차 - 측면충돌,안전운전불이행,젖음/습기,비,교차로 - 교차로부근,승용,여,25세,경상,승용,남,21세,경상
2019091400100361,2019년 9월 14일 20시,토요일,강원도 원주시 무실동,경상사고,0,0,2,0,차대차 - 측면충돌,안전운전불이행,건조,맑음,교차로 - 교차로안,승용,남,37세,상해없음,승용,남,26세,경상
2019091400100386,2019년 9월 14일 21시,토요일,강원도 춘천시 운교동,중상사고,0,1,0,0,차대차 - 측면충돌,신호위반,건조,맑음,교차로 - 교차로안,승용,남,65세,상해없음,승용,여,63세,중상
2019091400100408,2019년 9월 14일 22시,토요일,강원도 양구군 양구읍,사망사고,1,2,2,0,차량단독 - 기타,과속,기타,기타,단일로 - 기타,승용,남,21세,경상,,,,
2019091500100023,2019년 9월 15일 00시,일요일,강원도 속초시 장사동,중상사고,0,1,0,0,차대사람 - 횡단중,안전운전불이행,건조,맑음,단일로 - 지하차도(도로)내,원동기,남,30세,상해없음,보행자,여,57세,중상
2019091500100045,2019년 9월 15일 02시,일요일,강원도 원주시 단계동,경상사고,0,0,2,0,차대차 - 추돌,안전거리미확보,젖음/습기,비,교차로 - 교차로부근,승용,남,52세,상해없음,승용,남,39세,경상
2019091500100069,2019년 9월 15일 04시,일요일,강원도 춘천시 석사동,경상사고,0,0,2,0,차대차 - 측면충돌,직진우회전진행방해,건조,맑음,교차로 - 교차로안,승용,여,30세,상해없음,승용,남,22세,경상
2019091500100078,2019년 9월 15일 05시,일요일,강원도 원주시 평원동,중상사고,0,1,2,0,차대차 - 측면충돌,신호위반,건조,맑음,교차로 - 교차로안,화물,남,64세,상해없음,승용,남,34세,경상
2019091500100087,2019년 9월 15일 07시,일요일,강원도 원주시 태장동,중상사고,0,1,0,0,차대차 - 측면충돌,신호위반,건조,맑음,교차로 - 교차로안,승용,남,80세,상해없음,승용,여,45세,중상
2019091500100121,2019년 9월 15일 10시,일요일,강원도 강릉시 성산면,경상사고,0,0,1,0,차대차 - 측면충돌,신호위반,젖음/습기,비,교차로 - 교차로안,승용,남,59세,상해없음,승용,남,39세,경상
2019091500100141,2019년 9월 15일 11시,일요일,강원도 춘천시 남산면,경상사고,0,0,8,0,차대차 - 추돌,안전거리미확보,건조,맑음,단일로 - 기타,승용,남,36세,상해없음,승용,여,45세,경상
2019091500100187,2019년 9월 15일 13시,일요일,강원도 춘천시 신동면,중상사고,0,1,0,0,차량단독 - 공작물충돌,안전운전불이행,건조,맑음,단일로 - 기타,승용,남,76세,상해없음,,,,
2019091500100251,2019년 9월 15일 15시,일요일,강원도 춘천시 효자동,경상사고,0,0,2,0,차대차 - 추돌,안전거리미확보,건조,맑음,단일로 - 기타,승용,여,55세,기타불명,승용,남,40세,경상
2019091500100278,2019년 9월 15일 16시,일요일,강원도 춘천시 석사동,경상사고,0,0,1,0,차대차 - 정면충돌,직진우회전진행방해,건조,맑음,교차로 - 교차로부근,이륜,남,19세,상해없음,승용,여,53세,경상
2019091500100339,2019년 9월 15일 18시,일요일,강원도 강릉시 포남동,경상사고,0,0,1,0,차대차 - 기타,안전운전불이행,건조,맑음,단일로 - 기타,승용,남,65세,상해없음,승용,남,24세,경상
2019091500100340,2019년 9월 15일 18시,일요일,강원도 원주시 단구동,경상사고,0,0,1,0,차대차 - 측면충돌,교차로운행방법위반,건조,맑음,교차로 - 교차로안,승용,남,45세,상해없음,이륜,남,44세,경상
2019091500100341,2019년 9월 15일 18시,일요일,강원도 원주시 일산동,경상사고,0,0,1,0,차대차 - 측면충돌,안전거리미확보,건조,기타,기타 - 기타,승용,여,60세,상해없음,승용,남,48세,상해없음
2019091500100428,2019년 9월 15일 21시,일요일,강원도 춘천시 석사동,경상사고,0,0,1,0,차대사람 - 기타,보행자보호의무위반,건조,맑음,교차로 - 교차로횡단보도내,승용,남,58세,상해없음,보행자,여,19세,경상
2019091500100445,2019년 9월 15일 22시,일요일,강원도 원주시 반곡동,경상사고,0,0,2,0,차대차 - 측면충돌,신호위반,건조,맑음,교차로 - 교차로안,원동기,남,18세,상해없음,승용,여,59세,경상
2019091500100446,2019년 9월 15일 22시,일요일,강원도 평창군 대관령면,중상사고,0,1,2,0,차대차 - 측면충돌,중앙선침범,건조,맑음,단일로 - 기타,승용,남,36세,상해없음,승용,여,54세,중상
2019091600100033,2019년 9월 16일 00시,월요일,강원도 원주시 단계동,경상사고,0,0,1,0,차대차 - 추돌,안전운전불이행,건조,맑음,단일로 - 기타,승용,여,32세,상해없음,승용,남,55세,경상
2019091600100061,2019년 9월 16일 04시,월요일,강원도 춘천시 운교동,경상사고,0,0,1,0,차대차 - 측면충돌,교차로운행방법위반,건조,맑음,교차로 - 교차로안,승용,남,28세,상해없음,화물,남,59세,경상
2019091600100224,2019년 9월 16일 10시,월요일,강원도 태백시 문곡동,경상사고,0,0,1,0,차대차 - 측면충돌,안전운전불이행,건조,맑음,단일로 - 기타,화물,남,63세,상해없음,승용,남,67세,경상
2019091600100249,2019년 9월 16일 11시,월요일,강원도 춘천시 남면,중상사고,0,1,0,0,차대사람 - 기타,기타,건조,맑음,단일로 - 기타,화물,남,55세,상해없음,보행자,남,62세,중상
2019091600100277,2019년 9월 16일 12시,월요일,강원도 강릉시 강문동,경상사고,0,0,2,0,차대차 - 측면충돌,안전운전불이행,건조,맑음,단일로 - 기타,승용,남,66세,상해없음,승용,남,72세,경상
2019091600100278,2019년 9월 16일 12시,월요일,강원도 횡성군 서원면,경상사고,0,0,1,0,차대차 - 측면충돌,기타,건조,맑음,교차로 - 교차로안,특수,남,63세,상해없음,승용,남,47세,경상
2019091600100320,2019년 9월 16일 13시,월요일,강원도 춘천시 효자동,중상사고,0,1,0,0,차대차 - 측면충돌,안전운전불이행,건조,맑음,교차로 - 교차로안,승용,여,47세,상해없음,이륜,남,30세,중상
2019091600100359,2019년 9월 16일 14시,월요일,강원도 춘천시 운교동,경상사고,0,0,1,0,차대차 - 측면충돌,중앙선침범,건조,맑음,단일로 - 기타,이륜,남,21세,상해없음,승용,남,57세,경상