사고번호,사고일시,요일,시군구,사고내용,사망자수,중상자수,경상자수,부상신고자수,사고유형,법규위반,노면상태,기상상태,도로형태,가해운전자 차종,가해운전자 성별,가해운전자 연령,가해운전자 상해정도,피해운전자 차종,피해운전자 성별,피해운전자 연령,피해운전자 상해정도
2019091600100360,2019년 9월 16일 14시,월요일,강원도 철원군 갈말읍,경상사고,0,0,1,0,차대차 - 측면충돌,교차로운행방법위반,건조,맑음,교차로 - 교차로안,승용,여,26세,상해없음,이륜,남,84세,경상
2019091600100398,2019년 9월 16일 15시,월요일,강원도 원주시 무실동,경상사고,0,0,1,0,차대차 - 측면충돌,안전운전불이행,건조,맑음,교차로 - 교차로부근,화물,남,75세,상해없음,승용,남,51세,경상
2019091600100437,2019년 9월 16일 16시,월요일,강원도 고성군 토성면,경상사고,0,0,1,0,차대차 - 추돌,안전운전불이행,건조,맑음,교차로 - 교차로부근,화물,남,40세,상해없음,승용,남,62세,경상
2019091600100438,2019년 9월 16일 16시,월요일,강원도 동해시 지흥동,경상사고,0,0,1,0,차대차 - 추돌,안전거리미확보,건조,맑음,단일로 - 기타,승용,남,48세,상해없음,승용,남,54세,경상
2019091600100480,2019년 9월 16일 17시,월요일,강원도 원주시 원동,경상사고,0,0,1,0,차대차 - 측면충돌,안전운전불이행,건조,맑음,교차로 - 교차로부근,승합,남,43세,상해없음,자전거,남,64세,경상
2019091600100530,2019년 9월 16일 18시,월요일,강원도 강릉시 성남동,부상신고사고,0,0,0,1,차대사람 - 기타,안전운전불이행,건조,흐림,단일로 - 기타,승용,여,59세,상해없음,보행자,남,55세,부상신고
2019091600100531,2019년 9월 16일 18시,월요일,강원도 삼척시 성북동,중상사고,0,1,1,0,차대차 - 정면충돌,직진우회전진행방해,건조,맑음,교차로 - 교차로안,화물,남,71세,경상,승용,여,62세,중상
2019091600100576,2019년 9월 16일 19시,월요일,강원도 춘천시 근화동,경상사고,0,0,1,0,차대차 - 측면충돌,안전운전불이행,건조,맑음,단일로 - 기타,승용,여,54세,상해없음,승용,남,51세,경상
2019091600100577,2019년 9월 16일 19시,월요일,강원도 원주시 명륜동,중상사고,0,1,0,0,차대사람 - 횡단중,보행자보호의무위반,건조,맑음,단일로 - 기타,이륜,남,31세,상해없음,보행자,여,66세,중상
2019091600100578,2019년 9월 16일 19시,월요일,강원도 원주시 문막읍,중상사고,0,1,2,0,차대차 - 측면충돌,신호위반,건조,맑음,교차로 - 교차로안,승용,남,36세,상해없음,화물,남,41세,경상
2019091600100631,2019년 9월 16일 21시,월요일,강원도 철원군 갈말읍,중상사고,0,2,1,0,차대차 - 측면충돌,직진우회전진행방해,건조,맑음,교차로 - 교차로안,승용,남,23세,상해없음,승용,여,39세,경상
2019091700100068,2019년 9월 17일 06시,화요일,강원도 춘천시 동면,중상사고,0,1,1,0,차대차 - 측면충돌,신호위반,건조,맑음,교차로 - 교차로안,승용,여,44세,경상,화물,남,55세,중상
2019091700100131,2019년 9월 17일 08시,화요일,강원도 춘천시 동면,경상사고,0,0,1,0,차대차 - 측면충돌,교차로운행방법위반,건조,맑음,교차로 - 교차로부근,승용,여,48세,상해없음,승용,여,70세,경상
2019091700100132,2019년 9월 17일 08시,화요일,강원도 원주시 판부면,중상사고,0,1,0,0,차대차 - 추돌,안전거리미확보,건조,맑음,단일로 - 기타,승용,여,39세,상해없음,승용,여,40세,중상
2019091700100202,2019년 9월 17일 09시,화요일,강원도 강릉시 교동,경상사고,0,0,1,0,차대사람 - 횡단중,보행자보호의무위반,건조,맑음,교차로 - 교차로부근,화물,여,51세,상해없음,보행자,여,27세,경상
2019091700100203,2019년 9월 17일 09시,화요일,강원도 원주시 단구동,경상사고,0,0,1,0,차대사람 - 횡단중,보행자보호의무위반,건조,맑음,교차로 - 교차로횡단보도내,승용,남,56세,상해없음,보행자,여,42세,경상
2019091700100204,2019년 9월 17일 09시,화요일,강원도 홍천군 홍천읍,경상사고,0,0,2,0,차대차 - 측면충돌,교차로운행방법위반,건조,맑음,교차로 - 교차로안,화물,남,71세,경상,승용,남,59세,경상
2019091700100264,2019년 9월 17일 11시,화요일,강원도 횡성군 횡성읍,중상사고,0,1,0,0,차대차 - 기타,안전운전불이행,건조,맑음,교차로 - 교차로안,특수,남,56세,상해없음,승용,남,38세,중상
2019091700100403,2019년 9월 17일 15시,화요일,강원도 춘천시 서면,경상사고,0,0,1,0,차대차 - 기타,안전운전불이행,건조,맑음,단일로 - 기타,화물,남,60세,상해없음,이륜,남,26세,경상
2019091700100439,2019년 9월 17일 16시,화요일,강원도 동해시 나안동,경상사고,0,0,1,0,차대차 - 추돌,안전운전불이행,건조,맑음,교차로 - 교차로부근,승용,남,61세,상해없음,승용,여,48세,경상
2019091700100491,2019년 9월 17일 17시,화요일,강원도 원주시 반곡동,경상사고,0,0,1,0,차대차 - 측면충돌,안전운전불이행,건조,맑음,교차로 - 교차로부근,승용,여,37세,상해없음,승용,남,57세,경상
2019091700100536,2019년 9월 17일 18시,화요일,강원도 원주시 관설동,중상사고,0,1,1,0,차대차 - 추돌,직진우회전진행방해,건조,맑음,교차로 - 교차로안,이륜,남,71세,경상,승용,남,38세,중상
2019091700100537,2019년 9월 17일 18시,화요일,강원도 삼척시 도계읍,경상사고,0,0,1,0,차대사람 - 차도통행중,안전운전불이행,건조,맑음,단일로 - 지하차도(도로)내,화물,여,58세,상해없음,보행자,여,21세,경상
2019091700100538,2019년 9월 17일 18시,화요일,강원도 동해시 단봉동,경상사고,0,0,3,0,차대차 - 측면충돌,안전운전불이행,건조,맑음,교차로 - 교차로부근,승용,남,61세,상해없음,승용,여,49세,경상
2019091700100647,2019년 9월 17일 21시,화요일,강원도 평창군 평창읍,중상사고,0,1,0,0,차대사람 - 길가장자리구역통행중,안전운전불이행,건조,맑음,단일로 - 기타,승용,남,41세,상해없음,보행자,남,90세 이상,중상
2019091800100067,2019년 9월 18일 05시,수요일,강원도 강릉시 교동,경상사고,0,0,1,0,차대차 - 측면충돌,신호위반,건조,맑음,교차로 - 교차로안,승용,남,56세,상해없음,승용,남,57세,경상
2019091800100096,2019년 9월 18일 07시,수요일,강원도 고성군 간성읍,경상사고,0,0,1,0,차대차 - 측면충돌,직진우회전진행방해,건조,맑음,교차로 - 교차로안,이륜,남,59세,경상,승용,남,28세,상해없음
2019091800100125,2019년 9월 18일 08시,수요일,강원도 원주시 평원동,중상사고,0,1,0,0,차대사람 - 차도통행중,교차로운행방법위반,건조,맑음,교차로 - 교차로부근,승용,남,58세,상해없음,보행자,남,55세,중상
2019091800100160,2019년 9월 18일 09시,수요일,강원도 횡성군 횡성읍,중상사고,0,1,0,0,차대차 - 기타,중앙선침범,건조,맑음,단일로 - 기타,승용,남,62세,상해없음,이륜,남,44세,중상
2019091800100251,2019년 9월 18일 12시,수요일,강원도 춘천시 퇴계동,경상사고,0,0,1,0,차대차 - 추돌,안전운전불이행,건조,맑음,교차로 - 교차로부근,승용,여,43세,상해없음,승용,여,28세,경상
2019091800100286,2019년 9월 18일 13시,수요일,강원도 원주시 우산동,중상사고,0,1,0,0,차대차 - 측면충돌,직진우회전진행방해,건조,맑음,교차로 - 교차로안,승용,여,34세,상해없음,화물,남,51세,중상
2019091800100287,2019년 9월 18일 13시,수요일,강원도 횡성군 횡성읍,경상사고,0,0,1,0,차대차 - 측면충돌,안전운전불이행,건조,맑음,단일로 - 기타,승용,여,64세,상해없음,승용,남,29세,경상
2019091800100328,2019년 9월 18일 14시,수요일,강원도 원주시 봉산동,경상사고,0,0,1,0,차대차 - 측면충돌,기타,건조,맑음,단일로 - 기타,건설기계,남,40세,상해없음,화물,여,60세,경상
2019091800100329,2019년 9월 18일 14시,수요일,강원도 삼척시 남양동,경상사고,0,0,2,0,차대차 - 측면충돌,안전거리미확보,건조,맑음,단일로 - 지하차도(도로)내,승용,여,42세,상해없음,승용,남,48세,경상
2019091800100367,2019년 9월 18일 15시,수요일,강원도 홍천군 두촌면,부상신고사고,0,0,0,1,차대차 - 측면충돌,차로위반,건조,맑음,단일로 - 기타,승용,여,56세,부상신고,기타불명,남,19세,상해없음
2019091800100368,2019년 9월 18일 15시,수요일,강원도 횡성군 횡성읍,중상사고,0,1,0,0,차대차 - 측면충돌,안전운전불이행,건조,맑음,교차로 - 교차로부근,승용,남,23세,상해없음,자전거,남,80세,중상
2019091800100407,2019년 9월 18일 16시,수요일,강원도 강릉시 사천면,경상사고,0,0,1,0,차대차 - 기타,안전운전불이행,건조,맑음,단일로 - 기타,승용,여,56세,상해없음,자전거,남,43세,경상
2019091800100408,2019년 9월 18일 16시,수요일,강원도 원주시 태장동,중상사고,0,1,0,0,차대차 - 측면충돌,교차로운행방법위반,건조,맑음,교차로 - 교차로안,승용,여,59세,상해없음,승용,여,50세,중상
2019091800100409,2019년 9월 18일 16시,수요일,강원도 평창군 진부면,경상사고,0,0,1,0,차대차 - 측면충돌,안전운전불이행,건조,맑음,단일로 - 기타,승용,남,62세,상해없음,승용,여,59세,경상
2019091800100410,2019년 9월 18일 16시,수요일,강원도 동해시 천곡동,경상사고,0,0,1,0,차대사람 - 횡단중,보행자보호의무위반,건조,맑음,단일로 - 기타,화물,남,61세,상해없음,보행자,남,7세,경상
2019091800100461,2019년 9월 18일 17시,수요일,강원도 인제군 기린면,경상사고,0,0,1,0,차대사람 - 횡단중,중앙선침범,건조,맑음,단일로 - 기타,승용,남,33세,상해없음,보행자,여,10세,경상
2019091800100462,2019년 9월 18일 17시,수요일,강원도 동해시 단봉동,경상사고,0,0,1,0,차대차 - 측면충돌,안전운전불이행,건조,맑음,교차로 - 교차로안,승용,남,84세,상해없음,자전거,남,68세,경상
2019091800100521,2019년 9월 18일 18시,수요일,강원도 춘천시 동내면,경상사고,0,0,2,0,차대차 - 기타,안전운전불이행,건조,맑음,교차로 - 교차로안,승용,남,30세,상해없음,화물,남,67세,경상
2019091800100522,2019년 9월 18일 18시,수요일,강원도 강릉시 교동,경상사고,0,0,1,0,차대차 - 측면충돌,안전운전불이행,건조,맑음,단일로 - 기타,승용,남,35세,상해없음,이륜,남,19세,경상
2019091800100590,2019년 9월 18일 19시,수요일,강원도 원주시 문막읍,경상사고,0,0,3,0,차대차 - 측면충돌,안전운전불이행,건조,맑음,교차로 - 교차로안,승용,남,51세,상해없음,화물,남,55세,경상
2019091800100642,2019년 9월 18일 20시,수요일,강원도 춘천시 석사동,경상사고,0,0,1,0,차량단독 - 기타,기타,건조,맑음,단일로 - 기타,승합,남,54세,기타불명,,,,
2019091800100677,2019년 9월 18일 21시,수요일,강원도 삼척시 교동,부상신고사고,0,0,0,1,차대차 - 측면충돌,직진우회전진행방해,건조,맑음,교차로 - 교차로안,원동기,남,27세,부상신고,승용,남,54세,상해없음
2019091900100062,2019년 9월 19일 03시,목요일,강원도 원주시 학성동,사망사고,1,0,0,0,차량단독 - 공작물충돌,안전운전불이행,건조,맑음,단일로 - 기타,이륜,남,23세,사망,,,,
2019091900100088,2019년 9월 19일 06시,목요일,강원도 동해시 쇄운동,중상사고,0,1,0,0,차대사람 - 길가장자리구역통행중,안전운전불이행,건조,맑음,단일로 - 기타,승용,남,69세,상해없음,보행자,남,50세,중상
2019091900100103,2019년 9월 19일 07시,목요일,강원도 춘천시 석사동,경상사고,0,0,1,0,차대차 - 추돌,안전거리미확보,건조,맑음,교차로 - 교차로부근,승용,남,56세,상해없음,승용,남,38세,경상
2019091900100145,2019년 9월 19일 08시,목요일,강원도 원주시 학성동,경상사고,0,0,1,0,차대차 - 기타,교차로운행방법위반,건조,맑음,단일로 - 기타,화물,남,72세,상해없음,승용,여,57세,경상
2019091900100146,2019년 9월 19일 08시,목요일,강원도 홍천군 북방면,중상사고,0,2,0,0,차대차 - 측면충돌,직진우회전진행방해,건조,맑음,교차로 - 교차로안,승용,남,56세,상해없음,승용,여,43세,중상
2019091900100201,2019년 9월 19일 09시,목요일,강원도 춘천시 동면,경상사고,0,0,2,0,차대차 - 기타,직진우회전진행방해,건조,맑음,교차로 - 교차로안,승용,여,59세,상해없음,승용,남,19세,경상
2019091900100202,2019년 9월 19일 09시,목요일,강원도 원주시 문막읍,중상사고,0,1,0,0,차대차 - 정면충돌,신호위반,건조,맑음,교차로 - 교차로안,승용,남,52세,상해없음,화물,남,41세,중상
2019091900100203,2019년 9월 19일 09시,목요일,강원도 원주시 학성동,경상사고,0,0,1,0,차대차 - 측면충돌,신호위반,건조,맑음,교차로 - 교차로안,승용,남,47세,상해없음,승용,여,42세,경상
2019091900100204,2019년 9월 19일 09시,목요일,강원도 영월군 한반도면,부상신고사고,0,0,0,1,차대사람 - 기타,안전운전불이행,건조,맑음,주차장 - 주차장,화물,남,51세,상해없음,보행자,남,55세,부상신고
2019091900100232,2019년 9월 19일 10시,목요일,강원도 원주시 무실동,경상사고,0,0,4,0,차대차 - 측면충돌,교차로운행방법위반,건조,맑음,교차로 - 교차로부근,승용,남,72세,상해없음,승용,남,20세,경상
2019091900100233,2019년 9월 19일 10시,목요일,강원도 태백시 황지동,경상사고,0,0,1,0,차대차 - 측면충돌,안전운전불이행,건조,맑음,단일로 - 기타,승용,여,61세,상해없음,화물,남,61세,경상
2019091900100259,2019년 9월 19일 11시,목요일,강원도 횡성군 우천면,경상사고,0,0,1,1,차대차 - 기타,안전운전불이행,건조,맑음,교차로 - 교차로안,승용,여,53세,상해없음,승용,남,38세,경상
2019091900100319,2019년 9월 19일 13시,목요일,강원도 철원군 동송읍,중상사고,0,1,0,0,차대차 - 측면충돌,기타,건조,맑음,교차로 - 교차로안,이륜,여,74세,중상,농기계,남,39세,상해없음
2019091900100352,2019년 9월 19일 14시,목요일,강원도 원주시 단구동,경상사고,0,0,1,0,차대차 - 측면충돌,차로위반,건조,맑음,단일로 - 기타,승용,남,76세,기타불명,승용,여,40세,경상
2019091900100388,2019년 9월 19일 15시,목요일,강원도 철원군 동송읍,중상사고,0,1,0,0,차대차 - 측면충돌,직진우회전진행방해,건조,맑음,교차로 - 교차로안,이륜,남,56세,상해없음,자전거,남,12세,중상
2019091900100435,2019년 9월 19일 16시,목요일,강원도 춘천시 후평동,중상사고,0,1,0,0,차대사람 - 횡단중,보행자보호의무위반,건조,맑음,교차로 - 교차로횡단보도내,승용,여,57세,상해없음,보행자,여,53세,중상
2019091900100436,2019년 9월 19일 16시,목요일,강원도 양양군 양양읍,경상사고,0,0,1,0,차대사람 - 길가장자리구역통행중,안전운전불이행,건조,맑음,교차로 - 교차로안,승용,여,44세,상해없음,보행자,남,59세,경상
2019091900100437,2019년 9월 19일 16시,목요일,강원도 삼척시 정상동,중상사고,0,1,0,0,차대차 - 추돌,직진우회전진행방해,건조,맑음,교차로 - 교차로안,승용,여,59세,상해없음,원동기,남,37세,중상
2019091900100438,2019년 9월 19일 16시,목요일,강원도 영월군 영월읍,중상사고,0,1,0,0,차대사람 - 횡단중,보행자보호의무위반,건조,맑음,단일로 - 기타,승용,남,44세,상해없음,보행자,남,8세,중상
2019091900100473,2019년 9월 19일 17시,목요일,강원도 홍천군 홍천읍,경상사고,0,0,3,0,차대차 - 측면충돌,직진우회전진행방해,건조,흐림,교차로 - 교차로안,승용,남,47세,상해없음,자전거,여,27세,경상
2019092000100048,2019년 9월 20일 02시,금요일,강원도 원주시 단구동,경상사고,0,0,2,0,차대차 - 정면충돌,교차로운행방법위반,건조,맑음,교차로 - 교차로안,승용,남,40세,상해없음,승용,남,47세,경상
2019092000100089,2019년 9월 20일 06시,금요일,강원도 홍천군 서석면,중상사고,0,2,0,0,차량단독 - 기타,안전운전불이행,건조,맑음,단일로 - 기타,화물,남,62세,상해없음,,,,
2019092000100111,2019년 9월 20일 07시,금요일,강원도 원주시 태장동,경상사고,0,0,1,0,차대차 - 측면충돌,중앙선침범,건조,맑음,기타 - 기타,승용,남,57세,기타불명,화물,여,52세,경상
2019092000100149,2019년 9월 20일 08시,금요일,강원도 홍천군 홍천읍,경상사고,0,0,2,0,차대차 - 측면충돌,안전운전불이행,건조,맑음,단일로 - 기타,화물,남,38세,상해없음,승용,남,45세,경상
2019092000100231,2019년 9월 20일 10시,금요일,강원도 강릉시 성남동,중상사고,0,1,0,0,차대차 - 기타,안전운전불이행,건조,맑음,단일로 - 기타,승용,여,60세,상해없음,자전거,남,76세,중상
2019092000100232,2019년 9월 20일 10시,금요일,강원도 원주시 단계동,부상신고사고,0,0,0,1,차대사람 - 기타,안전운전불이행,건조,맑음,단일로 - 기타,승합,남,48세,기타불명,보행자,여,59세,부상신고
2019092000100270,2019년 9월 20일 11시,금요일,강원도 춘천시 남면,경상사고,0,0,1,0,차대차 - 정면충돌,안전운전불이행,건조,맑음,단일로 - 기타,화물,남,55세,상해없음,이륜,남,71세,경상
2019092000100271,2019년 9월 20일 11시,금요일,강원도 양양군 양양읍,경상사고,0,0,3,0,차대차 - 측면충돌,교차로운행방법위반,건조,맑음,교차로 - 교차로안,승용,남,62세,상해없음,승용,여,37세,경상
2019092000100307,2019년 9월 20일 12시,금요일,강원도 춘천시 후평동,중상사고,0,1,0,0,차대사람 - 기타,보행자보호의무위반,건조,맑음,교차로 - 교차로횡단보도내,승용,남,59세,상해없음,보행자,남,81세,중상
2019092000100308,2019년 9월 20일 12시,금요일,강원도 홍천군 홍천읍,경상사고,0,0,2,0,차대차 - 추돌,안전운전불이행,건조,맑음,교차로 - 교차로부근,승용,남,43세,상해없음,승용,여,46세,경상
2019092000100340,2019년 9월 20일 13시,금요일,강원도 양양군 현북면,경상사고,0,0,1,0,차대차 - 측면충돌,안전운전불이행,건조,맑음,단일로 - 기타,승용,남,35세,상해없음,승용,남,53세,경상
2019092000100387,2019년 9월 20일 15시,금요일,강원도 원주시 문막읍,중상사고,0,2,0,1,차대차 - 추돌,교차로운행방법위반,건조,맑음,교차로 - 교차로안,화물,남,80세,부상신고,화물,남,57세,중상
2019092000100430,2019년 9월 20일 16시,금요일,강원도 강릉시 노암동,경상사고,0,0,1,0,차대사람 - 기타,안전운전불이행,건조,흐림,단일로 - 기타,화물,남,29세,상해없음,보행자,남,51세,경상
2019092000100475,2019년 9월 20일 17시,금요일,강원도 원주시 단계동,중상사고,0,1,0,0,차대사람 - 횡단중,보행자보호의무위반,건조,맑음,단일로 - 기타,승용,남,52세,상해없음,보행자,여,12세,중상
2019092000100476,2019년 9월 20일 17시,금요일,강원도 철원군 서면,경상사고,0,0,2,0,차대차 - 기타,안전운전불이행,건조,맑음,기타 - 기타,농기계,남,71세,상해없음,승합,남,76세,상해없음
2019092000100515,2019년 9월 20일 18시,금요일,강원도 춘천시 효자동,경상사고,0,0,1,0,차대차 - 측면충돌,안전운전불이행,건조,맑음,교차로 - 교차로안,원동기,남,20세,상해없음,승용,남,28세,상해없음
2019092000100516,2019년 9월 20일 18시,금요일,강원도 영월군 영월읍,중상사고,0,1,0,0,차대차 - 측면충돌,교차로운행방법위반,건조,맑음,교차로 - 교차로안,화물,남,37세,상해없음,승용,여,59세,중상
2019092000100567,2019년 9월 20일 19시,금요일,강원도 태백시 황지동,중상사고,0,1,0,0,차대사람 - 횡단중,과속,건조,맑음,단일로 - 기타,승용,남,57세,상해없음,보행자,남,63세,중상
2019092000100681,2019년 9월 20일 22시,금요일,강원도 강릉시 옥천동,경상사고,0,0,2,0,차대차 - 측면충돌,안전운전불이행,건조,맑음,교차로 - 교차로안,승용,남,45세,상해없음,승용,남,21세,경상
2019092000100682,2019년 9월 20일 22시,금요일,강원도 삼척시 당저동,경상사고,0,0,5,0,차대차 - 측면충돌,직진우회전진행방해,건조,맑음,교차로 - 교차로안,승용,여,53세,상해없음,승용,여,44세,경상
2019092100100036,2019년 9월 21일 00시,토요일,강원도 춘천시 동면,경상사고,0,0,2,0,차대차 - 측면충돌,신호위반,건조,맑음,교차로 - 교차로안,승용,남,53세,상해없음,승용,남,59세,경상
2019092100100124,2019년 9월 21일 06시,토요일,강원도 속초시 교동,경상사고,0,0,1,0,차대차 - 측면충돌,차로위반,건조,맑음,단일로 - 고가도로위,승용,남,71세,상해없음,승용,남,47세,경상
2019092100100144,2019년 9월 21일 07시,토요일,강원도 춘천시 중앙로1가,중상사고,0,1,0,0,차대차 - 측면충돌,신호위반,건조,맑음,교차로 - 교차로안,승용,남,71세,상해없음,승용,남,73세,상해없음
2019092100100145,2019년 9월 21일 07시,토요일,강원도 강릉시 포남동,경상사고,0,0,1,0,차량단독 - 기타,안전운전불이행,건조,맑음,단일로 - 기타,승합,남,55세,상해없음,,,,
2019092100100146,2019년 9월 21일 07시,토요일,강원도 철원군 갈말읍,중상사고,0,1,1,0,차대차 - 측면충돌,신호위반,건조,맑음,교차로 - 교차로안,화물,남,54세,상해없음,화물,남,56세,경상
2019092100100158,2019년 9월 21일 08시,토요일,강원도 속초시 교동,중상사고,0,1,0,0,차대사람 - 길가장자리구역통행중,안전운전불이행,건조,맑음,단일로 - 지하차도(도로)내,승용,여,61세,상해없음,보행자,남,53세,중상
2019092100100181,2019년 9월 21일 09시,토요일,강원도 양양군 양양읍,경상사고,0,0,2,0,차대차 - 추돌,안전운전불이행,건조,맑음,단일로 - 지하차도(도로)내,승용,남,64세,상해없음,승용,남,42세,경상
2019092100100182,2019년 9월 21일 09시,토요일,강원도 태백시 화전동,경상사고,0,0,1,0,차대차 - 측면충돌,차로위반,젖음/습기,비,교차로 - 교차로부근,승용,남,71세,상해없음,승용,남,44세,경상
2019092100100234,2019년 9월 21일 11시,토요일,강원도 춘천시 소양로2가,경상사고,0,0,2,0,차대차 - 기타,교차로운행방법위반,건조,맑음,교차로 - 교차로안,승용,남,61세,상해없음,화물,남,79세,경상
2019092100100235,2019년 9월 21일 11시,토요일,강원도 강릉시 교동,경상사고,0,0,1,0,차대차 - 후진중충돌,안전운전불이행,건조,맑음,단일로 - 기타,화물,남,78세,상해없음,이륜,남,32세,경상
2019092100100236,2019년 9월 21일 11시,토요일,강원도 원주시 개운동,중상사고,0,1,0,0,차대사람 - 기타,안전운전불이행,젖음/습기,비,단일로 - 기타,승합,남,61세,상해없음,보행자,남,63세,중상
2019092100100237,2019년 9월 21일 11시,토요일,강원도 원주시 명륜동,경상사고,0,0,1,0,차대차 - 기타,안전운전불이행,젖음/습기,비,기타 - 기타,승용,여,37세,상해없음,자전거,남,53세,경상
2019092100100285,2019년 9월 21일 12시,토요일,강원도 삼척시 우지동,경상사고,0,0,2,0,차대차 - 측면충돌,차로위반,젖음/습기,비,교차로 - 교차로부근,건설기계,남,49세,상해없음,승용,남,55세,경상
2019092100100286,2019년 9월 21일 12시,토요일,강원도 영월군 영월읍,부상신고사고,0,0,0,2,차량단독 - 공작물충돌,안전운전불이행,젖음/습기,비,단일로 - 지하차도(도로)내,승용,남,24세,부상신고,,,,
2019092100100287,2019년 9월 21일 12시,토요일,강원도 평창군 대화면,중상사고,0,2,1,0,차대차 - 측면충돌,중앙선침범,건조,맑음,단일로 - 기타,승용,남,66세,상해없음,승합,여,58세,중상
2019092100100288,2019년 9월 21일 12시,토요일,강원도 철원군 서면,경상사고,0,0,4,0,차대차 - 측면충돌,직진우회전진행방해,건조,맑음,교차로 - 교차로안,화물,남,61세,상해없음,화물,남,59세,경상
2019092100100354,2019년 9월 21일 14시,토요일,강원도 원주시 행구동,중상사고,0,1,4,1,차대차 - 추돌,안전운전불이행,건조,맑음,교차로 - 교차로부근,승용,남,44세,부상신고,승용,여,41세,경상
2019092100100355,2019년 9월 21일 14시,토요일,강원도 횡성군 횡성읍,경상사고,0,0,1,0,차대차 - 측면충돌,중앙선침범,젖음/습기,비,단일로 - 기타,화물,남,21세,상해없음,승용,여,52세,경상
2019092100100425,2019년 9월 21일 16시,토요일,강원도 춘천시 효자동,경상사고,0,0,1,0,차대차 - 측면충돌,안전거리미확보,건조,흐림,단일로 - 기타,이륜,남,48세,상해없음,승용,남,59세,경상
2019092100100426,2019년 9월 21일 16시,토요일,강원도 춘천시 중앙로1가,경상사고,0,0,1,0,차대차 - 측면충돌,직진우회전진행방해,건조,맑음,교차로 - 교차로안,승용,남,55세,상해없음,승용,남,55세,경상
2019092100100427,2019년 9월 21일 16시,토요일,강원도 춘천시 약사동,사망사고,1,0,0,0,차대차 - 측면충돌,안전운전불이행,건조,흐림,단일로 - 기타,자전거,남,79세,사망,승합,남,47세,상해없음
2019092100100460,2019년 9월 21일 17시,토요일,강원도 춘천시 서면,중상사고,0,1,0,0,차대사람 - 기타,안전운전불이행,건조,맑음,교차로 - 교차로부근,화물,남,61세,상해없음,보행자,남,66세,중상
2019092100100501,2019년 9월 21일 18시,토요일,강원도 춘천시 효자동,경상사고,0,0,1,0,차대차 - 측면충돌,안전운전불이행,건조,맑음,단일로 - 기타,승용,남,62세,상해없음,이륜,남,26세,경상
2019092100100502,2019년 9월 21일 18시,토요일,강원도 원주시 지정면,중상사고,0,1,0,0,차량단독 - 전도전복 - 전도,안전운전불이행,젖음/습기,비,교차로 - 교차로안,이륜,남,62세,중상,,,,
2019092100100555,2019년 9월 21일 19시,토요일,강원도 원주시 행구동,중상사고,0,1,1,0,차대차 - 측면충돌,직진우회전진행방해,건조,맑음,교차로 - 교차로안,승용,남,72세,상해없음,승용,여,63세,중상
2019092100100556,2019년 9월 21일 19시,토요일,강원도 원주시 문막읍,중상사고,0,1,0,0,차대사람 - 횡단중,안전운전불이행,젖음/습기,비,교차로 - 교차로안,승용,남,55세,상해없음,보행자,남,51세,중상
2019092100100557,2019년 9월 21일 19시,토요일,강원도 원주시 학성동,사망사고,1,0,2,0,차대사람 - 횡단중,보행자보호의무위반,젖음/습기,비,단일로 - 기타,승합,남,57세,상해없음,보행자,남,79세,사망
2019092100100622,2019년 9월 21일 20시,토요일,강원도 원주시 문막읍,경상사고,0,0,1,0,차대차 - 측면충돌,안전운전불이행,젖음/습기,비,교차로 - 교차로안,승용,남,53세,상해없음,승용,남,58세,경상
2019092100100665,2019년 9월 21일 21시,토요일,강원도 춘천시 효자동,경상사고,0,0,1,0,차대사람 - 횡단중,보행자보호의무위반,건조,맑음,단일로 - 기타,이륜,기타불명,미분류,기타불명,보행자,남,76세,경상
2019092100100666,2019년 9월 21일 21시,토요일,강원도 원주시 단계동,경상사고,0,0,2,0,차대차 - 측면충돌,신호위반,젖음/습기,비,교차로 - 교차로안,승용,남,59세,상해없음,승용,남,80세,상해없음
2019092200100135,2019년 9월 22일 08시,일요일,강원도 원주시 태장동,경상사고,0,0,1,0,차대차 - 측면충돌,직진우회전진행방해,젖음/습기,비,교차로 - 교차로안,승용,여,42세,상해없음,승용,남,40세,경상
2019092200100165,2019년 9월 22일 10시,일요일,강원도 춘천시 온의동,경상사고,0,0,1,0,차대차 - 측면충돌,안전거리미확보,젖음/습기,비,단일로 - 기타,승용,남,60세,상해없음,화물,남,64세,경상
2019092200100201,2019년 9월 22일 12시,일요일,강원도 원주시 명륜동,경상사고,0,0,1,0,차대사람 - 보도통행중,안전운전불이행,젖음/습기,비,단일로 - 기타,승용,여,58세,상해없음,보행자,여,83세,경상
2019092200100224,2019년 9월 22일 13시,일요일,강원도 춘천시 동내면,경상사고,0,0,1,0,차대차 - 측면충돌,기타,젖음/습기,비,단일로 - 기타,승합,남,39세,상해없음,원동기,남,21세,경상
2019092200100225,2019년 9월 22일 13시,일요일,강원도 춘천시 동면,경상사고,0,0,1,0,차대차 - 측면충돌,직진우회전진행방해,젖음/습기,비,교차로 - 교차로안,승용,여,52세,상해없음,승용,여,51세,경상
2019092200100253,2019년 9월 22일 14시,일요일,강원도 원주시 지정면,경상사고,0,0,3,0,차대차 - 기타,안전거리미확보,젖음/습기,비,교차로 - 교차로부근,승용,남,73세,상해없음,승용,여,36세,경상