사고번호,사고일시,요일,시군구,사고내용,사망자수,중상자수,경상자수,부상신고자수,사고유형,법규위반,노면상태,기상상태,도로형태,가해운전자 차종,가해운전자 성별,가해운전자 연령,가해운전자 상해정도,피해운전자 차종,피해운전자 성별,피해운전자 연령,피해운전자 상해정도
2019092200100303,2019년 9월 22일 16시,일요일,강원도 춘천시 온의동,경상사고,0,0,3,0,차대차 - 기타,안전거리미확보,젖음/습기,비,단일로 - 기타,승용,남,63세,상해없음,승용,여,52세,경상
2019092200100304,2019년 9월 22일 16시,일요일,강원도 속초시 조양동,중상사고,0,1,1,0,차대차 - 측면충돌,직진우회전진행방해,젖음/습기,비,교차로 - 교차로안,승합,남,59세,상해없음,승용,남,55세,경상
2019092200100333,2019년 9월 22일 17시,일요일,강원도 원주시 지정면,사망사고,1,0,0,0,차량단독 - 도로외이탈 - 추락,안전운전불이행,젖음/습기,비,단일로 - 기타,화물,남,74세,기타불명,,,,
2019092200100334,2019년 9월 22일 17시,일요일,강원도 홍천군 서석면,경상사고,0,0,2,0,차대차 - 추돌,안전운전불이행,젖음/습기,비,단일로 - 기타,승용,남,39세,상해없음,승용,남,58세,경상
2019092200100359,2019년 9월 22일 18시,일요일,강원도 원주시 단계동,경상사고,0,0,2,0,차대차 - 측면충돌,안전운전불이행,젖음/습기,비,교차로 - 교차로부근,이륜,남,26세,상해없음,승용,여,55세,경상
2019092200100393,2019년 9월 22일 19시,일요일,강원도 원주시 우산동,중상사고,0,1,1,0,차대차 - 측면충돌,안전거리미확보,건조,맑음,단일로 - 기타,승합,남,51세,상해없음,승용,남,25세,중상
2019092300100038,2019년 9월 23일 01시,월요일,강원도 원주시 단계동,경상사고,0,0,1,0,차대차 - 측면충돌,안전운전불이행,건조,맑음,교차로 - 교차로안,승용,남,27세,상해없음,승용,남,46세,경상
2019092300100059,2019년 9월 23일 05시,월요일,강원도 원주시 학성동,경상사고,0,0,1,0,차대차 - 측면충돌,안전운전불이행,건조,맑음,교차로 - 교차로부근,승용,여,47세,상해없음,화물,여,52세,경상
2019092300100089,2019년 9월 23일 07시,월요일,강원도 홍천군 내면,중상사고,0,1,0,0,차대차 - 정면충돌,중앙선침범,젖음/습기,흐림,단일로 - 교량,화물,남,44세,상해없음,승용,남,56세,중상
2019092300100180,2019년 9월 23일 09시,월요일,강원도 홍천군 두촌면,경상사고,0,0,2,0,차대차 - 측면충돌,안전운전불이행,건조,맑음,단일로 - 기타,건설기계,남,59세,경상,화물,남,58세,경상
2019092300100213,2019년 9월 23일 10시,월요일,강원도 춘천시 후평동,경상사고,0,0,1,0,차대사람 - 기타,안전운전불이행,건조,맑음,교차로 - 교차로횡단보도내,승용,남,37세,상해없음,보행자,남,83세,경상
2019092300100214,2019년 9월 23일 10시,월요일,강원도 원주시 소초면,중상사고,0,1,1,0,차대차 - 추돌,안전운전불이행,건조,맑음,단일로 - 기타,승용,여,45세,상해없음,승용,여,55세,중상
2019092300100215,2019년 9월 23일 10시,월요일,강원도 삼척시 정하동,부상신고사고,0,0,0,1,차대차 - 추돌,안전거리미확보,건조,맑음,단일로 - 기타,원동기,남,82세,부상신고,화물,남,39세,상해없음
2019092300100247,2019년 9월 23일 11시,월요일,강원도 춘천시 동내면,중상사고,0,2,3,0,차대차 - 측면충돌,신호위반,건조,맑음,교차로 - 교차로안,승용,남,72세,중상,승용,남,51세,경상
2019092300100381,2019년 9월 23일 15시,월요일,강원도 춘천시 조양동,경상사고,0,0,1,0,차대사람 - 횡단중,안전운전불이행,건조,맑음,기타 - 기타,화물,남,55세,상해없음,보행자,남,22세,경상
2019092300100382,2019년 9월 23일 15시,월요일,강원도 원주시 관설동,중상사고,0,2,1,0,차대차 - 추돌,안전운전불이행,건조,맑음,단일로 - 교량,승용,남,19세,상해없음,승용,여,42세,경상
2019092300100418,2019년 9월 23일 16시,월요일,강원도 강릉시 송정동,중상사고,0,1,0,0,차대사람 - 보도통행중,신호위반,건조,맑음,단일로 - 기타,승용,여,60세,상해없음,보행자,여,10세,중상
2019092300100447,2019년 9월 23일 17시,월요일,강원도 강릉시 주문진읍,중상사고,0,1,0,0,차대차 - 측면충돌,안전운전불이행,건조,맑음,교차로 - 교차로안,승용,남,50세,상해없음,이륜,남,60세,중상
2019092300100448,2019년 9월 23일 17시,월요일,강원도 화천군 사내면,경상사고,0,0,4,0,차대차 - 측면충돌,안전운전불이행,건조,맑음,교차로 - 교차로안,승용,여,63세,경상,승용,남,72세,경상
2019092300100506,2019년 9월 23일 18시,월요일,강원도 춘천시 퇴계동,경상사고,0,0,1,0,차대차 - 측면충돌,신호위반,건조,맑음,교차로 - 교차로안,승용,여,57세,상해없음,승용,남,67세,경상
2019092300100589,2019년 9월 23일 20시,월요일,강원도 원주시 무실동,경상사고,0,0,3,0,차대차 - 정면충돌,안전거리미확보,건조,맑음,교차로 - 교차로부근,승용,남,54세,상해없음,승용,남,27세,경상
2019092300100590,2019년 9월 23일 20시,월요일,강원도 속초시 교동,경상사고,0,0,1,0,차대차 - 측면충돌,직진우회전진행방해,건조,맑음,교차로 - 교차로안,화물,남,47세,상해없음,이륜,남,25세,경상
2019092300100671,2019년 9월 23일 23시,월요일,강원도 강릉시 포남동,경상사고,0,0,1,0,차대차 - 측면충돌,안전운전불이행,건조,맑음,교차로 - 교차로안,승용,남,52세,상해없음,승용,남,24세,경상
2019092400100020,2019년 9월 24일 00시,화요일,강원도 고성군 거진읍,경상사고,0,0,1,0,차대차 - 정면충돌,중앙선침범,건조,맑음,기타 - 기타,승용,남,54세,상해없음,승용,남,62세,경상
2019092400100035,2019년 9월 24일 01시,화요일,강원도 원주시 단계동,중상사고,0,1,0,0,차대차 - 측면충돌,안전운전불이행,건조,맑음,교차로 - 교차로안,승용,남,54세,상해없음,원동기,남,26세,중상
2019092400100073,2019년 9월 24일 05시,화요일,강원도 홍천군 북방면,경상사고,0,0,2,0,차대차 - 측면충돌,교차로운행방법위반,건조,맑음,교차로 - 교차로안,승합,남,37세,경상,승합,남,66세,경상
2019092400100112,2019년 9월 24일 07시,화요일,강원도 홍천군 홍천읍,경상사고,0,0,1,0,차대차 - 측면충돌,신호위반,건조,맑음,교차로 - 교차로안,화물,남,26세,상해없음,화물,남,60세,경상
2019092400100147,2019년 9월 24일 08시,화요일,강원도 춘천시 동면,경상사고,0,0,1,0,차대차 - 측면충돌,안전운전불이행,건조,맑음,교차로 - 교차로부근,이륜,남,71세,상해없음,승용,여,24세,경상
2019092400100148,2019년 9월 24일 08시,화요일,강원도 원주시 지정면,경상사고,0,0,2,0,차대차 - 측면충돌,안전거리미확보,건조,맑음,단일로 - 기타,화물,남,65세,기타불명,승용,남,50세,경상
2019092400100149,2019년 9월 24일 08시,화요일,강원도 원주시 단계동,중상사고,0,1,0,0,차대차 - 측면충돌,신호위반,건조,맑음,교차로 - 교차로안,승용,남,63세,상해없음,자전거,남,23세,중상
2019092400100221,2019년 9월 24일 10시,화요일,강원도 원주시 호저면,경상사고,0,0,1,1,차대차 - 추돌,안전거리미확보,건조,맑음,교차로 - 교차로안,승용,여,49세,부상신고,승용,여,44세,경상
2019092400100222,2019년 9월 24일 10시,화요일,강원도 원주시 태장동,중상사고,0,1,0,0,차대차 - 기타,안전운전불이행,건조,맑음,단일로 - 기타,승용,여,41세,상해없음,자전거,남,65세,중상
2019092400100223,2019년 9월 24일 10시,화요일,강원도 삼척시 원덕읍,경상사고,0,0,1,0,차대차 - 측면충돌,안전운전불이행,건조,맑음,단일로 - 지하차도(도로)내,화물,남,47세,상해없음,승용,여,66세,경상
2019092400100224,2019년 9월 24일 10시,화요일,강원도 정선군 신동읍,경상사고,0,0,1,0,차대차 - 추돌,안전운전불이행,건조,맑음,교차로 - 교차로안,건설기계,남,26세,상해없음,승용,남,47세,경상
2019092400100259,2019년 9월 24일 11시,화요일,강원도 원주시 단계동,경상사고,0,0,3,0,차대차 - 기타,안전운전불이행,건조,맑음,교차로 - 교차로부근,승용,남,74세,경상,승용,여,50세,경상
2019092400100260,2019년 9월 24일 11시,화요일,강원도 화천군 상서면,경상사고,0,0,2,0,차대차 - 측면충돌,안전운전불이행,건조,맑음,단일로 - 기타,이륜,남,50세,경상,승용,여,31세,경상
2019092400100261,2019년 9월 24일 11시,화요일,강원도 태백시 황지동,경상사고,0,0,3,0,차대차 - 측면충돌,교차로운행방법위반,건조,맑음,교차로 - 교차로안,승용,여,43세,상해없음,승용,여,53세,경상
2019092400100262,2019년 9월 24일 11시,화요일,강원도 양구군 양구읍,경상사고,0,0,1,0,차대차 - 기타,교차로운행방법위반,건조,맑음,교차로 - 교차로안,승용,여,59세,상해없음,승용,여,66세,경상
2019092400100295,2019년 9월 24일 12시,화요일,강원도 정선군 정선읍,중상사고,0,1,0,0,차대사람 - 기타,안전운전불이행,건조,맑음,단일로 - 기타,자전거,여,48세,상해없음,보행자,여,61세,중상
2019092400100336,2019년 9월 24일 13시,화요일,강원도 원주시 문막읍,경상사고,0,0,2,1,차대차 - 정면충돌,안전운전불이행,건조,맑음,교차로 - 교차로안,승용,남,76세,부상신고,화물,남,42세,경상
2019092400100337,2019년 9월 24일 13시,화요일,강원도 원주시 우산동,중상사고,0,1,0,0,차대사람 - 횡단중,보행자보호의무위반,건조,맑음,교차로 - 교차로부근,승용,남,37세,상해없음,보행자,남,86세,중상
2019092400100338,2019년 9월 24일 13시,화요일,강원도 속초시 금호동,경상사고,0,0,1,0,차대차 - 후진중충돌,안전운전불이행,건조,맑음,주차장 - 주차장,승용,남,72세,상해없음,승용,여,50세,경상
2019092400100339,2019년 9월 24일 13시,화요일,강원도 태백시 황지동,중상사고,0,4,0,0,차대차 - 측면충돌,안전운전불이행,건조,맑음,교차로 - 교차로안,승용,남,64세,상해없음,승용,여,62세,중상
2019092400100340,2019년 9월 24일 13시,화요일,강원도 횡성군 둔내면,중상사고,0,2,2,0,차대차 - 추돌,안전운전불이행,건조,맑음,단일로 - 기타,화물,남,31세,상해없음,승용,여,50세,중상
2019092400100420,2019년 9월 24일 15시,화요일,강원도 동해시 부곡동,중상사고,0,1,0,0,차대사람 - 횡단중,보행자보호의무위반,건조,맑음,단일로 - 기타,승용,여,67세,상해없음,보행자,여,71세,중상
2019092400100479,2019년 9월 24일 16시,화요일,강원도 원주시 일산동,경상사고,0,0,1,0,차대차 - 측면충돌,안전운전불이행,건조,맑음,교차로 - 교차로안,승용,여,46세,상해없음,승용,남,75세,상해없음
2019092400100520,2019년 9월 24일 17시,화요일,강원도 춘천시 후평동,경상사고,0,0,1,0,차대차 - 정면충돌,직진우회전진행방해,건조,맑음,교차로 - 교차로안,승용,기타불명,미분류,기타불명,승용,여,45세,경상
2019092400100521,2019년 9월 24일 17시,화요일,강원도 속초시 동명동,중상사고,0,2,0,0,차대차 - 측면충돌,안전운전불이행,건조,맑음,단일로 - 기타,승용,남,50세,중상,자전거,남,73세,중상
2019092400100575,2019년 9월 24일 18시,화요일,강원도 삼척시 도계읍,사망사고,1,0,0,0,차량단독 - 전도전복 - 전도,안전운전불이행,건조,맑음,단일로 - 기타,농기계,남,69세,사망,,,,
2019092400100576,2019년 9월 24일 18시,화요일,강원도 태백시 장성동,중상사고,0,1,0,0,차대사람 - 횡단중,보행자보호의무위반,건조,맑음,단일로 - 기타,승용,남,61세,상해없음,보행자,여,68세,중상
2019092400100631,2019년 9월 24일 19시,화요일,강원도 춘천시 서면,중상사고,0,1,0,0,차대차 - 기타,안전운전불이행,건조,맑음,단일로 - 기타,기타불명,기타불명,미분류,기타불명,자전거,남,62세,중상
2019092400100632,2019년 9월 24일 19시,화요일,강원도 강릉시 옥계면,중상사고,0,1,0,0,차대차 - 추돌,안전운전불이행,건조,맑음,단일로 - 기타,승용,남,42세,상해없음,원동기,여,62세,중상
2019092400100633,2019년 9월 24일 19시,화요일,강원도 홍천군 홍천읍,경상사고,0,0,4,0,차대차 - 추돌,안전거리미확보,건조,맑음,단일로 - 기타,승용,남,61세,상해없음,승합,남,58세,경상
2019092400100634,2019년 9월 24일 19시,화요일,강원도 동해시 효가동,경상사고,0,0,1,0,차대차 - 추돌,안전거리미확보,건조,맑음,교차로 - 교차로부근,승용,여,25세,상해없음,승용,남,37세,상해없음
2019092400100635,2019년 9월 24일 19시,화요일,강원도 춘천시 동산면,경상사고,0,0,2,0,차대차 - 측면충돌,안전운전불이행,건조,맑음,단일로 - 기타,화물,남,51세,상해없음,승용,여,44세,경상
2019092400100705,2019년 9월 24일 21시,화요일,강원도 춘천시 퇴계동,경상사고,0,0,1,0,차대차 - 측면충돌,안전운전불이행,건조,맑음,교차로 - 교차로안,승용,남,66세,상해없음,자전거,여,30세,경상
2019092400100706,2019년 9월 24일 21시,화요일,강원도 강릉시 교동,경상사고,0,0,1,0,차대차 - 측면충돌,안전운전불이행,건조,맑음,교차로 - 교차로안,승용,여,53세,상해없음,승용,여,64세,경상
2019092400100707,2019년 9월 24일 21시,화요일,강원도 홍천군 홍천읍,중상사고,0,1,2,0,차대차 - 측면충돌,교차로운행방법위반,건조,맑음,교차로 - 교차로안,승용,남,63세,상해없음,승용,남,31세,경상
2019092500100070,2019년 9월 25일 04시,수요일,강원도 강릉시 교동,경상사고,0,0,1,0,차대차 - 측면충돌,신호위반,건조,맑음,교차로 - 교차로안,승합,남,66세,상해없음,승용,남,19세,경상
2019092500100094,2019년 9월 25일 06시,수요일,강원도 춘천시 퇴계동,경상사고,0,0,1,0,차대사람 - 기타,안전운전불이행,건조,맑음,교차로 - 교차로안,승용,남,58세,상해없음,보행자,남,76세,경상
2019092500100095,2019년 9월 25일 06시,수요일,강원도 춘천시 효자동,경상사고,0,0,2,0,차대차 - 측면충돌,신호위반,건조,맑음,교차로 - 교차로안,승용,남,55세,상해없음,승용,남,67세,경상
2019092500100186,2019년 9월 25일 09시,수요일,강원도 원주시 단구동,경상사고,0,0,1,0,차대차 - 측면충돌,안전운전불이행,건조,맑음,단일로 - 기타,승용,남,65세,상해없음,승용,여,38세,경상
2019092500100187,2019년 9월 25일 09시,수요일,강원도 원주시 지정면,경상사고,0,0,3,0,차대차 - 추돌,안전거리미확보,건조,맑음,단일로 - 기타,승용,여,35세,상해없음,승용,여,33세,경상
2019092500100234,2019년 9월 25일 10시,수요일,강원도 원주시 태장동,경상사고,0,0,1,0,차대차 - 측면충돌,신호위반,건조,맑음,교차로 - 교차로안,승용,남,73세,상해없음,승용,남,36세,경상
2019092500100261,2019년 9월 25일 11시,수요일,강원도 춘천시 동내면,경상사고,0,0,3,0,차대차 - 측면충돌,안전운전불이행,건조,맑음,교차로 - 교차로안,승용,남,59세,상해없음,특수,남,52세,경상
2019092500100262,2019년 9월 25일 11시,수요일,강원도 양양군 양양읍,경상사고,0,0,1,0,차대차 - 측면충돌,기타,건조,맑음,교차로 - 교차로안,승용,남,60세,상해없음,승용,남,55세,경상
2019092500100263,2019년 9월 25일 11시,수요일,강원도 철원군 갈말읍,중상사고,0,1,0,0,차대차 - 후진중충돌,안전운전불이행,건조,맑음,교차로 - 교차로안,화물,남,35세,상해없음,이륜,여,64세,중상
2019092500100296,2019년 9월 25일 12시,수요일,강원도 강릉시 임당동,경상사고,0,0,1,0,차대차 - 기타,안전운전불이행,건조,맑음,단일로 - 기타,승용,남,24세,상해없음,원동기,남,37세,경상
2019092500100353,2019년 9월 25일 14시,수요일,강원도 강릉시 옥천동,경상사고,0,0,1,0,차대차 - 추돌,안전운전불이행,건조,맑음,교차로 - 교차로안,승용,남,54세,상해없음,승용,남,38세,경상
2019092500100354,2019년 9월 25일 14시,수요일,강원도 삼척시 원덕읍,사망사고,1,0,0,0,차량단독 - 전도전복 - 전도,안전운전불이행,건조,맑음,교차로 - 교차로안,건설기계,남,61세,사망,,,,
2019092500100387,2019년 9월 25일 15시,수요일,강원도 춘천시 후평동,경상사고,0,0,1,1,차대사람 - 기타,안전운전불이행,건조,맑음,단일로 - 기타,승용,여,59세,상해없음,보행자,여,57세,부상신고
2019092500100388,2019년 9월 25일 15시,수요일,강원도 춘천시 온의동,경상사고,0,0,2,0,차대차 - 측면충돌,안전운전불이행,건조,맑음,단일로 - 기타,화물,남,66세,상해없음,승합,남,56세,상해없음
2019092500100389,2019년 9월 25일 15시,수요일,강원도 정선군 임계면,경상사고,0,0,2,0,차대차 - 추돌,안전운전불이행,건조,맑음,기타 - 기타,화물,남,61세,기타불명,승용,남,73세,경상
2019092500100438,2019년 9월 25일 16시,수요일,강원도 원주시 문막읍,중상사고,0,1,0,0,차대차 - 추돌,안전운전불이행,건조,맑음,교차로 - 교차로안,승합,여,60세,상해없음,사륜오토바이(ATV),남,80세,중상
2019092500100439,2019년 9월 25일 16시,수요일,강원도 홍천군 홍천읍,경상사고,0,0,1,0,차대사람 - 기타,안전운전불이행,건조,맑음,교차로 - 교차로안,승용,여,33세,상해없음,보행자,남,27세,경상
2019092500100440,2019년 9월 25일 16시,수요일,강원도 평창군 진부면,중상사고,0,1,0,0,차대차 - 측면충돌,안전운전불이행,건조,맑음,기타 - 기타,화물,남,31세,상해없음,화물,남,71세,중상
2019092500100472,2019년 9월 25일 17시,수요일,강원도 강릉시 사천면,경상사고,0,0,2,0,차대차 - 추돌,안전운전불이행,건조,맑음,교차로 - 교차로안,승용,여,45세,상해없음,승용,남,69세,경상
2019092500100473,2019년 9월 25일 17시,수요일,강원도 원주시 명륜동,경상사고,0,0,2,0,차대차 - 측면충돌,안전운전불이행,건조,맑음,단일로 - 기타,승용,남,81세,상해없음,승합,남,44세,상해없음
2019092500100474,2019년 9월 25일 17시,수요일,강원도 원주시 단계동,경상사고,0,0,1,0,차대차 - 측면충돌,차로위반,건조,맑음,기타 - 기타,승용,여,33세,상해없음,승용,남,62세,경상
2019092500100528,2019년 9월 25일 18시,수요일,강원도 원주시 문막읍,경상사고,0,0,4,0,차대차 - 추돌,안전운전불이행,건조,맑음,단일로 - 기타,승용,남,36세,경상,승용,남,46세,경상
2019092500100582,2019년 9월 25일 19시,수요일,강원도 원주시 흥업면,경상사고,0,0,1,0,차대차 - 추돌,안전거리미확보,건조,맑음,단일로 - 기타,화물,남,41세,상해없음,건설기계,남,56세,경상
2019092500100622,2019년 9월 25일 20시,수요일,강원도 횡성군 공근면,경상사고,0,0,1,0,차대차 - 정면충돌,안전운전불이행,건조,맑음,교차로 - 교차로안,승용,남,51세,상해없음,화물,남,58세,경상
2019092600100028,2019년 9월 26일 00시,목요일,강원도 춘천시 퇴계동,경상사고,0,0,1,0,차대사람 - 횡단중,보행자보호의무위반,건조,맑음,교차로 - 교차로횡단보도내,승용,남,50세,상해없음,보행자,남,25세,경상
2019092600100048,2019년 9월 26일 02시,목요일,강원도 강릉시 주문진읍,경상사고,0,0,1,0,차량단독 - 전도전복 - 전도,안전운전불이행,건조,맑음,단일로 - 기타,원동기,남,17세,경상,,,,
2019092600100059,2019년 9월 26일 05시,목요일,강원도 속초시 도문동,사망사고,1,0,2,0,차대차 - 추돌,안전운전불이행,건조,흐림,단일로 - 지하차도(도로)내,이륜,남,76세,사망,승용,남,54세,경상
2019092600100155,2019년 9월 26일 09시,목요일,강원도 춘천시 후평동,중상사고,0,1,0,0,차대사람 - 기타,안전운전불이행,건조,맑음,단일로 - 기타,이륜,남,18세,상해없음,보행자,남,75세,중상
2019092600100156,2019년 9월 26일 09시,목요일,강원도 삼척시 원덕읍,중상사고,0,1,0,0,차대사람 - 길가장자리구역통행중,안전운전불이행,건조,맑음,주차장 - 주차장,화물,남,49세,상해없음,보행자,남,70세,중상
2019092600100189,2019년 9월 26일 10시,목요일,강원도 삼척시 근덕면,경상사고,0,0,1,0,차대차 - 기타,안전운전불이행,건조,맑음,단일로 - 기타,화물,남,69세,상해없음,사륜오토바이(ATV),남,79세,상해없음
2019092600100224,2019년 9월 26일 11시,목요일,강원도 춘천시 중앙로3가,경상사고,0,0,1,0,차대사람 - 기타,안전운전불이행,건조,맑음,단일로 - 기타,개인형이동수단(PM),여,33세,경상,보행자,남,90세 이상,상해없음
2019092600100225,2019년 9월 26일 11시,목요일,강원도 원주시 행구동,경상사고,0,0,1,0,차대차 - 후진중충돌,안전운전불이행,건조,맑음,교차로 - 교차로안,승용,여,29세,상해없음,화물,남,42세,경상
2019092600100226,2019년 9월 26일 11시,목요일,강원도 고성군 토성면,경상사고,0,0,1,0,차대차 - 추돌,안전운전불이행,건조,맑음,교차로 - 교차로안,건설기계,남,58세,상해없음,승용,남,31세,상해없음
2019092600100258,2019년 9월 26일 12시,목요일,강원도 춘천시 근화동,경상사고,0,0,1,0,차량단독 - 기타,안전운전불이행,건조,맑음,단일로 - 기타,이륜,남,74세,경상,,,,
2019092600100259,2019년 9월 26일 12시,목요일,강원도 강릉시 내곡동,경상사고,0,0,1,0,차대사람 - 기타,안전운전불이행,건조,맑음,기타 - 기타,승용,남,40세,상해없음,보행자,여,26세,경상
2019092600100260,2019년 9월 26일 12시,목요일,강원도 태백시 황지동,중상사고,0,1,0,0,차대차 - 측면충돌,안전운전불이행,건조,맑음,교차로 - 교차로부근,승용,남,80세,상해없음,자전거,남,70세,중상
2019092600100295,2019년 9월 26일 13시,목요일,강원도 춘천시 사농동,경상사고,0,0,3,0,차대차 - 측면충돌,교차로운행방법위반,건조,맑음,교차로 - 교차로안,이륜,남,40세,상해없음,승용,여,51세,경상
2019092600100296,2019년 9월 26일 13시,목요일,강원도 원주시 문막읍,중상사고,0,1,0,0,차대사람 - 횡단중,안전운전불이행,건조,맑음,단일로 - 기타,승용,남,80세,상해없음,보행자,여,62세,중상
2019092600100297,2019년 9월 26일 13시,목요일,강원도 태백시 황지동,중상사고,0,1,0,0,차대차 - 측면충돌,안전운전불이행,건조,맑음,단일로 - 기타,승용,남,41세,상해없음,이륜,남,76세,중상
2019092600100322,2019년 9월 26일 14시,목요일,강원도 춘천시 퇴계동,부상신고사고,0,0,0,1,차대차 - 측면충돌,안전운전불이행,건조,맑음,교차로 - 교차로횡단보도내,승용,남,78세,상해없음,개인형이동수단(PM),남,25세,부상신고
2019092600100487,2019년 9월 26일 18시,목요일,강원도 강릉시 노암동,경상사고,0,0,4,0,차대차 - 측면충돌,안전운전불이행,건조,맑음,단일로 - 기타,승용,여,46세,상해없음,승용,남,35세,경상
2019092600100488,2019년 9월 26일 18시,목요일,강원도 원주시 문막읍,중상사고,0,1,0,0,차대차 - 측면충돌,안전운전불이행,건조,맑음,교차로 - 교차로안,승용,여,44세,상해없음,자전거,남,55세,중상
2019092600100612,2019년 9월 26일 21시,목요일,강원도 춘천시 효자동,부상신고사고,0,0,0,1,차대사람 - 횡단중,안전운전불이행,건조,맑음,교차로 - 교차로안,이륜,남,27세,상해없음,보행자,남,48세,부상신고
2019092600100613,2019년 9월 26일 21시,목요일,강원도 춘천시 온의동,중상사고,0,2,2,0,차대차 - 추돌,안전운전불이행,건조,맑음,단일로 - 기타,승용,남,27세,상해없음,승용,남,43세,중상
2019092600100614,2019년 9월 26일 21시,목요일,강원도 원주시 무실동,경상사고,0,0,1,0,차대차 - 측면충돌,신호위반,건조,맑음,교차로 - 교차로안,승용,남,24세,상해없음,승용,여,50세,경상
2019092600100639,2019년 9월 26일 22시,목요일,강원도 춘천시 효자동,경상사고,0,0,2,0,차대차 - 기타,기타,건조,맑음,단일로 - 기타,이륜,남,16세,상해없음,승용,남,29세,경상
2019092700100073,2019년 9월 27일 04시,금요일,강원도 원주시 개운동,중상사고,0,1,0,0,차대차 - 기타,안전운전불이행,건조,맑음,교차로 - 교차로부근,화물,남,60세,상해없음,자전거,남,75세,중상
2019092700100102,2019년 9월 27일 06시,금요일,강원도 강릉시 입암동,중상사고,0,1,0,0,차대차 - 측면충돌,안전운전불이행,건조,맑음,단일로 - 기타,자전거,남,73세,중상,승용,남,57세,상해없음
2019092700100155,2019년 9월 27일 08시,금요일,강원도 춘천시 근화동,경상사고,0,0,1,0,차대차 - 측면충돌,안전거리미확보,건조,맑음,단일로 - 기타,건설기계,남,58세,상해없음,승용,여,25세,경상
2019092700100156,2019년 9월 27일 08시,금요일,강원도 원주시 단구동,경상사고,0,0,1,0,차대차 - 측면충돌,안전운전불이행,건조,맑음,단일로 - 기타,승용,여,24세,상해없음,승용,여,51세,상해없음
2019092700100240,2019년 9월 27일 10시,금요일,강원도 원주시 호저면,중상사고,0,2,0,0,차대차 - 측면충돌,안전운전불이행,건조,맑음,단일로 - 기타,이륜,남,75세,상해없음,승용,여,58세,중상
2019092700100241,2019년 9월 27일 10시,금요일,강원도 원주시 일산동,경상사고,0,0,1,0,차량단독 - 기타,안전운전불이행,건조,맑음,단일로 - 기타,승합,남,66세,상해없음,,,,
2019092700100280,2019년 9월 27일 11시,금요일,강원도 원주시 무실동,경상사고,0,0,1,0,차대차 - 측면충돌,안전운전불이행,건조,맑음,단일로 - 기타,이륜,남,29세,상해없음,승용,여,61세,경상
2019092700100281,2019년 9월 27일 11시,금요일,강원도 평창군 봉평면,경상사고,0,0,3,0,차대차 - 추돌,안전거리미확보,건조,맑음,단일로 - 기타,승합,남,25세,상해없음,특수,남,47세,경상
2019092700100312,2019년 9월 27일 12시,금요일,강원도 춘천시 후평동,경상사고,0,0,1,0,차대차 - 측면충돌,안전운전불이행,건조,맑음,교차로 - 교차로안,승용,남,26세,상해없음,승용,여,55세,경상
2019092700100349,2019년 9월 27일 13시,금요일,강원도 원주시 일산동,부상신고사고,0,0,0,1,차대사람 - 기타,안전운전불이행,건조,맑음,기타 - 기타,승합,남,58세,상해없음,보행자,여,58세,부상신고
2019092700100389,2019년 9월 27일 14시,금요일,강원도 춘천시 사북면,경상사고,0,0,1,0,차대차 - 기타,기타,건조,맑음,단일로 - 기타,화물,남,53세,기타불명,승용,남,56세,경상
2019092700100390,2019년 9월 27일 14시,금요일,강원도 양양군 현북면,중상사고,0,7,9,13,차량단독 - 공작물충돌,안전운전불이행,건조,맑음,단일로 - 기타,승합,남,40세,상해없음,,,,
2019092700100464,2019년 9월 27일 16시,금요일,강원도 원주시 신림면,경상사고,0,0,1,0,차대차 - 측면충돌,안전운전불이행,건조,맑음,단일로 - 기타,화물,남,46세,상해없음,승용,남,47세,상해없음
2019092700100511,2019년 9월 27일 17시,금요일,강원도 춘천시 온의동,경상사고,0,0,1,0,차대사람 - 기타,안전운전불이행,건조,맑음,단일로 - 기타,승용,남,58세,상해없음,보행자,남,50세,경상
2019092700100565,2019년 9월 27일 18시,금요일,강원도 강릉시 강문동,경상사고,0,0,1,0,차대차 - 추돌,안전운전불이행,건조,맑음,교차로 - 교차로부근,승용,여,51세,상해없음,승용,남,41세,경상
2019092700100612,2019년 9월 27일 19시,금요일,강원도 강릉시 교동,경상사고,0,0,1,0,차대차 - 측면충돌,안전운전불이행,건조,맑음,교차로 - 교차로안,승용,남,40세,상해없음,승용,여,35세,경상
2019092700100613,2019년 9월 27일 19시,금요일,강원도 횡성군 공근면,경상사고,0,0,1,0,차대차 - 기타,중앙선침범,건조,맑음,단일로 - 기타,농기계,남,67세,상해없음,승용,남,24세,경상
2019092800100066,2019년 9월 28일 01시,토요일,강원도 춘천시 후평동,경상사고,0,0,1,0,차대차 - 정면충돌,중앙선침범,건조,맑음,단일로 - 기타,승용,여,55세,상해없음,승용,여,54세,경상
2019092800100128,2019년 9월 28일 06시,토요일,강원도 원주시 흥업면,경상사고,0,0,1,0,차대차 - 측면충돌,안전운전불이행,건조,맑음,단일로 - 기타,화물,남,64세,상해없음,승용,남,32세,경상
2019092800100146,2019년 9월 28일 07시,토요일,강원도 인제군 북면,중상사고,0,2,1,0,차대차 - 측면충돌,중앙선침범,건조,맑음,단일로 - 기타,승합,남,58세,상해없음,승용,남,27세,중상