사고번호,사고일시,요일,시군구,사고내용,사망자수,중상자수,경상자수,부상신고자수,사고유형,법규위반,노면상태,기상상태,도로형태,가해운전자 차종,가해운전자 성별,가해운전자 연령,가해운전자 상해정도,피해운전자 차종,피해운전자 성별,피해운전자 연령,피해운전자 상해정도
2019092800100197,2019년 9월 28일 09시,토요일,강원도 양양군 양양읍,경상사고,0,0,1,0,차대사람 - 길가장자리구역통행중,안전운전불이행,건조,맑음,단일로 - 지하차도(도로)내,승용,남,72세,상해없음,보행자,여,72세,경상
2019092800100232,2019년 9월 28일 10시,토요일,강원도 영월군 남면,중상사고,0,1,1,0,차대차 - 추돌,안전운전불이행,건조,맑음,단일로 - 기타,승용,여,28세,상해없음,승용,남,45세,상해없음
2019092800100233,2019년 9월 28일 10시,토요일,강원도 홍천군 동면,중상사고,0,1,3,0,차대차 - 측면충돌,교차로운행방법위반,건조,맑음,교차로 - 교차로안,승용,여,52세,상해없음,승용,여,58세,중상
2019092800100272,2019년 9월 28일 11시,토요일,강원도 횡성군 횡성읍,경상사고,0,0,1,0,차대차 - 측면충돌,교차로운행방법위반,건조,맑음,교차로 - 교차로안,승용,남,34세,상해없음,승용,남,47세,경상
2019092800100310,2019년 9월 28일 12시,토요일,강원도 춘천시 근화동,경상사고,0,0,3,0,차대차 - 추돌,안전운전불이행,건조,맑음,단일로 - 기타,승용,남,57세,상해없음,승용,남,52세,경상
2019092800100311,2019년 9월 28일 12시,토요일,강원도 태백시 문곡동,중상사고,0,2,1,1,차량단독 - 전도전복 - 전복,안전운전불이행,건조,맑음,단일로 - 기타,승용,여,66세,부상신고,,,,
2019092800100356,2019년 9월 28일 13시,토요일,강원도 강릉시 입암동,사망사고,1,0,0,0,차량단독 - 공작물충돌,안전운전불이행,건조,맑음,교차로 - 교차로부근,화물,남,64세,사망,,,,
2019092800100357,2019년 9월 28일 13시,토요일,강원도 원주시 문막읍,경상사고,0,0,2,0,차대차 - 측면충돌,교차로운행방법위반,건조,맑음,교차로 - 교차로안,승용,여,46세,상해없음,승용,남,57세,경상
2019092800100358,2019년 9월 28일 13시,토요일,강원도 삼척시 도계읍,경상사고,0,0,1,0,차대차 - 측면충돌,신호위반,건조,맑음,교차로 - 교차로안,화물,남,70세,상해없음,건설기계,남,49세,경상
2019092800100459,2019년 9월 28일 15시,토요일,강원도 횡성군 둔내면,경상사고,0,0,2,0,차대차 - 측면충돌,차로위반,건조,맑음,단일로 - 기타,승용,남,21세,상해없음,승합,남,51세,경상
2019092800100460,2019년 9월 28일 15시,토요일,강원도 횡성군 우천면,경상사고,0,0,2,0,차대차 - 측면충돌,안전운전불이행,건조,맑음,단일로 - 기타,화물,남,41세,상해없음,승용,남,28세,경상
2019092800100506,2019년 9월 28일 16시,토요일,강원도 강릉시 홍제동,경상사고,0,0,1,0,차대차 - 추돌,안전운전불이행,건조,흐림,단일로 - 기타,승용,남,59세,상해없음,승용,남,22세,경상
2019092800100541,2019년 9월 28일 17시,토요일,강원도 원주시 단계동,경상사고,0,0,1,0,차대차 - 기타,안전거리미확보,건조,맑음,단일로 - 기타,승용,남,57세,상해없음,승합,남,41세,상해없음
2019092800100574,2019년 9월 28일 18시,토요일,강원도 삼척시 노곡면,중상사고,0,1,0,0,차대사람 - 길가장자리구역통행중,안전운전불이행,건조,맑음,단일로 - 기타,승용,남,66세,상해없음,보행자,여,82세,중상
2019092800100633,2019년 9월 28일 19시,토요일,강원도 원주시 판부면,중상사고,0,1,0,0,차대사람 - 길가장자리구역통행중,안전운전불이행,건조,맑음,단일로 - 기타,승용,여,37세,상해없음,보행자,여,75세,중상
2019092800100634,2019년 9월 28일 19시,토요일,강원도 속초시 설악동,경상사고,0,0,1,0,차대사람 - 기타,안전운전불이행,건조,맑음,단일로 - 기타,승용,남,55세,상해없음,보행자,여,53세,경상
2019092800100635,2019년 9월 28일 19시,토요일,강원도 홍천군 홍천읍,중상사고,0,1,1,0,차대차 - 측면충돌,안전거리미확보,건조,맑음,단일로 - 기타,승용,남,37세,경상,농기계,남,64세,중상
2019092800100740,2019년 9월 28일 22시,토요일,강원도 강릉시 입암동,경상사고,0,0,5,0,차대차 - 정면충돌,중앙선침범,건조,맑음,교차로 - 교차로안,승용,여,48세,상해없음,승용,남,44세,경상
2019092800100741,2019년 9월 28일 22시,토요일,강원도 원주시 단계동,중상사고,0,2,4,0,차대차 - 정면충돌,신호위반,건조,맑음,교차로 - 교차로안,승합,남,41세,상해없음,승용,여,33세,중상
2019092900100105,2019년 9월 29일 07시,일요일,강원도 춘천시 온의동,중상사고,0,1,0,0,차대사람 - 횡단중,보행자보호의무위반,건조,맑음,단일로 - 기타,승용,여,54세,상해없음,보행자,남,58세,중상
2019092900100121,2019년 9월 29일 08시,일요일,강원도 춘천시 퇴계동,경상사고,0,0,4,0,차대차 - 측면충돌,신호위반,건조,맑음,교차로 - 교차로안,승용,남,61세,상해없음,승용,여,53세,경상
2019092900100122,2019년 9월 29일 08시,일요일,강원도 춘천시 퇴계동,경상사고,0,0,1,0,차대차 - 측면충돌,교차로운행방법위반,건조,맑음,교차로 - 교차로안,승용,남,63세,상해없음,승용,남,48세,경상
2019092900100123,2019년 9월 29일 08시,일요일,강원도 고성군 토성면,중상사고,0,1,0,0,차대차 - 추돌,안전운전불이행,건조,맑음,교차로 - 교차로부근,화물,여,43세,상해없음,화물,남,44세,중상
2019092900100161,2019년 9월 29일 10시,일요일,강원도 원주시 호저면,중상사고,0,1,0,0,차대차 - 측면충돌,안전운전불이행,건조,맑음,단일로 - 기타,화물,남,50세,상해없음,자전거,남,46세,중상
2019092900100162,2019년 9월 29일 10시,일요일,강원도 삼척시 남양동,중상사고,0,1,0,0,차대차 - 측면충돌,안전운전불이행,건조,맑음,교차로 - 교차로횡단보도내,승용,남,74세,상해없음,자전거,남,72세,중상
2019092900100193,2019년 9월 29일 11시,일요일,강원도 원주시 개운동,중상사고,0,2,0,0,차대차 - 추돌,신호위반,건조,맑음,교차로 - 교차로안,이륜,남,50세,중상,승용,남,59세,상해없음
2019092900100194,2019년 9월 29일 11시,일요일,강원도 삼척시 근덕면,중상사고,0,1,0,0,차대차 - 측면충돌,직진우회전진행방해,건조,맑음,교차로 - 교차로안,화물,남,59세,상해없음,승용,남,81세,중상
2019092900100195,2019년 9월 29일 11시,일요일,강원도 원주시 신림면,경상사고,0,0,4,0,차대차 - 추돌,안전운전불이행,건조,맑음,단일로 - 기타,승용,남,25세,상해없음,승용,여,42세,경상
2019092900100217,2019년 9월 29일 12시,일요일,강원도 춘천시 근화동,경상사고,0,0,1,0,차대차 - 측면충돌,안전운전불이행,건조,맑음,단일로 - 기타,자전거,남,12세,경상,자전거,남,52세,상해없음
2019092900100218,2019년 9월 29일 12시,일요일,강원도 인제군 서화면,사망사고,1,0,0,0,차대사람 - 기타,안전운전불이행,건조,맑음,단일로 - 기타,화물,남,72세,상해없음,보행자,여,87세,사망
2019092900100243,2019년 9월 29일 13시,일요일,강원도 춘천시 동면,경상사고,0,0,1,0,차대차 - 측면충돌,안전운전불이행,건조,맑음,단일로 - 기타,화물,남,64세,상해없음,승용,여,42세,경상
2019092900100244,2019년 9월 29일 13시,일요일,강원도 횡성군 횡성읍,경상사고,0,0,2,0,차대차 - 정면충돌,안전운전불이행,건조,맑음,기타 - 기타,승용,여,46세,경상,승용,여,24세,경상
2019092900100268,2019년 9월 29일 14시,일요일,강원도 춘천시 석사동,중상사고,0,1,0,0,차대차 - 측면충돌,중앙선침범,건조,맑음,교차로 - 교차로안,승용,남,65세,상해없음,승용,여,54세,중상
2019092900100269,2019년 9월 29일 14시,일요일,강원도 원주시 무실동,경상사고,0,0,1,0,차대차 - 정면충돌,신호위반,건조,맑음,교차로 - 교차로안,이륜,여,40세,경상,승용,여,43세,상해없음
2019092900100270,2019년 9월 29일 14시,일요일,강원도 인제군 북면,중상사고,0,1,0,0,차대사람 - 기타,안전운전불이행,건조,맑음,교차로 - 교차로부근,승용,남,59세,상해없음,보행자,남,34세,중상
2019092900100309,2019년 9월 29일 15시,일요일,강원도 횡성군 횡성읍,중상사고,0,1,0,0,차량단독 - 도로외이탈 - 추락,안전운전불이행,건조,맑음,단일로 - 기타,화물,남,74세,중상,,,,
2019092900100350,2019년 9월 29일 16시,일요일,강원도 원주시 소초면,경상사고,0,0,2,1,차대차 - 추돌,안전거리미확보,건조,맑음,단일로 - 기타,승용,여,52세,부상신고,승용,남,54세,경상
2019092900100351,2019년 9월 29일 16시,일요일,강원도 양양군 강현면,경상사고,0,0,3,0,차대차 - 추돌,신호위반,건조,맑음,교차로 - 교차로부근,화물,남,39세,상해없음,화물,남,60세,경상
2019092900100352,2019년 9월 29일 16시,일요일,강원도 속초시 교동,중상사고,0,1,0,0,차대사람 - 횡단중,안전운전불이행,건조,맑음,단일로 - 지하차도(도로)내,승용,남,27세,기타불명,보행자,남,5세,중상
2019092900100353,2019년 9월 29일 16시,일요일,강원도 평창군 용평면,경상사고,0,0,4,0,차대차 - 추돌,안전운전불이행,건조,맑음,기타 - 기타,승용,여,33세,상해없음,승용,여,34세,경상
2019092900100391,2019년 9월 29일 17시,일요일,강원도 춘천시 후평동,중상사고,0,1,0,0,차대차 - 측면충돌,안전운전불이행,건조,맑음,단일로 - 기타,화물,남,59세,상해없음,자전거,남,35세,중상
2019092900100422,2019년 9월 29일 18시,일요일,강원도 춘천시 동내면,중상사고,0,1,0,0,차대차 - 측면충돌,안전거리미확보,건조,맑음,단일로 - 기타,승용,남,49세,상해없음,이륜,남,22세,중상
2019092900100423,2019년 9월 29일 18시,일요일,강원도 평창군 평창읍,중상사고,0,1,0,0,차대사람 - 횡단중,보행자보호의무위반,건조,맑음,교차로 - 교차로횡단보도내,승용,남,69세,상해없음,보행자,남,82세,중상
2019092900100585,2019년 9월 29일 23시,일요일,강원도 원주시 개운동,경상사고,0,0,1,0,차대차 - 추돌,안전운전불이행,건조,맑음,교차로 - 교차로안,승용,남,22세,상해없음,자전거,여,47세,경상
2019093000100050,2019년 9월 30일 03시,월요일,강원도 춘천시 우두동,경상사고,0,0,1,0,차대차 - 측면충돌,교차로운행방법위반,건조,맑음,교차로 - 교차로안,승용,남,45세,상해없음,승용,남,65세,상해없음
2019093000100054,2019년 9월 30일 04시,월요일,강원도 원주시 무실동,중상사고,0,2,0,0,차량단독 - 전도전복 - 전복,안전운전불이행,건조,맑음,단일로 - 기타,승용,남,24세,상해없음,,,,
2019093000100061,2019년 9월 30일 05시,월요일,강원도 홍천군 남면,사망사고,1,0,0,0,차대차 - 추돌,과속,젖음/습기,안개,단일로 - 기타,화물,남,73세,상해없음,농기계,남,66세,사망
2019093000100104,2019년 9월 30일 07시,월요일,강원도 양양군 손양면,경상사고,0,0,1,0,차대차 - 측면충돌,신호위반,건조,맑음,교차로 - 교차로안,승용,남,70세,상해없음,승용,남,27세,경상
2019093000100105,2019년 9월 30일 07시,월요일,강원도 삼척시 신기면,경상사고,0,0,2,0,차대차 - 측면충돌,안전거리미확보,건조,맑음,단일로 - 지하차도(도로)내,승용,여,49세,상해없음,승용,남,73세,경상
2019093000100106,2019년 9월 30일 07시,월요일,강원도 고성군 토성면,경상사고,0,0,2,0,차대차 - 측면충돌,안전운전불이행,건조,맑음,교차로 - 교차로부근,승용,남,67세,상해없음,승용,남,55세,경상
2019093000100216,2019년 9월 30일 10시,월요일,강원도 원주시 흥업면,중상사고,0,1,0,0,차대차 - 측면충돌,안전운전불이행,건조,맑음,주차장 - 주차장,승용,여,61세,상해없음,승합,남,63세,상해없음
2019093000100323,2019년 9월 30일 13시,월요일,강원도 원주시 중앙동,경상사고,0,0,1,0,차대사람 - 길가장자리구역통행중,안전운전불이행,건조,맑음,단일로 - 기타,승용,여,39세,상해없음,보행자,남,58세,경상
2019093000100324,2019년 9월 30일 13시,월요일,강원도 인제군 인제읍,경상사고,0,0,1,0,차대사람 - 차도통행중,안전운전불이행,건조,맑음,교차로 - 교차로부근,승용,남,75세,상해없음,보행자,남,57세,경상
2019093000100362,2019년 9월 30일 14시,월요일,강원도 원주시 신림면,중상사고,0,1,0,0,차대사람 - 기타,안전운전불이행,건조,맑음,단일로 - 기타,기타불명,기타불명,미분류,기타불명,보행자,남,79세,중상
2019093000100405,2019년 9월 30일 15시,월요일,강원도 태백시 화전동,경상사고,0,0,1,0,차대차 - 추돌,안전운전불이행,건조,맑음,단일로 - 기타,화물,남,49세,상해없음,승용,여,51세,경상
2019093000100449,2019년 9월 30일 16시,월요일,강원도 강릉시 홍제동,중상사고,0,1,0,0,차대사람 - 기타,안전운전불이행,건조,맑음,기타 - 기타,승용,남,55세,상해없음,보행자,남,8세,중상
2019093000100450,2019년 9월 30일 16시,월요일,강원도 원주시 무실동,경상사고,0,0,1,0,차대사람 - 차도통행중,안전운전불이행,건조,맑음,교차로 - 교차로안,화물,남,39세,상해없음,보행자,여,57세,경상
2019093000100504,2019년 9월 30일 17시,월요일,강원도 춘천시 효자동,경상사고,0,0,2,0,차대차 - 정면충돌,중앙선침범,건조,맑음,교차로 - 교차로부근,승용,남,55세,상해없음,승용,여,32세,경상
2019093000100552,2019년 9월 30일 18시,월요일,강원도 양구군 양구읍,경상사고,0,0,1,0,차대사람 - 기타,안전운전불이행,건조,맑음,교차로 - 교차로부근,화물,남,26세,상해없음,보행자,남,9세,경상
2019093000100620,2019년 9월 30일 19시,월요일,강원도 춘천시 퇴계동,경상사고,0,0,1,0,차대차 - 측면충돌,안전운전불이행,건조,맑음,단일로 - 기타,승용,여,50세,상해없음,이륜,남,38세,경상
2019093000100621,2019년 9월 30일 19시,월요일,강원도 춘천시 요선동,중상사고,0,1,1,0,차대사람 - 횡단중,안전운전불이행,건조,맑음,교차로 - 교차로안,승용,남,67세,상해없음,보행자,여,80세,중상
2019093000100622,2019년 9월 30일 19시,월요일,강원도 원주시 단구동,경상사고,0,0,2,0,차대차 - 측면충돌,안전운전불이행,건조,맑음,교차로 - 교차로부근,승용,여,39세,상해없음,승용,여,37세,경상
2019093000100623,2019년 9월 30일 19시,월요일,강원도 화천군 하남면,중상사고,0,1,0,1,차대차 - 측면충돌,중앙선침범,건조,맑음,단일로 - 기타,승용,남,62세,부상신고,승용,여,44세,중상
2019093000100685,2019년 9월 30일 21시,월요일,강원도 강릉시 옥천동,중상사고,0,1,0,0,차대차 - 측면충돌,안전운전불이행,건조,맑음,교차로 - 교차로부근,승용,남,52세,상해없음,이륜,남,22세,중상
2019093000100704,2019년 9월 30일 22시,월요일,강원도 춘천시 석사동,경상사고,0,0,1,0,차대사람 - 길가장자리구역통행중,안전운전불이행,건조,맑음,단일로 - 기타,승용,남,58세,상해없음,보행자,여,35세,경상
2019093000100705,2019년 9월 30일 22시,월요일,강원도 원주시 단계동,경상사고,0,0,1,0,차대차 - 측면충돌,안전거리미확보,건조,맑음,단일로 - 기타,승용,남,24세,상해없음,승용,남,50세,상해없음
2019093000100727,2019년 9월 30일 23시,월요일,강원도 춘천시 운교동,경상사고,0,0,2,0,차대차 - 기타,안전운전불이행,건조,맑음,단일로 - 기타,승용,남,36세,상해없음,승용,남,29세,경상
2019100100100082,2019년 10월 1일 06시,화요일,강원도 정선군 사북읍,경상사고,0,0,1,0,차대사람 - 차도통행중,안전운전불이행,건조,맑음,단일로 - 기타,승용,여,49세,상해없음,보행자,남,42세,경상
2019100100100108,2019년 10월 1일 07시,화요일,강원도 원주시 문막읍,경상사고,0,0,4,0,차대차 - 추돌,안전거리미확보,건조,맑음,교차로 - 교차로부근,승합,남,64세,상해없음,승합,남,48세,경상
2019100100100143,2019년 10월 1일 08시,화요일,강원도 속초시 교동,부상신고사고,0,0,0,1,차대사람 - 횡단중,보행자보호의무위반,건조,맑음,교차로 - 교차로횡단보도내,승용,남,44세,상해없음,보행자,여,11세,부상신고
2019100100100144,2019년 10월 1일 08시,화요일,강원도 동해시 발한동,경상사고,0,0,1,0,차대차 - 측면충돌,교차로운행방법위반,건조,흐림,교차로 - 교차로안,승합,여,42세,상해없음,승용,남,56세,상해없음
2019100100100257,2019년 10월 1일 11시,화요일,강원도 삼척시 신기면,경상사고,0,0,1,0,차대차 - 측면충돌,중앙선침범,건조,맑음,단일로 - 기타,승용,남,61세,상해없음,원동기,남,79세,경상
2019100100100284,2019년 10월 1일 12시,화요일,강원도 춘천시 조양동,중상사고,0,1,1,0,차대차 - 추돌,보행자보호의무위반,건조,맑음,교차로 - 교차로안,승용,남,75세,상해없음,승용,남,47세,경상
2019100100100285,2019년 10월 1일 12시,화요일,강원도 강릉시 교동,경상사고,0,0,1,0,차대차 - 측면충돌,안전운전불이행,건조,맑음,교차로 - 교차로안,승용,여,48세,상해없음,승용,남,56세,경상
2019100100100385,2019년 10월 1일 15시,화요일,강원도 강릉시 옥천동,경상사고,0,0,2,0,차대차 - 측면충돌,안전운전불이행,건조,맑음,교차로 - 교차로안,승용,여,48세,상해없음,승용,남,36세,경상
2019100100100386,2019년 10월 1일 15시,화요일,강원도 원주시 명륜동,경상사고,0,0,1,0,차대차 - 추돌,안전운전불이행,건조,흐림,단일로 - 기타,승합,남,59세,상해없음,승용,여,55세,경상
2019100100100419,2019년 10월 1일 16시,화요일,강원도 춘천시 후평동,경상사고,0,0,1,0,차대차 - 측면충돌,교차로운행방법위반,건조,맑음,교차로 - 교차로횡단보도내,이륜,남,17세,상해없음,이륜,남,42세,경상
2019100100100420,2019년 10월 1일 16시,화요일,강원도 춘천시 동내면,경상사고,0,0,1,0,차대차 - 기타,안전운전불이행,건조,맑음,단일로 - 기타,승합,남,42세,상해없음,승용,남,51세,경상
2019100100100464,2019년 10월 1일 17시,화요일,강원도 원주시 명륜동,경상사고,0,0,1,0,차대사람 - 횡단중,안전운전불이행,건조,맑음,교차로 - 교차로안,승합,여,62세,상해없음,보행자,남,83세,경상
2019100100100514,2019년 10월 1일 18시,화요일,강원도 춘천시 근화동,경상사고,0,0,1,0,차대차 - 추돌,기타,건조,맑음,단일로 - 기타,승용,남,43세,상해없음,승용,여,35세,경상
2019100100100515,2019년 10월 1일 18시,화요일,강원도 춘천시 조양동,경상사고,0,0,2,0,차대차 - 기타,안전운전불이행,건조,맑음,단일로 - 기타,승용,남,23세,상해없음,승합,남,49세,상해없음
2019100100100516,2019년 10월 1일 18시,화요일,강원도 횡성군 우천면,중상사고,0,1,0,0,차대차 - 기타,안전운전불이행,건조,맑음,교차로 - 교차로안,자전거,남,8세,중상,승용,여,44세,상해없음
2019100100100576,2019년 10월 1일 19시,화요일,강원도 춘천시 효자동,경상사고,0,0,1,0,차대사람 - 횡단중,안전운전불이행,건조,맑음,교차로 - 교차로안,승용,여,70세,상해없음,보행자,여,57세,경상
2019100100100577,2019년 10월 1일 19시,화요일,강원도 춘천시 효자동,경상사고,0,0,1,0,차대차 - 기타,안전운전불이행,건조,맑음,단일로 - 기타,승합,남,35세,상해없음,이륜,남,24세,경상
2019100100100627,2019년 10월 1일 20시,화요일,강원도 원주시 학성동,경상사고,0,0,1,0,차대차 - 측면충돌,신호위반,건조,맑음,교차로 - 교차로안,승용,남,38세,상해없음,승용,남,37세,경상
2019100100100713,2019년 10월 1일 23시,화요일,강원도 원주시 단계동,경상사고,0,0,1,0,차대사람 - 횡단중,안전운전불이행,건조,맑음,단일로 - 기타,승용,남,24세,기타불명,보행자,남,39세,경상
2019100200100139,2019년 10월 2일 08시,수요일,강원도 춘천시 석사동,경상사고,0,0,1,0,차대차 - 추돌,안전운전불이행,건조,맑음,교차로 - 교차로부근,승용,남,38세,상해없음,승용,여,35세,경상
2019100200100140,2019년 10월 2일 08시,수요일,강원도 원주시 반곡동,중상사고,0,1,1,0,차대차 - 추돌,안전운전불이행,젖음/습기,비,단일로 - 기타,승용,여,47세,경상,승용,여,43세,중상
2019100200100141,2019년 10월 2일 08시,수요일,강원도 양구군 양구읍,중상사고,0,1,0,0,차대사람 - 기타,안전운전불이행,건조,맑음,기타 - 기타,화물,남,36세,상해없음,보행자,남,57세,중상
2019100200100192,2019년 10월 2일 09시,수요일,강원도 춘천시 동내면,경상사고,0,0,4,0,차대차 - 측면충돌,안전운전불이행,건조,맑음,교차로 - 교차로안,승용,남,27세,경상,승용,여,45세,경상
2019100200100225,2019년 10월 2일 10시,수요일,강원도 춘천시 남면,중상사고,0,1,2,0,차대차 - 측면충돌,신호위반,건조,맑음,교차로 - 교차로안,승용,여,42세,중상,승용,여,67세,경상
2019100200100226,2019년 10월 2일 10시,수요일,강원도 양양군 현북면,경상사고,0,0,2,0,차대차 - 측면충돌,안전운전불이행,건조,맑음,단일로 - 고가도로위,건설기계,남,62세,상해없음,승용,여,50세,경상
2019100200100258,2019년 10월 2일 11시,수요일,강원도 춘천시 효자동,경상사고,0,0,1,0,차대차 - 기타,직진우회전진행방해,건조,맑음,교차로 - 교차로안,승용,남,67세,상해없음,이륜,남,35세,경상
2019100200100259,2019년 10월 2일 11시,수요일,강원도 강릉시 금학동,경상사고,0,0,1,0,차대사람 - 횡단중,보행자보호의무위반,젖음/습기,비,단일로 - 기타,화물,남,49세,상해없음,보행자,여,45세,경상
2019100200100260,2019년 10월 2일 11시,수요일,강원도 원주시 지정면,경상사고,0,0,2,0,차대차 - 추돌,안전운전불이행,젖음/습기,맑음,교차로 - 교차로부근,승용,여,26세,상해없음,승용,남,38세,경상
2019100200100261,2019년 10월 2일 11시,수요일,강원도 영월군 영월읍,부상신고사고,0,0,0,1,차대차 - 측면충돌,안전운전불이행,젖음/습기,비,단일로 - 기타,승용,남,31세,상해없음,승용,남,46세,부상신고
2019100200100296,2019년 10월 2일 12시,수요일,강원도 춘천시 후평동,경상사고,0,0,1,0,차대사람 - 기타,안전운전불이행,젖음/습기,흐림,단일로 - 기타,승용,여,73세,상해없음,보행자,남,77세,경상
2019100200100297,2019년 10월 2일 12시,수요일,강원도 강릉시 옥계면,중상사고,0,2,0,0,차대차 - 정면충돌,안전운전불이행,젖음/습기,비,교차로 - 교차로안,승용,남,43세,상해없음,화물,남,52세,중상
2019100200100298,2019년 10월 2일 12시,수요일,강원도 원주시 단구동,경상사고,0,0,2,0,차대차 - 측면충돌,중앙선침범,젖음/습기,비,교차로 - 교차로안,화물,남,30세,상해없음,승용,남,57세,경상
2019100200100333,2019년 10월 2일 13시,수요일,강원도 춘천시 신북읍,중상사고,0,1,0,0,차대차 - 기타,중앙선침범,젖음/습기,비,단일로 - 기타,승용,남,42세,상해없음,화물,남,41세,중상
2019100200100334,2019년 10월 2일 13시,수요일,강원도 원주시 소초면,사망사고,1,0,0,0,차량단독 - 기타,안전운전불이행,젖음/습기,비,단일로 - 기타,화물,남,67세,상해없음,,,,
2019100200100371,2019년 10월 2일 14시,수요일,강원도 춘천시 동면,경상사고,0,0,1,0,차대차 - 기타,안전운전불이행,젖음/습기,비,단일로 - 기타,화물,남,63세,상해없음,승합,남,49세,경상
2019100200100372,2019년 10월 2일 14시,수요일,강원도 원주시 원동,부상신고사고,0,0,0,1,차대차 - 기타,안전운전불이행,젖음/습기,비,단일로 - 기타,승용,여,24세,상해없음,승합,남,54세,상해없음
2019100200100424,2019년 10월 2일 15시,수요일,강원도 원주시 일산동,경상사고,0,0,1,0,차량단독 - 기타,안전운전불이행,젖음/습기,맑음,교차로 - 교차로안,승합,남,46세,상해없음,,,,
2019100200100425,2019년 10월 2일 15시,수요일,강원도 원주시 태장동,경상사고,0,0,1,0,차대차 - 측면충돌,안전운전불이행,건조,맑음,단일로 - 기타,승용,남,39세,상해없음,화물,남,44세,경상
2019100200100426,2019년 10월 2일 15시,수요일,강원도 동해시 천곡동,경상사고,0,0,2,0,차량단독 - 기타,안전운전불이행,젖음/습기,비,단일로 - 기타,승합,남,45세,상해없음,,,,
2019100200100467,2019년 10월 2일 16시,수요일,강원도 강릉시 병산동,중상사고,0,1,0,0,차대사람 - 기타,안전운전불이행,젖음/습기,비,기타 - 기타,승용,남,44세,상해없음,보행자,남,47세,중상
2019100200100468,2019년 10월 2일 16시,수요일,강원도 삼척시 교동,경상사고,0,0,1,0,차대차 - 추돌,안전거리미확보,젖음/습기,비,단일로 - 지하차도(도로)내,승용,남,51세,상해없음,승용,남,72세,경상
2019100200100512,2019년 10월 2일 17시,수요일,강원도 정선군 사북읍,경상사고,0,0,1,0,차대차 - 측면충돌,안전운전불이행,건조,맑음,교차로 - 교차로안,승용,남,57세,상해없음,승용,여,34세,경상
2019100200100581,2019년 10월 2일 18시,수요일,강원도 춘천시 퇴계동,중상사고,0,1,0,0,차대사람 - 횡단중,보행자보호의무위반,건조,맑음,단일로 - 기타,승용,남,31세,상해없음,보행자,여,26세,중상
2019100200100582,2019년 10월 2일 18시,수요일,강원도 원주시 관설동,경상사고,0,0,2,0,차대차 - 측면충돌,안전운전불이행,건조,맑음,단일로 - 기타,승용,남,45세,경상,승용,여,51세,경상
2019100200100583,2019년 10월 2일 18시,수요일,강원도 양양군 현남면,경상사고,0,0,1,0,차대차 - 측면충돌,안전운전불이행,젖음/습기,비,단일로 - 기타,화물,남,47세,상해없음,자전거,남,76세,경상
2019100200100584,2019년 10월 2일 18시,수요일,강원도 동해시 북평동,경상사고,0,0,1,0,차대사람 - 횡단중,보행자보호의무위반,젖음/습기,비,단일로 - 기타,화물,남,73세,상해없음,보행자,여,61세,경상
2019100200100669,2019년 10월 2일 19시,수요일,강원도 원주시 개운동,부상신고사고,0,0,0,1,차대사람 - 횡단중,안전운전불이행,젖음/습기,비,교차로 - 교차로횡단보도내,승용,남,36세,기타불명,보행자,여,60세,부상신고
2019100200100670,2019년 10월 2일 19시,수요일,강원도 횡성군 횡성읍,경상사고,0,0,2,0,차대차 - 추돌,안전운전불이행,젖음/습기,비,단일로 - 기타,화물,남,44세,상해없음,승용,남,53세,경상
2019100200100671,2019년 10월 2일 19시,수요일,강원도 고성군 죽왕면,경상사고,0,0,1,0,차대차 - 측면충돌,안전거리미확보,젖음/습기,비,교차로 - 교차로부근,승용,남,55세,상해없음,승용,남,31세,경상
2019100200100672,2019년 10월 2일 19시,수요일,강원도 동해시 발한동,중상사고,0,1,0,0,차대사람 - 횡단중,안전운전불이행,젖음/습기,비,교차로 - 교차로부근,승용,여,29세,상해없음,보행자,여,56세,중상
2019100200100752,2019년 10월 2일 20시,수요일,강원도 춘천시 퇴계동,경상사고,0,0,1,0,차대차 - 기타,안전운전불이행,젖음/습기,비,단일로 - 기타,승용,여,46세,상해없음,이륜,남,30세,경상
2019100200100753,2019년 10월 2일 20시,수요일,강원도 평창군 평창읍,중상사고,0,1,0,0,차대사람 - 횡단중,보행자보호의무위반,젖음/습기,비,단일로 - 기타,승용,남,38세,상해없음,보행자,남,58세,중상
2019100200100811,2019년 10월 2일 21시,수요일,강원도 춘천시 후평동,경상사고,0,0,1,0,차대사람 - 기타,보행자보호의무위반,젖음/습기,비,기타 - 기타,화물,남,58세,상해없음,보행자,여,6세,경상
2019100200100812,2019년 10월 2일 21시,수요일,강원도 인제군 북면,중상사고,0,1,0,0,차대차 - 추돌,중앙선침범,건조,맑음,단일로 - 기타,화물,남,54세,상해없음,승용,여,23세,중상
2019100200100864,2019년 10월 2일 22시,수요일,강원도 춘천시 근화동,경상사고,0,0,1,0,차대사람 - 횡단중,보행자보호의무위반,젖음/습기,비,교차로 - 교차로횡단보도내,승용,남,75세,상해없음,보행자,남,47세,경상
2019100200100865,2019년 10월 2일 22시,수요일,강원도 원주시 평원동,중상사고,0,1,0,0,차대사람 - 기타,안전운전불이행,젖음/습기,비,교차로 - 교차로안,승용,남,52세,상해없음,보행자,남,58세,중상
2019100200100911,2019년 10월 2일 23시,수요일,강원도 강릉시 노암동,경상사고,0,0,1,0,차대사람 - 횡단중,보행자보호의무위반,젖음/습기,비,단일로 - 기타,승용,남,27세,상해없음,보행자,남,3세,경상