사고번호,사고일시,요일,시군구,사고내용,사망자수,중상자수,경상자수,부상신고자수,사고유형,법규위반,노면상태,기상상태,도로형태,가해운전자 차종,가해운전자 성별,가해운전자 연령,가해운전자 상해정도,피해운전자 차종,피해운전자 성별,피해운전자 연령,피해운전자 상해정도
2019100200100912,2019년 10월 2일 23시,수요일,강원도 횡성군 횡성읍,사망사고,1,0,1,0,차대차 - 추돌,과속,젖음/습기,비,단일로 - 기타,승용,남,30세,경상,승용,남,33세,사망
2019100300100039,2019년 10월 3일 00시,목요일,강원도 강릉시 교동,경상사고,0,0,1,0,차대차 - 추돌,안전운전불이행,젖음/습기,비,교차로 - 교차로부근,승용,여,46세,상해없음,승용,남,25세,경상
2019100300100040,2019년 10월 3일 00시,목요일,강원도 속초시 교동,중상사고,0,1,0,0,차대차 - 추돌,안전운전불이행,젖음/습기,비,교차로 - 교차로부근,승용,여,56세,상해없음,화물,여,21세,중상
2019100300100077,2019년 10월 3일 01시,목요일,강원도 춘천시 퇴계동,경상사고,0,0,1,0,차대차 - 추돌,안전운전불이행,젖음/습기,비,교차로 - 교차로부근,화물,남,49세,상해없음,승용,여,44세,경상
2019100300100078,2019년 10월 3일 01시,목요일,강원도 강릉시 교동,경상사고,0,0,1,0,차대차 - 추돌,안전운전불이행,젖음/습기,비,단일로 - 기타,승용,남,52세,상해없음,승용,남,37세,경상
2019100300100079,2019년 10월 3일 01시,목요일,강원도 원주시 태장동,경상사고,0,0,1,0,차대차 - 추돌,안전거리미확보,젖음/습기,비,교차로 - 교차로안,승용,남,48세,상해없음,승용,여,58세,경상
2019100300100108,2019년 10월 3일 02시,목요일,강원도 춘천시 퇴계동,경상사고,0,0,3,0,차대차 - 추돌,안전운전불이행,젖음/습기,비,교차로 - 교차로부근,승용,남,27세,상해없음,승용,남,48세,경상
2019100300100147,2019년 10월 3일 04시,목요일,강원도 강릉시 내곡동,경상사고,0,0,2,0,차대차 - 측면충돌,신호위반,젖음/습기,비,교차로 - 교차로안,승합,남,61세,상해없음,승용,남,27세,경상
2019100300100199,2019년 10월 3일 08시,목요일,강원도 춘천시 효자동,경상사고,0,0,1,0,차대차 - 기타,신호위반,건조,맑음,교차로 - 교차로안,승용,남,64세,상해없음,승용,여,63세,경상
2019100300100282,2019년 10월 3일 12시,목요일,강원도 속초시 중앙동,경상사고,0,0,1,0,차대차 - 측면충돌,신호위반,젖음/습기,비,교차로 - 교차로안,승용,남,46세,상해없음,이륜,남,41세,경상
2019100300100283,2019년 10월 3일 12시,목요일,강원도 삼척시 정상동,중상사고,0,1,1,0,차대차 - 측면충돌,안전운전불이행,건조,맑음,단일로 - 기타,승용,남,53세,상해없음,화물,남,52세,경상
2019100300100284,2019년 10월 3일 12시,목요일,강원도 양구군 양구읍,경상사고,0,0,1,0,차대차 - 추돌,안전운전불이행,건조,맑음,단일로 - 기타,승용,남,56세,상해없음,승용,여,65세,경상
2019100300100307,2019년 10월 3일 13시,목요일,강원도 원주시 귀래면,중상사고,0,1,0,0,차량단독 - 공작물충돌,안전운전불이행,건조,흐림,단일로 - 기타,화물,남,56세,중상,,,,
2019100300100343,2019년 10월 3일 14시,목요일,강원도 춘천시 중앙로2가,경상사고,0,0,1,0,차대사람 - 길가장자리구역통행중,안전운전불이행,건조,맑음,단일로 - 기타,승용,남,86세,상해없음,보행자,여,54세,경상
2019100300100514,2019년 10월 3일 19시,목요일,강원도 춘천시 석사동,경상사고,0,0,1,0,차대차 - 측면충돌,차로위반,건조,맑음,단일로 - 기타,화물,남,26세,상해없음,원동기,남,30세,경상
2019100300100515,2019년 10월 3일 19시,목요일,강원도 속초시 장사동,부상신고사고,0,0,0,1,차대사람 - 차도통행중,안전운전불이행,건조,맑음,교차로 - 교차로부근,승용,남,67세,상해없음,보행자,남,7세,부상신고
2019100400100044,2019년 10월 4일 02시,금요일,강원도 춘천시 효자동,경상사고,0,0,2,1,차대차 - 측면충돌,안전운전불이행,건조,맑음,교차로 - 교차로안,이륜,남,46세,부상신고,승용,남,27세,경상
2019100400100066,2019년 10월 4일 05시,금요일,강원도 원주시 단계동,경상사고,0,0,1,0,차대사람 - 기타,보행자보호의무위반,건조,맑음,교차로 - 교차로횡단보도내,승용,남,64세,상해없음,보행자,남,40세,경상
2019100400100085,2019년 10월 4일 06시,금요일,강원도 홍천군 동면,중상사고,0,1,1,0,차대차 - 측면충돌,직진우회전진행방해,건조,맑음,교차로 - 교차로안,승합,여,55세,경상,승용,남,62세,중상
2019100400100103,2019년 10월 4일 07시,금요일,강원도 춘천시 효자동,경상사고,0,0,2,0,차대차 - 추돌,안전운전불이행,건조,맑음,교차로 - 교차로안,승용,여,26세,상해없음,승용,남,51세,경상
2019100400100143,2019년 10월 4일 08시,금요일,강원도 고성군 간성읍,중상사고,0,1,0,0,차대차 - 정면충돌,안전운전불이행,건조,맑음,교차로 - 교차로안,승용,여,35세,상해없음,승용,여,48세,중상
2019100400100242,2019년 10월 4일 11시,금요일,강원도 원주시 단구동,경상사고,0,0,2,0,차대차 - 측면충돌,신호위반,건조,맑음,교차로 - 교차로안,승용,남,61세,기타불명,승용,남,48세,경상
2019100400100243,2019년 10월 4일 11시,금요일,강원도 영월군 영월읍,중상사고,0,1,0,0,차대사람 - 횡단중,안전운전불이행,건조,맑음,교차로 - 교차로횡단보도내,승용,남,44세,상해없음,보행자,여,87세,중상
2019100400100287,2019년 10월 4일 12시,금요일,강원도 춘천시 후평동,경상사고,0,0,1,0,차대차 - 측면충돌,안전운전불이행,건조,맑음,교차로 - 교차로안,승용,남,73세,상해없음,화물,남,38세,상해없음
2019100400100394,2019년 10월 4일 14시,금요일,강원도 춘천시 후평동,경상사고,0,0,1,0,차대차 - 측면충돌,기타,건조,맑음,단일로 - 기타,승용,남,64세,상해없음,승용,여,40세,경상
2019100400100438,2019년 10월 4일 15시,금요일,강원도 원주시 무실동,경상사고,0,0,2,0,차대차 - 추돌,안전운전불이행,건조,맑음,교차로 - 교차로부근,승용,남,54세,상해없음,승용,남,62세,경상
2019100400100475,2019년 10월 4일 16시,금요일,강원도 원주시 단계동,경상사고,0,0,1,0,차대차 - 측면충돌,안전운전불이행,건조,맑음,교차로 - 교차로부근,승용,남,62세,상해없음,승용,여,51세,경상
2019100400100514,2019년 10월 4일 17시,금요일,강원도 춘천시 교동,중상사고,0,1,0,0,차대사람 - 횡단중,안전운전불이행,건조,맑음,단일로 - 기타,화물,남,75세,상해없음,보행자,남,73세,중상
2019100400100562,2019년 10월 4일 18시,금요일,강원도 춘천시 근화동,경상사고,0,0,1,0,차대차 - 측면충돌,신호위반,건조,맑음,교차로 - 교차로안,승용,남,62세,상해없음,승용,남,35세,경상
2019100400100563,2019년 10월 4일 18시,금요일,강원도 춘천시 석사동,경상사고,0,0,1,0,차대차 - 기타,안전운전불이행,건조,맑음,교차로 - 교차로부근,승용,남,23세,상해없음,이륜,남,31세,경상
2019100400100564,2019년 10월 4일 18시,금요일,강원도 속초시 조양동,경상사고,0,0,1,0,차대사람 - 횡단중,안전운전불이행,건조,맑음,단일로 - 지하차도(도로)내,승용,여,49세,상해없음,보행자,여,9세,경상
2019100400100565,2019년 10월 4일 18시,금요일,강원도 삼척시 교동,경상사고,0,0,1,0,차대사람 - 횡단중,보행자보호의무위반,건조,맑음,단일로 - 지하차도(도로)내,승용,남,52세,상해없음,보행자,여,10세,경상
2019100400100566,2019년 10월 4일 18시,금요일,강원도 삼척시 우지동,경상사고,0,0,1,0,차대차 - 측면충돌,중앙선침범,건조,맑음,단일로 - 지하차도(도로)내,승용,여,30세,상해없음,승용,남,38세,경상
2019100400100634,2019년 10월 4일 19시,금요일,강원도 춘천시 소양로2가,중상사고,0,1,2,0,차대차 - 추돌,안전거리미확보,건조,맑음,단일로 - 기타,화물,남,58세,상해없음,승용,남,35세,경상
2019100400100635,2019년 10월 4일 19시,금요일,강원도 동해시 부곡동,중상사고,0,1,0,0,차대사람 - 횡단중,보행자보호의무위반,건조,맑음,단일로 - 기타,승용,남,19세,상해없음,보행자,여,30세,중상
2019100400100677,2019년 10월 4일 20시,금요일,강원도 춘천시 석사동,경상사고,0,0,1,0,차대사람 - 기타,보행자보호의무위반,건조,맑음,단일로 - 기타,승용,남,26세,상해없음,보행자,남,22세,경상
2019100400100678,2019년 10월 4일 20시,금요일,강원도 횡성군 서원면,사망사고,1,0,0,0,차대사람 - 횡단중,안전운전불이행,건조,맑음,단일로 - 기타,승용,남,35세,상해없음,보행자,여,58세,사망
2019100400100709,2019년 10월 4일 21시,금요일,강원도 삼척시 정상동,경상사고,0,0,1,0,차대차 - 측면충돌,신호위반,건조,맑음,교차로 - 교차로안,승용,남,48세,상해없음,승용,남,46세,경상
2019100400100755,2019년 10월 4일 23시,금요일,강원도 태백시 황지동,경상사고,0,0,1,0,차대차 - 측면충돌,안전운전불이행,건조,맑음,교차로 - 교차로안,승용,남,47세,상해없음,승용,여,57세,상해없음
2019100500100027,2019년 10월 5일 00시,토요일,강원도 강릉시 노암동,경상사고,0,0,1,0,차대차 - 측면충돌,안전운전불이행,건조,맑음,단일로 - 기타,승합,남,55세,상해없음,화물,남,64세,경상
2019100500100067,2019년 10월 5일 04시,토요일,강원도 속초시 조양동,중상사고,0,1,0,0,차대차 - 추돌,안전운전불이행,건조,맑음,단일로 - 지하차도(도로)내,승용,남,31세,상해없음,승용,남,57세,중상
2019100500100082,2019년 10월 5일 06시,토요일,강원도 원주시 무실동,중상사고,0,1,0,1,차대차 - 추돌,안전운전불이행,건조,맑음,교차로 - 교차로부근,승용,남,69세,상해없음,승용,남,83세,부상신고
2019100500100097,2019년 10월 5일 07시,토요일,강원도 화천군 사내면,경상사고,0,0,2,0,차대차 - 측면충돌,중앙선침범,젖음/습기,맑음,단일로 - 기타,화물,남,51세,경상,승용,남,53세,경상
2019100500100146,2019년 10월 5일 09시,토요일,강원도 강릉시 금학동,경상사고,0,0,1,0,차대차 - 측면충돌,안전운전불이행,젖음/습기,비,단일로 - 기타,화물,남,78세,상해없음,승용,남,37세,경상
2019100500100147,2019년 10월 5일 09시,토요일,강원도 원주시 흥업면,경상사고,0,0,1,0,차대차 - 측면충돌,교차로운행방법위반,건조,맑음,교차로 - 교차로안,승용,남,25세,상해없음,승용,남,41세,경상
2019100500100148,2019년 10월 5일 09시,토요일,강원도 홍천군 북방면,중상사고,0,2,2,0,차대차 - 측면충돌,교차로운행방법위반,건조,맑음,교차로 - 교차로안,승용,여,56세,경상,승용,남,21세,중상
2019100500100178,2019년 10월 5일 10시,토요일,강원도 춘천시 근화동,경상사고,0,0,1,0,차대차 - 기타,안전운전불이행,건조,맑음,교차로 - 교차로횡단보도내,승용,여,51세,상해없음,자전거,남,79세,경상
2019100500100179,2019년 10월 5일 10시,토요일,강원도 속초시 조양동,중상사고,0,1,0,0,차대차 - 추돌,안전거리미확보,젖음/습기,비,교차로 - 교차로부근,승용,남,72세,상해없음,승용,여,48세,중상
2019100500100238,2019년 10월 5일 12시,토요일,강원도 춘천시 후평동,경상사고,0,0,1,0,차대차 - 기타,안전운전불이행,젖음/습기,비,단일로 - 기타,승용,남,25세,상해없음,이륜,남,35세,경상
2019100500100277,2019년 10월 5일 13시,토요일,강원도 강릉시 포남동,경상사고,0,0,1,0,차대사람 - 횡단중,보행자보호의무위반,젖음/습기,비,교차로 - 교차로횡단보도내,승합,남,51세,상해없음,보행자,남,11세,경상
2019100500100278,2019년 10월 5일 13시,토요일,강원도 원주시 신림면,경상사고,0,0,1,0,차대차 - 측면충돌,기타,건조,맑음,교차로 - 교차로안,승합,남,76세,기타불명,승용,남,62세,경상
2019100500100279,2019년 10월 5일 13시,토요일,강원도 원주시 봉산동,중상사고,0,1,0,0,차대차 - 추돌,안전운전불이행,건조,맑음,단일로 - 교량,승용,여,60세,상해없음,승용,여,63세,중상
2019100500100385,2019년 10월 5일 16시,토요일,강원도 원주시 지정면,경상사고,0,0,2,0,차대차 - 추돌,안전거리미확보,건조,맑음,단일로 - 터널,승용,남,27세,상해없음,승용,여,26세,경상
2019100500100414,2019년 10월 5일 17시,토요일,강원도 횡성군 횡성읍,경상사고,0,0,3,1,차대차 - 기타,안전거리미확보,건조,맑음,단일로 - 기타,승용,여,28세,상해없음,승합,남,66세,상해없음
2019100500100415,2019년 10월 5일 17시,토요일,강원도 양구군 양구읍,경상사고,0,0,1,0,차대차 - 기타,직진우회전진행방해,건조,맑음,교차로 - 교차로안,이륜,남,56세,경상,승용,여,35세,상해없음
2019100500100441,2019년 10월 5일 18시,토요일,강원도 춘천시 동면,경상사고,0,0,1,0,차대차 - 측면충돌,안전운전불이행,건조,맑음,단일로 - 기타,원동기,여,38세,상해없음,승용,남,34세,경상
2019100500100521,2019년 10월 5일 20시,토요일,강원도 춘천시 효자동,경상사고,0,0,1,0,차대차 - 후진중충돌,안전운전불이행,건조,맑음,단일로 - 기타,승용,여,68세,상해없음,승용,남,23세,경상
2019100500100549,2019년 10월 5일 21시,토요일,강원도 원주시 지정면,경상사고,0,0,1,0,차대사람 - 기타,안전운전불이행,건조,기타,기타 - 기타,승용,남,22세,상해없음,보행자,남,23세,경상
2019100500100550,2019년 10월 5일 21시,토요일,강원도 속초시 교동,중상사고,0,1,2,0,차대차 - 측면충돌,신호위반,건조,맑음,교차로 - 교차로안,승용,남,55세,상해없음,승용,남,35세,중상
2019100500100571,2019년 10월 5일 22시,토요일,강원도 춘천시 퇴계동,중상사고,0,2,1,0,차대차 - 측면충돌,신호위반,건조,맑음,교차로 - 교차로안,승용,여,51세,상해없음,승용,남,72세,중상
2019100600100106,2019년 10월 6일 07시,일요일,강원도 동해시 어달동,경상사고,0,0,1,0,차대차 - 측면충돌,안전운전불이행,건조,맑음,교차로 - 교차로부근,승용,남,33세,상해없음,화물,남,68세,경상
2019100600100271,2019년 10월 6일 14시,일요일,강원도 원주시 단구동,중상사고,0,1,0,0,차대사람 - 횡단중,보행자보호의무위반,건조,맑음,교차로 - 교차로안,승용,남,39세,상해없음,보행자,남,58세,중상
2019100600100365,2019년 10월 6일 17시,일요일,강원도 삼척시 성남동,경상사고,0,0,1,0,차량단독 - 공작물충돌,안전운전불이행,건조,맑음,단일로 - 기타,승용,남,77세,경상,,,,
2019100600100397,2019년 10월 6일 18시,일요일,강원도 철원군 김화읍,경상사고,0,0,2,0,차대차 - 측면충돌,신호위반,건조,맑음,교차로 - 교차로안,승용,여,72세,경상,승용,여,38세,경상
2019100600100467,2019년 10월 6일 20시,일요일,강원도 영월군 영월읍,부상신고사고,0,0,0,1,차대사람 - 횡단중,보행자보호의무위반,건조,맑음,교차로 - 교차로부근,승용,여,27세,상해없음,보행자,남,51세,부상신고
2019100700100027,2019년 10월 7일 00시,월요일,강원도 춘천시 사농동,경상사고,0,0,1,0,차대차 - 추돌,안전운전불이행,건조,맑음,단일로 - 기타,승용,남,49세,상해없음,승용,남,27세,경상
2019100700100069,2019년 10월 7일 05시,월요일,강원도 춘천시 효자동,경상사고,0,0,1,0,차대사람 - 보도통행중,안전운전불이행,건조,흐림,교차로 - 교차로부근,승용,남,55세,상해없음,보행자,남,20세,경상
2019100700100070,2019년 10월 7일 05시,월요일,강원도 양구군 양구읍,중상사고,0,2,0,0,차대차 - 기타,신호위반,젖음/습기,비,교차로 - 교차로안,승용,여,58세,중상,승용,여,58세,중상
2019100700100086,2019년 10월 7일 06시,월요일,강원도 강릉시 강동면,중상사고,0,1,0,0,차대차 - 측면충돌,안전운전불이행,젖음/습기,맑음,단일로 - 기타,건설기계,남,43세,상해없음,자전거,남,64세,중상
2019100700100087,2019년 10월 7일 06시,월요일,강원도 평창군 봉평면,중상사고,0,1,2,0,차대차 - 측면충돌,신호위반,젖음/습기,비,교차로 - 교차로안,화물,남,58세,경상,화물,남,58세,중상
2019100700100108,2019년 10월 7일 07시,월요일,강원도 횡성군 공근면,중상사고,0,1,0,1,차대차 - 정면충돌,중앙선침범,건조,맑음,단일로 - 기타,화물,남,61세,부상신고,화물,남,58세,중상
2019100700100109,2019년 10월 7일 07시,월요일,강원도 횡성군 횡성읍,경상사고,0,0,2,0,차대차 - 정면충돌,안전운전불이행,젖음/습기,비,단일로 - 기타,승용,여,47세,경상,승용,남,39세,상해없음
2019100700100155,2019년 10월 7일 08시,월요일,강원도 춘천시 교동,경상사고,0,0,2,0,차대차 - 측면충돌,직진우회전진행방해,건조,맑음,교차로 - 교차로안,승용,여,51세,경상,승용,여,26세,경상
2019100700100156,2019년 10월 7일 08시,월요일,강원도 춘천시 중앙로3가,중상사고,0,1,0,0,차대사람 - 횡단중,보행자보호의무위반,젖음/습기,비,교차로 - 교차로안,승용,남,53세,상해없음,보행자,여,53세,중상
2019100700100157,2019년 10월 7일 08시,월요일,강원도 강릉시 강문동,경상사고,0,0,1,0,차대차 - 측면충돌,신호위반,건조,맑음,교차로 - 교차로안,승용,남,71세,상해없음,승합,남,32세,경상
2019100700100158,2019년 10월 7일 08시,월요일,강원도 원주시 가현동,중상사고,0,1,0,1,차대차 - 측면충돌,중앙선침범,건조,맑음,단일로 - 기타,승합,여,58세,상해없음,승용,여,41세,중상
2019100700100159,2019년 10월 7일 08시,월요일,강원도 속초시 교동,경상사고,0,0,1,0,차대차 - 추돌,안전운전불이행,건조,맑음,단일로 - 고가도로위,승용,남,66세,상해없음,화물,남,59세,상해없음
2019100700100160,2019년 10월 7일 08시,월요일,강원도 철원군 동송읍,경상사고,0,0,1,0,차대차 - 측면충돌,직진우회전진행방해,젖음/습기,비,교차로 - 교차로안,승합,남,73세,상해없음,승용,여,51세,경상
2019100700100206,2019년 10월 7일 09시,월요일,강원도 춘천시 근화동,경상사고,0,0,1,0,차대사람 - 기타,보행자보호의무위반,젖음/습기,비,단일로 - 기타,기타불명,기타불명,미분류,기타불명,보행자,남,15세,경상
2019100700100207,2019년 10월 7일 09시,월요일,강원도 원주시 지정면,중상사고,0,1,0,0,차대차 - 측면충돌,직진우회전진행방해,건조,맑음,교차로 - 교차로안,승용,남,35세,상해없음,승용,여,49세,중상
2019100700100243,2019년 10월 7일 10시,월요일,강원도 춘천시 죽림동,중상사고,0,1,0,0,차대사람 - 기타,안전운전불이행,젖음/습기,비,단일로 - 기타,승용,여,76세,상해없음,보행자,남,73세,중상
2019100700100244,2019년 10월 7일 10시,월요일,강원도 강릉시 성산면,중상사고,0,2,1,0,차대차 - 측면충돌,신호위반,건조,맑음,교차로 - 교차로안,건설기계,남,59세,상해없음,화물,남,51세,중상
2019100700100307,2019년 10월 7일 12시,월요일,강원도 춘천시 사북면,중상사고,0,1,2,0,차대차 - 측면충돌,교차로운행방법위반,젖음/습기,비,교차로 - 교차로안,승용,여,67세,경상,건설기계,남,48세,경상
2019100700100308,2019년 10월 7일 12시,월요일,강원도 양양군 서면,사망사고,1,0,0,0,차량단독 - 도로외이탈 - 기타,안전운전불이행,건조,맑음,단일로 - 기타,화물,남,65세,사망,,,,
2019100700100309,2019년 10월 7일 12시,월요일,강원도 고성군 간성읍,경상사고,0,0,1,0,차대차 - 측면충돌,중앙선침범,건조,맑음,단일로 - 기타,승용,남,26세,상해없음,승용,남,45세,경상
2019100700100337,2019년 10월 7일 13시,월요일,강원도 원주시 단계동,경상사고,0,0,1,0,차대차 - 측면충돌,안전운전불이행,건조,맑음,단일로 - 기타,승용,남,48세,상해없음,승용,여,45세,경상
2019100700100416,2019년 10월 7일 15시,월요일,강원도 춘천시 효자동,중상사고,0,1,0,0,차대사람 - 횡단중,신호위반,젖음/습기,비,교차로 - 교차로횡단보도내,승용,남,60세,상해없음,보행자,여,48세,중상
2019100700100417,2019년 10월 7일 15시,월요일,강원도 춘천시 신동면,중상사고,0,2,0,0,차량단독 - 공작물충돌,안전운전불이행,젖음/습기,비,단일로 - 기타,화물,남,60세,중상,,,,
2019100700100418,2019년 10월 7일 15시,월요일,강원도 원주시 개운동,중상사고,0,1,0,0,차대차 - 측면충돌,직진우회전진행방해,젖음/습기,비,교차로 - 교차로안,승용,여,36세,상해없음,이륜,남,27세,중상
2019100700100419,2019년 10월 7일 15시,월요일,강원도 속초시 장사동,경상사고,0,0,2,0,차대차 - 추돌,안전운전불이행,건조,맑음,단일로 - 지하차도(도로)내,승용,여,28세,상해없음,승용,여,58세,경상
2019100700100420,2019년 10월 7일 15시,월요일,강원도 평창군 봉평면,중상사고,0,1,0,0,차량단독 - 공작물충돌,안전운전불이행,젖음/습기,비,단일로 - 기타,화물,남,60세,중상,,,,
2019100700100457,2019년 10월 7일 16시,월요일,강원도 춘천시 중앙로2가,경상사고,0,0,1,4,차대차 - 측면충돌,안전거리미확보,젖음/습기,비,단일로 - 기타,승용,여,31세,상해없음,승합,남,44세,상해없음
2019100700100458,2019년 10월 7일 16시,월요일,강원도 평창군 대관령면,중상사고,0,1,0,0,차대차 - 측면충돌,안전운전불이행,건조,맑음,교차로 - 교차로안,승용,남,65세,상해없음,승용,남,72세,중상
2019100700100489,2019년 10월 7일 17시,월요일,강원도 춘천시 후평동,경상사고,0,0,1,0,차대차 - 측면충돌,기타,젖음/습기,비,단일로 - 기타,승용,남,72세,상해없음,승용,여,43세,경상
2019100700100490,2019년 10월 7일 17시,월요일,강원도 춘천시 동면,경상사고,0,0,1,0,차대사람 - 횡단중,보행자보호의무위반,젖음/습기,비,교차로 - 교차로횡단보도내,기타불명,기타불명,미분류,기타불명,보행자,남,17세,경상
2019100700100531,2019년 10월 7일 18시,월요일,강원도 정선군 정선읍,중상사고,0,1,0,0,차대사람 - 횡단중,보행자보호의무위반,젖음/습기,비,교차로 - 교차로횡단보도내,승용,남,64세,상해없음,보행자,여,70세,중상
2019100700100532,2019년 10월 7일 18시,월요일,강원도 정선군 정선읍,중상사고,0,1,0,0,차대사람 - 횡단중,안전운전불이행,젖음/습기,비,단일로 - 기타,승용,남,69세,상해없음,보행자,여,90세 이상,중상
2019100700100600,2019년 10월 7일 19시,월요일,강원도 원주시 단구동,중상사고,0,1,0,0,차대사람 - 횡단중,안전운전불이행,젖음/습기,맑음,교차로 - 교차로부근,승용,남,22세,상해없음,보행자,여,50세,중상
2019100700100643,2019년 10월 7일 20시,월요일,강원도 춘천시 후평동,경상사고,0,0,1,0,차대차 - 측면충돌,신호위반,건조,맑음,교차로 - 교차로안,승용,여,50세,상해없음,이륜,남,39세,경상
2019100700100644,2019년 10월 7일 20시,월요일,강원도 속초시 교동,경상사고,0,0,2,0,차대차 - 측면충돌,교차로운행방법위반,건조,맑음,교차로 - 교차로안,승용,남,37세,상해없음,승용,남,48세,경상
2019100700100679,2019년 10월 7일 21시,월요일,강원도 동해시 쇄운동,경상사고,0,0,1,0,차대차 - 후진중충돌,안전운전불이행,건조,맑음,단일로 - 기타,승용,남,18세,기타불명,승용,여,39세,경상
2019100800100058,2019년 10월 8일 02시,화요일,강원도 강릉시 주문진읍,중상사고,0,1,0,0,차량단독 - 기타,안전운전불이행,건조,맑음,단일로 - 기타,화물,남,61세,상해없음,,,,
2019100800100059,2019년 10월 8일 02시,화요일,강원도 인제군 북면,중상사고,0,1,0,0,차대사람 - 기타,안전운전불이행,건조,맑음,교차로 - 교차로부근,기타불명,기타불명,미분류,기타불명,보행자,남,34세,중상
2019100800100067,2019년 10월 8일 04시,화요일,강원도 춘천시 근화동,경상사고,0,0,2,0,차대차 - 측면충돌,안전운전불이행,건조,맑음,기타 - 기타,승용,남,89세,상해없음,승용,남,43세,경상
2019100800100159,2019년 10월 8일 08시,화요일,강원도 춘천시 효자동,경상사고,0,0,3,0,차대차 - 추돌,안전운전불이행,건조,맑음,교차로 - 교차로안,승용,남,36세,상해없음,승용,남,54세,경상
2019100800100160,2019년 10월 8일 08시,화요일,강원도 원주시 지정면,경상사고,0,0,1,0,차대차 - 측면충돌,직진우회전진행방해,건조,맑음,교차로 - 교차로안,승용,여,33세,상해없음,승용,여,46세,경상
2019100800100185,2019년 10월 8일 09시,화요일,강원도 춘천시 효자동,경상사고,0,0,1,0,차대차 - 측면충돌,안전운전불이행,건조,맑음,단일로 - 기타,승용,여,58세,상해없음,승용,남,60세,경상
2019100800100186,2019년 10월 8일 09시,화요일,강원도 강릉시 교동,경상사고,0,0,1,0,차대차 - 측면충돌,안전운전불이행,건조,맑음,교차로 - 교차로안,화물,남,73세,상해없음,승용,남,32세,경상
2019100800100187,2019년 10월 8일 09시,화요일,강원도 원주시 단계동,경상사고,0,0,1,0,차대차 - 기타,안전운전불이행,건조,맑음,단일로 - 기타,승용,남,46세,상해없음,승용,남,22세,경상
2019100800100188,2019년 10월 8일 09시,화요일,강원도 원주시 중앙동,경상사고,0,0,1,0,차대차 - 측면충돌,안전거리미확보,건조,맑음,교차로 - 교차로부근,승용,남,53세,상해없음,승용,여,42세,경상
2019100800100333,2019년 10월 8일 13시,화요일,강원도 춘천시 퇴계동,경상사고,0,0,1,0,차대차 - 측면충돌,안전운전불이행,건조,맑음,교차로 - 교차로부근,승용,여,56세,상해없음,승용,여,49세,경상
2019100800100334,2019년 10월 8일 13시,화요일,강원도 원주시 호저면,경상사고,0,0,1,0,차대차 - 측면충돌,신호위반,건조,맑음,교차로 - 교차로안,승용,남,46세,기타불명,승용,남,42세,경상
2019100800100368,2019년 10월 8일 14시,화요일,강원도 원주시 우산동,중상사고,0,1,0,0,차대차 - 측면충돌,직진우회전진행방해,건조,맑음,교차로 - 교차로안,이륜,남,22세,상해없음,자전거,남,87세,중상
2019100800100369,2019년 10월 8일 14시,화요일,강원도 인제군 인제읍,중상사고,0,1,0,0,차량단독 - 전도전복 - 전도,안전운전불이행,건조,맑음,단일로 - 기타,화물,남,38세,상해없음,,,,
2019100800100413,2019년 10월 8일 15시,화요일,강원도 원주시 개운동,경상사고,0,0,1,0,차대차 - 측면충돌,안전운전불이행,건조,맑음,단일로 - 기타,승용,남,56세,상해없음,자전거,여,9세,경상
2019100800100414,2019년 10월 8일 15시,화요일,강원도 속초시 교동,경상사고,0,0,2,0,차대차 - 측면충돌,직진우회전진행방해,건조,맑음,교차로 - 교차로안,승용,남,55세,상해없음,승용,남,70세,경상
2019100800100415,2019년 10월 8일 15시,화요일,강원도 삼척시 우지동,중상사고,0,1,0,0,차대차 - 추돌,안전거리미확보,건조,맑음,교차로 - 교차로안,승용,남,70세,상해없음,승용,여,54세,중상
2019100800100458,2019년 10월 8일 16시,화요일,강원도 원주시 부론면,경상사고,0,0,1,0,차대사람 - 길가장자리구역통행중,안전운전불이행,건조,맑음,단일로 - 기타,승용,남,70세,상해없음,보행자,남,37세,경상
2019100800100501,2019년 10월 8일 17시,화요일,강원도 정선군 신동읍,중상사고,0,2,0,0,차대차 - 정면충돌,안전운전불이행,건조,맑음,교차로 - 교차로부근,승용,여,67세,상해없음,승용,여,35세,중상
2019100800100558,2019년 10월 8일 18시,화요일,강원도 춘천시 우두동,경상사고,0,0,1,0,차대차 - 기타,안전거리미확보,건조,맑음,단일로 - 기타,승용,남,27세,상해없음,자전거,남,58세,경상
2019100800100559,2019년 10월 8일 18시,화요일,강원도 춘천시 우두동,경상사고,0,0,1,0,차대차 - 측면충돌,안전운전불이행,건조,맑음,교차로 - 교차로안,승용,남,54세,상해없음,승용,여,67세,상해없음
2019100800100560,2019년 10월 8일 18시,화요일,강원도 원주시 단구동,경상사고,0,0,1,0,차대차 - 추돌,안전운전불이행,건조,맑음,단일로 - 기타,화물,남,51세,상해없음,승용,남,49세,경상
2019100800100561,2019년 10월 8일 18시,화요일,강원도 원주시 명륜동,경상사고,0,0,1,0,차대차 - 측면충돌,직진우회전진행방해,건조,맑음,교차로 - 교차로안,화물,남,66세,상해없음,승용,여,46세,경상