사고번호,사고일시,요일,시군구,사고내용,사망자수,중상자수,경상자수,부상신고자수,사고유형,법규위반,노면상태,기상상태,도로형태,가해운전자 차종,가해운전자 성별,가해운전자 연령,가해운전자 상해정도,피해운전자 차종,피해운전자 성별,피해운전자 연령,피해운전자 상해정도
2019100800100633,2019년 10월 8일 19시,화요일,강원도 강릉시 임당동,경상사고,0,0,1,0,차대차 - 측면충돌,안전운전불이행,건조,맑음,교차로 - 교차로안,승용,여,36세,상해없음,자전거,남,16세,경상
2019100800100634,2019년 10월 8일 19시,화요일,강원도 강릉시 교동,중상사고,0,1,0,0,차대차 - 측면충돌,안전운전불이행,건조,맑음,교차로 - 교차로안,승용,남,25세,상해없음,이륜,남,27세,중상
2019100800100635,2019년 10월 8일 19시,화요일,강원도 강릉시 포남동,경상사고,0,0,1,0,차대차 - 측면충돌,안전운전불이행,건조,맑음,교차로 - 교차로안,승용,남,48세,상해없음,이륜,남,46세,경상
2019100800100636,2019년 10월 8일 19시,화요일,강원도 원주시 우산동,경상사고,0,0,2,0,차대차 - 추돌,중앙선침범,건조,맑음,단일로 - 기타,승용,여,60세,기타불명,승용,남,75세,경상
2019100800100684,2019년 10월 8일 20시,화요일,강원도 동해시 평릉동,경상사고,0,0,2,0,차대차 - 측면충돌,직진우회전진행방해,건조,맑음,교차로 - 교차로안,승용,여,34세,경상,승용,여,61세,경상
2019100800100747,2019년 10월 8일 22시,화요일,강원도 춘천시 후평동,경상사고,0,0,1,0,차대차 - 기타,안전운전불이행,건조,맑음,교차로 - 교차로부근,이륜,남,24세,상해없음,승용,여,43세,경상
2019100800100786,2019년 10월 8일 23시,화요일,강원도 평창군 방림면,경상사고,0,0,3,0,차대차 - 추돌,안전운전불이행,건조,맑음,단일로 - 기타,승용,여,43세,경상,이륜,남,37세,상해없음
2019100900100030,2019년 10월 9일 00시,수요일,강원도 원주시 관설동,경상사고,0,0,1,0,차대사람 - 차도통행중,안전운전불이행,건조,맑음,단일로 - 기타,승용,여,71세,상해없음,보행자,남,32세,경상
2019100900100031,2019년 10월 9일 00시,수요일,강원도 평창군 대관령면,경상사고,0,0,2,0,차대차 - 추돌,안전운전불이행,건조,맑음,단일로 - 기타,화물,남,53세,상해없음,화물,남,36세,경상
2019100900100056,2019년 10월 9일 01시,수요일,강원도 원주시 개운동,중상사고,0,1,2,0,차대사람 - 보도통행중,안전운전불이행,건조,맑음,교차로 - 교차로횡단보도내,승용,남,53세,상해없음,보행자,여,27세,중상
2019100900100125,2019년 10월 9일 07시,수요일,강원도 홍천군 내면,중상사고,0,1,0,0,차대사람 - 기타,기타,건조,맑음,기타 - 기타,승합,남,45세,상해없음,보행자,남,53세,중상
2019100900100147,2019년 10월 9일 08시,수요일,강원도 춘천시 후평동,경상사고,0,0,1,0,차대차 - 측면충돌,교차로운행방법위반,건조,맑음,교차로 - 교차로안,승용,여,54세,상해없음,승용,여,44세,경상
2019100900100204,2019년 10월 9일 10시,수요일,강원도 원주시 소초면,중상사고,0,1,2,0,차량단독 - 도로외이탈 - 추락,안전운전불이행,젖음/습기,맑음,단일로 - 기타,승용,여,50세,경상,,,,
2019100900100205,2019년 10월 9일 10시,수요일,강원도 원주시 흥업면,경상사고,0,0,4,0,차대차 - 추돌,안전거리미확보,건조,맑음,교차로 - 교차로부근,건설기계,남,60세,기타불명,화물,남,66세,경상
2019100900100229,2019년 10월 9일 11시,수요일,강원도 홍천군 홍천읍,중상사고,0,2,0,0,차대차 - 측면충돌,안전거리미확보,건조,맑음,단일로 - 기타,승용,여,54세,상해없음,승용,남,60세,중상
2019100900100230,2019년 10월 9일 11시,수요일,강원도 평창군 대관령면,경상사고,0,0,2,0,차대차 - 측면충돌,안전운전불이행,건조,맑음,단일로 - 기타,승용,남,66세,상해없음,승용,남,64세,경상
2019100900100258,2019년 10월 9일 12시,수요일,강원도 평창군 평창읍,경상사고,0,0,1,0,차대차 - 측면충돌,안전운전불이행,건조,맑음,교차로 - 교차로안,승용,남,62세,상해없음,승용,남,30세,경상
2019100900100259,2019년 10월 9일 12시,수요일,강원도 횡성군 둔내면,중상사고,0,1,6,0,차대차 - 측면충돌,중앙선침범,건조,맑음,단일로 - 기타,승용,여,58세,상해없음,승용,남,39세,경상
2019100900100298,2019년 10월 9일 13시,수요일,강원도 춘천시 동면,경상사고,0,0,1,0,차대차 - 측면충돌,안전운전불이행,건조,맑음,교차로 - 교차로안,승용,남,90세 이상,상해없음,승용,남,43세,경상
2019100900100332,2019년 10월 9일 14시,수요일,강원도 춘천시 우두동,경상사고,0,0,1,0,차대사람 - 기타,안전운전불이행,건조,맑음,단일로 - 기타,자전거,여,53세,상해없음,보행자,여,23세,경상
2019100900100333,2019년 10월 9일 14시,수요일,강원도 인제군 서화면,사망사고,1,0,0,0,차량단독 - 공작물충돌,과속,건조,맑음,단일로 - 기타,화물,남,62세,사망,,,,
2019100900100407,2019년 10월 9일 16시,수요일,강원도 양양군 양양읍,중상사고,0,2,4,0,차대차 - 측면충돌,직진우회전진행방해,건조,맑음,교차로 - 교차로안,승용,여,43세,상해없음,승용,남,50세,중상
2019100900100408,2019년 10월 9일 16시,수요일,강원도 양구군 양구읍,경상사고,0,0,1,0,차대차 - 측면충돌,안전운전불이행,건조,맑음,교차로 - 교차로부근,승용,남,48세,상해없음,승용,남,71세,경상
2019100900100487,2019년 10월 9일 18시,수요일,강원도 태백시 황지동,중상사고,0,1,0,0,차대사람 - 횡단중,안전운전불이행,건조,맑음,단일로 - 기타,승용,남,61세,상해없음,보행자,여,74세,중상
2019100900100529,2019년 10월 9일 19시,수요일,강원도 고성군 토성면,경상사고,0,0,2,0,차대차 - 정면충돌,중앙선침범,건조,맑음,단일로 - 기타,승용,남,73세,상해없음,승용,여,46세,경상
2019100900100576,2019년 10월 9일 20시,수요일,강원도 춘천시 석사동,경상사고,0,0,1,0,차대사람 - 기타,안전운전불이행,건조,맑음,단일로 - 기타,승합,남,58세,상해없음,보행자,남,32세,경상
2019100900100603,2019년 10월 9일 21시,수요일,강원도 춘천시 후평동,경상사고,0,0,1,0,차대차 - 추돌,안전운전불이행,건조,맑음,교차로 - 교차로부근,원동기,남,16세,상해없음,승용,남,57세,경상
2019101000100048,2019년 10월 10일 04시,목요일,강원도 춘천시 석사동,부상신고사고,0,0,0,1,차대차 - 추돌,안전운전불이행,건조,맑음,교차로 - 교차로부근,승용,남,23세,상해없음,화물,남,37세,부상신고
2019101000100056,2019년 10월 10일 05시,목요일,강원도 양구군 남면,중상사고,0,2,0,0,차대차 - 측면충돌,과속,건조,맑음,교차로 - 교차로안,승용,남,44세,중상,승용,여,58세,중상
2019101000100074,2019년 10월 10일 06시,목요일,강원도 원주시 문막읍,중상사고,0,3,0,0,차대차 - 측면충돌,기타,건조,맑음,교차로 - 교차로안,승용,남,48세,상해없음,화물,남,54세,중상
2019101000100134,2019년 10월 10일 08시,목요일,강원도 춘천시 서면,중상사고,0,1,0,0,차대차 - 측면충돌,안전운전불이행,건조,맑음,단일로 - 기타,승용,남,59세,상해없음,자전거,남,85세,중상
2019101000100247,2019년 10월 10일 11시,목요일,강원도 원주시 명륜동,경상사고,0,0,3,0,차대차 - 측면충돌,직진우회전진행방해,건조,맑음,교차로 - 교차로안,승용,여,60세,상해없음,승용,남,37세,경상
2019101000100276,2019년 10월 10일 12시,목요일,강원도 홍천군 남면,경상사고,0,0,2,0,차대차 - 측면충돌,교차로운행방법위반,건조,맑음,교차로 - 교차로안,화물,남,50세,경상,승합,남,43세,경상
2019101000100361,2019년 10월 10일 14시,목요일,강원도 춘천시 우두동,경상사고,0,0,2,0,차대차 - 측면충돌,교차로운행방법위반,건조,맑음,교차로 - 교차로안,승용,남,30세,경상,승용,여,39세,경상
2019101000100362,2019년 10월 10일 14시,목요일,강원도 원주시 단계동,경상사고,0,0,2,0,차대차 - 후진중충돌,안전운전불이행,건조,맑음,교차로 - 교차로부근,승용,여,51세,상해없음,승용,남,64세,경상
2019101000100399,2019년 10월 10일 15시,목요일,강원도 원주시 판부면,경상사고,0,0,1,0,차대차 - 측면충돌,안전운전불이행,건조,맑음,교차로 - 교차로부근,승용,남,26세,상해없음,이륜,남,53세,경상
2019101000100400,2019년 10월 10일 15시,목요일,강원도 속초시 교동,중상사고,0,1,0,0,차대사람 - 차도통행중,안전운전불이행,건조,맑음,교차로 - 교차로부근,승용,남,35세,상해없음,보행자,여,59세,중상
2019101000100401,2019년 10월 10일 15시,목요일,강원도 삼척시 정하동,경상사고,0,0,1,0,차대차 - 측면충돌,직진우회전진행방해,건조,맑음,교차로 - 교차로부근,승용,남,54세,상해없음,원동기,여,73세,경상
2019101000100402,2019년 10월 10일 15시,목요일,강원도 홍천군 홍천읍,경상사고,0,0,2,0,차대차 - 측면충돌,안전운전불이행,건조,맑음,단일로 - 기타,화물,남,54세,경상,승용,여,49세,경상
2019101000100453,2019년 10월 10일 16시,목요일,강원도 속초시 교동,경상사고,0,0,1,0,차대차 - 측면충돌,안전운전불이행,건조,맑음,단일로 - 기타,화물,남,64세,상해없음,이륜,남,36세,경상
2019101000100454,2019년 10월 10일 16시,목요일,강원도 홍천군 홍천읍,중상사고,0,1,0,0,차대사람 - 기타,안전운전불이행,건조,맑음,단일로 - 기타,승용,남,68세,상해없음,보행자,여,62세,중상
2019101000100545,2019년 10월 10일 18시,목요일,강원도 삼척시 정상동,경상사고,0,0,1,0,차대차 - 측면충돌,직진우회전진행방해,건조,맑음,교차로 - 교차로안,화물,남,49세,상해없음,원동기,남,65세,경상
2019101000100596,2019년 10월 10일 19시,목요일,강원도 춘천시 온의동,중상사고,0,1,0,0,차대차 - 측면충돌,교차로운행방법위반,건조,맑음,교차로 - 교차로안,승용,여,57세,상해없음,이륜,남,28세,중상
2019101000100597,2019년 10월 10일 19시,목요일,강원도 원주시 호저면,경상사고,0,0,1,0,차대차 - 기타,안전거리미확보,건조,맑음,단일로 - 기타,승용,남,28세,상해없음,승용,여,53세,경상
2019101000100641,2019년 10월 10일 20시,목요일,강원도 원주시 단계동,경상사고,0,0,2,0,차대차 - 측면충돌,안전운전불이행,건조,맑음,단일로 - 기타,승합,남,64세,상해없음,승용,여,47세,경상
2019101000100678,2019년 10월 10일 21시,목요일,강원도 춘천시 칠전동,경상사고,0,0,1,0,차대차 - 측면충돌,직진우회전진행방해,건조,맑음,교차로 - 교차로안,승용,남,62세,상해없음,이륜,남,28세,경상
2019101000100707,2019년 10월 10일 22시,목요일,강원도 원주시 단계동,경상사고,0,0,3,0,차대차 - 추돌,신호위반,건조,맑음,교차로 - 교차로안,승용,남,29세,상해없음,승용,남,48세,경상
2019101100100042,2019년 10월 11일 00시,금요일,강원도 태백시 황지동,경상사고,0,0,1,0,차대차 - 측면충돌,안전운전불이행,건조,맑음,교차로 - 교차로안,승용,여,54세,상해없음,승용,남,31세,경상
2019101100100057,2019년 10월 11일 01시,금요일,강원도 원주시 단구동,경상사고,0,0,1,0,차대차 - 기타,안전운전불이행,건조,맑음,단일로 - 기타,승용,남,36세,상해없음,승용,여,48세,상해없음
2019101100100096,2019년 10월 11일 06시,금요일,강원도 정선군 남면,중상사고,0,4,0,0,차대차 - 정면충돌,중앙선침범,건조,맑음,교차로 - 교차로부근,승용,여,33세,상해없음,화물,남,44세,중상
2019101100100110,2019년 10월 11일 07시,금요일,강원도 춘천시 근화동,경상사고,0,0,1,0,차대차 - 측면충돌,중앙선침범,건조,맑음,교차로 - 교차로안,승용,여,33세,상해없음,승용,여,30세,경상
2019101100100111,2019년 10월 11일 07시,금요일,강원도 강릉시 홍제동,경상사고,0,0,1,0,차대차 - 측면충돌,안전운전불이행,건조,맑음,교차로 - 교차로부근,승용,남,63세,상해없음,자전거,남,45세,경상
2019101100100152,2019년 10월 11일 08시,금요일,강원도 삼척시 신기면,경상사고,0,0,2,0,차대차 - 정면충돌,중앙선침범,건조,맑음,단일로 - 기타,승용,여,69세,경상,승용,남,77세,경상
2019101100100191,2019년 10월 11일 09시,금요일,강원도 강릉시 초당동,경상사고,0,0,1,0,차대차 - 측면충돌,신호위반,건조,맑음,교차로 - 교차로안,승용,남,74세,기타불명,승합,남,80세,경상
2019101100100192,2019년 10월 11일 09시,금요일,강원도 강릉시 송정동,경상사고,0,0,2,0,차대차 - 측면충돌,안전운전불이행,건조,맑음,교차로 - 교차로안,승용,여,49세,경상,승용,남,66세,경상
2019101100100235,2019년 10월 11일 10시,금요일,강원도 영월군 한반도면,중상사고,0,1,0,0,차대사람 - 기타,안전운전불이행,건조,맑음,단일로 - 지하차도(도로)내,화물,남,51세,상해없음,보행자,여,85세,중상
2019101100100303,2019년 10월 11일 12시,금요일,강원도 춘천시 신북읍,경상사고,0,0,1,0,차대차 - 측면충돌,직진우회전진행방해,건조,맑음,교차로 - 교차로안,승합,남,65세,상해없음,승용,여,64세,경상
2019101100100304,2019년 10월 11일 12시,금요일,강원도 강릉시 교동,경상사고,0,0,1,0,차대차 - 측면충돌,안전운전불이행,건조,맑음,단일로 - 기타,승용,남,68세,상해없음,승용,남,26세,경상
2019101100100338,2019년 10월 11일 13시,금요일,강원도 원주시 지정면,경상사고,0,0,1,0,차대차 - 측면충돌,신호위반,건조,맑음,교차로 - 교차로안,승용,남,30세,상해없음,승용,남,50세,경상
2019101100100405,2019년 10월 11일 15시,금요일,강원도 춘천시 동산면,경상사고,0,0,1,0,차대차 - 정면충돌,중앙선침범,건조,맑음,단일로 - 기타,승용,여,20세,상해없음,화물,남,53세,경상
2019101100100406,2019년 10월 11일 15시,금요일,강원도 강릉시 포남동,경상사고,0,0,1,0,차대차 - 측면충돌,안전운전불이행,건조,맑음,단일로 - 기타,승용,남,36세,상해없음,자전거,남,81세,경상
2019101100100451,2019년 10월 11일 16시,금요일,강원도 강릉시 주문진읍,경상사고,0,0,1,0,차대차 - 측면충돌,안전운전불이행,건조,맑음,교차로 - 교차로안,화물,남,53세,상해없음,승용,남,67세,경상
2019101100100452,2019년 10월 11일 16시,금요일,강원도 원주시 개운동,중상사고,0,2,0,0,차대차 - 추돌,안전거리미확보,건조,맑음,단일로 - 기타,화물,남,56세,상해없음,승용,여,44세,중상
2019101100100453,2019년 10월 11일 16시,금요일,강원도 홍천군 홍천읍,경상사고,0,0,2,0,차대차 - 측면충돌,교차로운행방법위반,건조,맑음,교차로 - 교차로안,승용,여,56세,상해없음,승용,남,54세,경상
2019101100100566,2019년 10월 11일 18시,금요일,강원도 춘천시 동면,부상신고사고,0,0,0,1,차대차 - 기타,안전운전불이행,건조,맑음,교차로 - 교차로횡단보도내,자전거,남,64세,부상신고,승용,여,66세,상해없음
2019101100100567,2019년 10월 11일 18시,금요일,강원도 강릉시 교동,경상사고,0,0,5,0,차대차 - 측면충돌,신호위반,건조,맑음,교차로 - 교차로안,승용,여,23세,상해없음,승용,여,49세,경상
2019101100100568,2019년 10월 11일 18시,금요일,강원도 원주시 단구동,경상사고,0,0,2,0,차대차 - 추돌,안전거리미확보,건조,맑음,단일로 - 기타,승용,여,43세,상해없음,승용,여,51세,경상
2019101100100639,2019년 10월 11일 19시,금요일,강원도 강릉시 강문동,경상사고,0,0,1,0,차대차 - 측면충돌,안전운전불이행,건조,맑음,교차로 - 교차로안,화물,남,72세,상해없음,승용,남,23세,경상
2019101100100640,2019년 10월 11일 19시,금요일,강원도 강릉시 교동,경상사고,0,0,1,0,차대차 - 측면충돌,안전운전불이행,건조,맑음,교차로 - 교차로안,승용,여,48세,상해없음,이륜,남,42세,경상
2019101100100641,2019년 10월 11일 19시,금요일,강원도 평창군 대화면,중상사고,0,1,1,0,차대차 - 측면충돌,중앙선침범,건조,맑음,단일로 - 기타,승용,여,61세,경상,화물,남,48세,상해없음
2019101100100730,2019년 10월 11일 21시,금요일,강원도 원주시 명륜동,경상사고,0,0,1,0,차대차 - 추돌,안전운전불이행,건조,맑음,교차로 - 교차로안,이륜,남,33세,경상,승용,여,52세,상해없음
2019101200100050,2019년 10월 12일 01시,토요일,강원도 춘천시 효자동,경상사고,0,0,1,0,차대차 - 측면충돌,안전운전불이행,건조,맑음,교차로 - 교차로안,승용,남,50세,상해없음,이륜,남,29세,경상
2019101200100076,2019년 10월 12일 03시,토요일,강원도 속초시 조양동,경상사고,0,0,1,0,차대사람 - 차도통행중,안전운전불이행,건조,맑음,교차로 - 교차로부근,승용,남,40세,상해없음,보행자,남,24세,경상
2019101200100174,2019년 10월 12일 09시,토요일,강원도 속초시 노학동,중상사고,0,1,0,0,차대사람 - 길가장자리구역통행중,안전운전불이행,건조,맑음,단일로 - 고가도로위,승용,남,61세,상해없음,보행자,남,69세,중상
2019101200100307,2019년 10월 12일 12시,토요일,강원도 강릉시 성산면,경상사고,0,0,2,0,차대차 - 측면충돌,안전운전불이행,건조,맑음,교차로 - 교차로안,승용,남,81세,상해없음,승용,남,67세,경상
2019101200100308,2019년 10월 12일 12시,토요일,강원도 강릉시 홍제동,경상사고,0,0,3,0,차대차 - 측면충돌,안전운전불이행,건조,맑음,교차로 - 교차로안,승용,남,25세,상해없음,승용,여,61세,경상
2019101200100309,2019년 10월 12일 12시,토요일,강원도 원주시 행구동,경상사고,0,0,1,0,차대차 - 기타,안전거리미확보,건조,맑음,교차로 - 교차로안,승용,여,63세,기타불명,승합,남,67세,상해없음
2019101200100310,2019년 10월 12일 12시,토요일,강원도 평창군 용평면,중상사고,0,1,0,0,차대차 - 정면충돌,중앙선침범,건조,맑음,기타 - 기타,승용,남,79세,상해없음,이륜,남,48세,중상
2019101200100351,2019년 10월 12일 13시,토요일,강원도 고성군 현내면,경상사고,0,0,2,0,차대차 - 정면충돌,안전운전불이행,건조,맑음,교차로 - 교차로안,승용,남,51세,상해없음,승용,남,48세,경상
2019101200100407,2019년 10월 12일 14시,토요일,강원도 평창군 대관령면,경상사고,0,0,3,0,차대차 - 측면충돌,과속,건조,맑음,교차로 - 교차로안,승용,남,41세,상해없음,승용,여,66세,경상
2019101200100459,2019년 10월 12일 15시,토요일,강원도 춘천시 효자동,경상사고,0,0,2,0,차대차 - 추돌,신호위반,건조,맑음,교차로 - 교차로안,승용,남,66세,상해없음,승용,여,52세,경상
2019101200100460,2019년 10월 12일 15시,토요일,강원도 원주시 가현동,경상사고,0,0,3,0,차대차 - 추돌,안전운전불이행,건조,맑음,단일로 - 기타,화물,남,64세,상해없음,승용,남,34세,경상
2019101200100510,2019년 10월 12일 16시,토요일,강원도 원주시 단구동,경상사고,0,0,1,0,차대차 - 측면충돌,안전운전불이행,건조,맑음,단일로 - 기타,승용,남,36세,상해없음,이륜,남,53세,경상
2019101200100511,2019년 10월 12일 16시,토요일,강원도 인제군 북면,경상사고,0,0,1,0,차대차 - 측면충돌,안전운전불이행,건조,맑음,교차로 - 교차로부근,화물,여,62세,상해없음,승용,남,37세,경상
2019101200100512,2019년 10월 12일 16시,토요일,강원도 양구군 남면,중상사고,0,1,1,1,차대차 - 추돌,안전운전불이행,건조,맑음,단일로 - 기타,화물,남,60세,경상,승용,남,75세,상해없음
2019101200100596,2019년 10월 12일 18시,토요일,강원도 속초시 중앙동,경상사고,0,0,1,0,차대차 - 측면충돌,신호위반,건조,맑음,교차로 - 교차로안,자전거,남,76세,경상,승용,여,55세,상해없음
2019101200100716,2019년 10월 12일 21시,토요일,강원도 삼척시 도계읍,경상사고,0,0,1,0,차대차 - 측면충돌,중앙선침범,건조,흐림,단일로 - 기타,화물,남,34세,상해없음,승용,남,53세,경상
2019101200100774,2019년 10월 12일 23시,토요일,강원도 춘천시 소양로1가,중상사고,0,1,0,0,차대차 - 기타,중앙선침범,건조,맑음,단일로 - 기타,승용,여,48세,상해없음,승용,남,47세,중상
2019101300100076,2019년 10월 13일 05시,일요일,강원도 원주시 지정면,경상사고,0,0,2,0,차대차 - 추돌,안전운전불이행,건조,맑음,교차로 - 교차로부근,화물,남,46세,상해없음,승용,여,59세,경상
2019101300100146,2019년 10월 13일 10시,일요일,강원도 영월군 영월읍,부상신고사고,0,0,0,1,차대사람 - 차도통행중,교차로운행방법위반,건조,맑음,교차로 - 교차로안,승용,여,59세,상해없음,보행자,남,70세,부상신고
2019101300100178,2019년 10월 13일 11시,일요일,강원도 강릉시 초당동,경상사고,0,0,1,0,차대사람 - 기타,안전운전불이행,건조,맑음,단일로 - 기타,승용,여,56세,상해없음,보행자,남,30세,경상
2019101300100255,2019년 10월 13일 14시,일요일,강원도 춘천시 신동면,중상사고,0,1,1,0,차대차 - 추돌,안전운전불이행,건조,맑음,단일로 - 기타,승용,남,60세,중상,농기계,남,65세,경상
2019101300100256,2019년 10월 13일 14시,일요일,강원도 강릉시 교동,경상사고,0,0,1,0,차대차 - 추돌,안전운전불이행,건조,맑음,단일로 - 기타,승용,남,47세,상해없음,승용,여,47세,경상
2019101300100257,2019년 10월 13일 14시,일요일,강원도 강릉시 교동,경상사고,0,0,1,0,차대차 - 측면충돌,안전운전불이행,건조,맑음,단일로 - 기타,승용,남,28세,상해없음,자전거,남,13세,경상
2019101300100258,2019년 10월 13일 14시,일요일,강원도 속초시 청호동,중상사고,0,1,0,0,차대차 - 측면충돌,직진우회전진행방해,건조,맑음,교차로 - 교차로안,승용,남,45세,상해없음,이륜,남,81세,중상
2019101300100259,2019년 10월 13일 14시,일요일,강원도 홍천군 서석면,경상사고,0,0,1,0,차대사람 - 기타,안전운전불이행,건조,맑음,단일로 - 기타,화물,남,35세,상해없음,보행자,남,64세,경상
2019101300100301,2019년 10월 13일 15시,일요일,강원도 춘천시 사농동,경상사고,0,0,5,0,차대차 - 추돌,안전운전불이행,건조,맑음,교차로 - 교차로부근,화물,남,55세,상해없음,승용,남,46세,경상
2019101300100302,2019년 10월 13일 15시,일요일,강원도 영월군 영월읍,부상신고사고,0,0,0,2,차대차 - 정면충돌,교차로운행방법위반,건조,맑음,교차로 - 교차로안,기타불명,기타불명,미분류,기타불명,승용,남,51세,부상신고
2019101300100329,2019년 10월 13일 16시,일요일,강원도 춘천시 퇴계동,경상사고,0,0,1,0,차대차 - 추돌,교차로운행방법위반,건조,맑음,교차로 - 교차로안,승용,남,65세,상해없음,승용,남,65세,경상
2019101300100330,2019년 10월 13일 16시,일요일,강원도 홍천군 동면,중상사고,0,1,0,0,차대차 - 측면충돌,중앙선침범,건조,맑음,교차로 - 교차로부근,승용,여,63세,상해없음,승용,남,59세,상해없음
2019101300100361,2019년 10월 13일 17시,일요일,강원도 강릉시 내곡동,경상사고,0,0,2,0,차대차 - 측면충돌,중앙선침범,건조,맑음,교차로 - 교차로부근,승용,남,38세,상해없음,승용,남,32세,경상
2019101300100362,2019년 10월 13일 17시,일요일,강원도 철원군 서면,경상사고,0,0,1,0,차대차 - 측면충돌,직진우회전진행방해,건조,맑음,교차로 - 교차로안,승용,여,57세,상해없음,승용,남,62세,경상
2019101300100392,2019년 10월 13일 18시,일요일,강원도 춘천시 신북읍,경상사고,0,0,1,0,차대차 - 정면충돌,안전운전불이행,건조,맑음,단일로 - 기타,승용,남,46세,상해없음,승용,여,50세,경상
2019101300100393,2019년 10월 13일 18시,일요일,강원도 춘천시 남산면,경상사고,0,0,1,0,차대차 - 측면충돌,안전거리미확보,건조,맑음,교차로 - 교차로안,승용,여,76세,상해없음,승용,남,50세,경상
2019101300100394,2019년 10월 13일 18시,일요일,강원도 정선군 남면,중상사고,0,1,0,0,차대사람 - 차도통행중,안전운전불이행,건조,맑음,단일로 - 기타,화물,남,61세,상해없음,보행자,남,71세,중상
2019101300100429,2019년 10월 13일 19시,일요일,강원도 춘천시 동면,경상사고,0,0,1,0,차대사람 - 보도통행중,기타,건조,맑음,기타 - 기타,승용,남,63세,상해없음,보행자,남,58세,경상
2019101300100430,2019년 10월 13일 19시,일요일,강원도 동해시 평릉동,경상사고,0,0,1,0,차대사람 - 횡단중,보행자보호의무위반,젖음/습기,비,교차로 - 교차로횡단보도내,승용,남,58세,상해없음,보행자,여,18세,경상
2019101300100431,2019년 10월 13일 19시,일요일,강원도 양양군 서면,경상사고,0,0,1,0,차대차 - 기타,안전운전불이행,건조,맑음,단일로 - 기타,승용,남,61세,상해없음,승합,남,57세,상해없음
2019101300100495,2019년 10월 13일 21시,일요일,강원도 원주시 평원동,중상사고,0,1,0,0,차대사람 - 차도통행중,교차로운행방법위반,건조,맑음,교차로 - 교차로안,승용,남,58세,상해없음,보행자,여,69세,중상
2019101300100514,2019년 10월 13일 22시,일요일,강원도 춘천시 중앙로2가,경상사고,0,0,1,0,차대차 - 측면충돌,안전운전불이행,건조,맑음,교차로 - 교차로안,기타불명,기타불명,미분류,기타불명,승용,남,55세,경상
2019101400100029,2019년 10월 14일 00시,월요일,강원도 원주시 관설동,중상사고,0,1,4,0,차대차 - 측면충돌,안전거리미확보,건조,맑음,교차로 - 교차로부근,승용,남,40세,경상,승용,남,43세,중상
2019101400100125,2019년 10월 14일 08시,월요일,강원도 원주시 단계동,경상사고,0,0,1,0,차대차 - 기타,안전운전불이행,건조,맑음,교차로 - 교차로안,승용,여,33세,상해없음,승용,여,23세,경상
2019101400100126,2019년 10월 14일 08시,월요일,강원도 태백시 황지동,중상사고,0,1,1,0,차대차 - 측면충돌,안전운전불이행,건조,맑음,교차로 - 교차로안,승용,남,73세,상해없음,승용,여,35세,경상
2019101400100173,2019년 10월 14일 09시,월요일,강원도 동해시 평릉동,경상사고,0,0,3,0,차대차 - 추돌,안전운전불이행,건조,맑음,단일로 - 기타,승용,남,72세,상해없음,승용,남,27세,경상
2019101400100330,2019년 10월 14일 13시,월요일,강원도 춘천시 온의동,경상사고,0,0,2,0,차대차 - 측면충돌,신호위반,건조,맑음,교차로 - 교차로부근,승용,여,55세,상해없음,승용,남,27세,경상
2019101400100368,2019년 10월 14일 14시,월요일,강원도 원주시 우산동,경상사고,0,0,1,0,차대차 - 추돌,안전운전불이행,건조,맑음,단일로 - 기타,승용,남,50세,상해없음,승용,여,36세,경상
2019101400100369,2019년 10월 14일 14시,월요일,강원도 양구군 양구읍,경상사고,0,0,1,0,차대차 - 후진중충돌,안전운전불이행,건조,맑음,교차로 - 교차로부근,승용,여,45세,상해없음,이륜,남,19세,경상
2019101400100409,2019년 10월 14일 15시,월요일,강원도 속초시 교동,경상사고,0,0,1,0,차대차 - 추돌,안전운전불이행,젖음/습기,비,교차로 - 교차로부근,승용,여,47세,상해없음,승용,여,40세,경상
2019101400100410,2019년 10월 14일 15시,월요일,강원도 영월군 영월읍,경상사고,0,0,2,0,차대차 - 기타,안전운전불이행,건조,맑음,기타 - 기타,승용,여,68세,상해없음,승용,여,43세,경상
2019101400100575,2019년 10월 14일 18시,월요일,강원도 양양군 강현면,경상사고,0,0,1,0,차대차 - 측면충돌,안전운전불이행,젖음/습기,비,교차로 - 교차로안,승용,남,63세,상해없음,승용,여,44세,경상
2019101400100576,2019년 10월 14일 18시,월요일,강원도 삼척시 남양동,중상사고,0,1,0,0,차대사람 - 횡단중,안전운전불이행,젖음/습기,비,교차로 - 교차로안,승용,여,29세,상해없음,보행자,남,60세,중상
2019101400100577,2019년 10월 14일 18시,월요일,강원도 정선군 사북읍,경상사고,0,0,5,0,차대차 - 측면충돌,교차로운행방법위반,건조,맑음,교차로 - 교차로안,승용,남,74세,상해없음,승용,남,57세,경상
2019101400100578,2019년 10월 14일 18시,월요일,강원도 고성군 토성면,중상사고,0,1,1,0,차대차 - 측면충돌,중앙선침범,젖음/습기,비,기타 - 기타,화물,남,57세,상해없음,승용,남,38세,경상