사고번호,사고일시,요일,시군구,사고내용,사망자수,중상자수,경상자수,부상신고자수,사고유형,법규위반,노면상태,기상상태,도로형태,가해운전자 차종,가해운전자 성별,가해운전자 연령,가해운전자 상해정도,피해운전자 차종,피해운전자 성별,피해운전자 연령,피해운전자 상해정도
2019102000100319,2019년 10월 20일 15시,일요일,강원도 인제군 인제읍,중상사고,0,1,2,0,차대차 - 추돌,안전거리미확보,건조,맑음,단일로 - 기타,승용,남,42세,상해없음,승용,여,43세,경상
2019102000100349,2019년 10월 20일 16시,일요일,강원도 원주시 호저면,경상사고,0,0,4,0,차대차 - 측면충돌,안전운전불이행,건조,맑음,교차로 - 교차로안,화물,남,52세,상해없음,승합,남,39세,경상
2019102000100350,2019년 10월 20일 16시,일요일,강원도 원주시 단계동,경상사고,0,0,3,0,차대차 - 측면충돌,안전운전불이행,건조,맑음,기타 - 기타,승용,여,48세,기타불명,승용,남,21세,경상
2019102000100388,2019년 10월 20일 17시,일요일,강원도 속초시 교동,경상사고,0,0,1,0,차대차 - 측면충돌,안전운전불이행,건조,맑음,교차로 - 교차로안,승용,남,52세,상해없음,이륜,남,21세,경상
2019102000100389,2019년 10월 20일 17시,일요일,강원도 평창군 용평면,경상사고,0,0,1,0,차대차 - 기타,안전운전불이행,건조,맑음,기타 - 기타,화물,남,69세,상해없음,승용,여,53세,경상
2019102000100390,2019년 10월 20일 17시,일요일,강원도 인제군 북면,중상사고,0,2,0,0,차대차 - 정면충돌,안전운전불이행,건조,맑음,교차로 - 교차로안,승용,남,58세,상해없음,이륜,남,52세,중상
2019102000100427,2019년 10월 20일 18시,일요일,강원도 원주시 태장동,중상사고,0,1,1,0,차대차 - 측면충돌,신호위반,건조,맑음,교차로 - 교차로안,승용,여,72세,상해없음,승용,남,60세,중상
2019102000100428,2019년 10월 20일 18시,일요일,강원도 원주시 단구동,경상사고,0,0,4,0,차대차 - 측면충돌,안전운전불이행,건조,맑음,교차로 - 교차로안,화물,남,44세,상해없음,승용,여,49세,경상
2019102000100429,2019년 10월 20일 18시,일요일,강원도 양양군 현남면,중상사고,0,1,0,0,차대차 - 추돌,안전운전불이행,건조,맑음,교차로 - 교차로안,승합,남,71세,상해없음,이륜,남,32세,중상
2019102000100430,2019년 10월 20일 18시,일요일,강원도 동해시 부곡동,경상사고,0,0,1,0,차대차 - 측면충돌,안전운전불이행,건조,맑음,교차로 - 교차로안,승용,남,57세,상해없음,승용,남,48세,경상
2019102000100492,2019년 10월 20일 20시,일요일,강원도 횡성군 횡성읍,중상사고,0,1,0,0,차대사람 - 기타,안전운전불이행,건조,맑음,단일로 - 기타,승용,남,59세,상해없음,보행자,남,59세,기타불명
2019102000100493,2019년 10월 20일 20시,일요일,강원도 동해시 발한동,경상사고,0,0,2,0,차대차 - 기타,안전운전불이행,건조,맑음,단일로 - 기타,승용,남,37세,상해없음,승용,남,34세,경상
2019102000100516,2019년 10월 20일 21시,일요일,강원도 춘천시 석사동,경상사고,0,0,1,0,차대차 - 측면충돌,안전운전불이행,건조,맑음,단일로 - 기타,승용,남,63세,상해없음,이륜,남,19세,경상
2019102000100541,2019년 10월 20일 22시,일요일,강원도 삼척시 교동,경상사고,0,0,1,0,차대차 - 측면충돌,직진우회전진행방해,건조,맑음,교차로 - 교차로안,승용,남,65세,상해없음,승용,남,49세,경상
2019102100100093,2019년 10월 21일 07시,월요일,강원도 원주시 일산동,경상사고,0,0,1,0,차대차 - 측면충돌,신호위반,건조,맑음,교차로 - 교차로안,승용,여,62세,상해없음,승용,남,43세,경상
2019102100100133,2019년 10월 21일 08시,월요일,강원도 강릉시 옥천동,중상사고,0,1,0,0,차대사람 - 횡단중,안전운전불이행,건조,맑음,교차로 - 교차로부근,승용,남,53세,상해없음,보행자,남,75세,중상
2019102100100134,2019년 10월 21일 08시,월요일,강원도 삼척시 남양동,경상사고,0,0,1,0,차대차 - 측면충돌,직진우회전진행방해,건조,맑음,교차로 - 교차로안,자전거,여,64세,경상,승용,여,60세,상해없음
2019102100100135,2019년 10월 21일 08시,월요일,강원도 정선군 고한읍,경상사고,0,0,1,0,차대차 - 측면충돌,안전운전불이행,건조,맑음,단일로 - 기타,승용,남,68세,기타불명,승용,남,57세,경상
2019102100100178,2019년 10월 21일 09시,월요일,강원도 홍천군 내면,경상사고,0,0,1,0,차대사람 - 기타,안전운전불이행,건조,맑음,단일로 - 기타,승용,여,56세,상해없음,보행자,여,55세,경상
2019102100100179,2019년 10월 21일 09시,월요일,강원도 철원군 갈말읍,경상사고,0,0,2,0,차대차 - 측면충돌,중앙선침범,건조,맑음,단일로 - 기타,승용,여,59세,상해없음,승용,남,53세,경상
2019102100100227,2019년 10월 21일 10시,월요일,강원도 화천군 하남면,경상사고,0,0,2,0,차대차 - 추돌,안전운전불이행,건조,맑음,단일로 - 교량,이륜,남,78세,경상,승용,여,36세,경상
2019102100100260,2019년 10월 21일 11시,월요일,강원도 원주시 무실동,중상사고,0,1,0,0,차대차 - 기타,신호위반,건조,맑음,교차로 - 교차로안,화물,남,31세,상해없음,이륜,남,25세,중상
2019102100100309,2019년 10월 21일 12시,월요일,강원도 춘천시 퇴계동,경상사고,0,0,1,0,차대차 - 측면충돌,신호위반,건조,맑음,교차로 - 교차로안,승용,남,70세,상해없음,승용,여,64세,경상
2019102100100351,2019년 10월 21일 13시,월요일,강원도 강릉시 포남동,중상사고,0,1,0,0,차대차 - 측면충돌,안전운전불이행,건조,맑음,교차로 - 교차로안,승용,남,67세,기타불명,이륜,남,35세,중상
2019102100100352,2019년 10월 21일 13시,월요일,강원도 원주시 흥업면,중상사고,0,4,2,0,차대차 - 추돌,안전운전불이행,건조,맑음,단일로 - 기타,화물,남,66세,상해없음,승용,남,72세,중상
2019102100100353,2019년 10월 21일 13시,월요일,강원도 속초시 조양동,부상신고사고,0,0,0,1,차대차 - 측면충돌,신호위반,건조,맑음,교차로 - 교차로안,승용,남,46세,상해없음,승용,여,70세,부상신고
2019102100100354,2019년 10월 21일 13시,월요일,강원도 삼척시 신기면,중상사고,0,3,6,0,차대차 - 추돌,안전거리미확보,건조,맑음,단일로 - 기타,승용,여,37세,경상,승용,남,73세,중상
2019102100100431,2019년 10월 21일 15시,월요일,강원도 춘천시 남면,경상사고,0,0,1,0,차량단독 - 공작물충돌,안전운전불이행,건조,맑음,단일로 - 기타,화물,남,25세,경상,,,,
2019102100100432,2019년 10월 21일 15시,월요일,강원도 원주시 단구동,중상사고,0,1,0,0,차대차 - 측면충돌,안전운전불이행,건조,맑음,교차로 - 교차로횡단보도내,승용,여,46세,상해없음,자전거,남,13세,중상
2019102100100475,2019년 10월 21일 16시,월요일,강원도 속초시 도문동,경상사고,0,0,2,0,차대차 - 측면충돌,안전운전불이행,건조,맑음,단일로 - 고가도로위,승용,남,56세,상해없음,승용,남,49세,경상
2019102100100524,2019년 10월 21일 17시,월요일,강원도 춘천시 퇴계동,경상사고,0,0,1,0,차대차 - 측면충돌,교차로운행방법위반,건조,맑음,교차로 - 교차로안,승용,여,48세,상해없음,승용,남,75세,경상
2019102100100525,2019년 10월 21일 17시,월요일,강원도 원주시 개운동,중상사고,0,1,0,0,차대사람 - 기타,안전운전불이행,건조,맑음,단일로 - 기타,승합,남,58세,상해없음,보행자,여,68세,중상
2019102100100526,2019년 10월 21일 17시,월요일,강원도 화천군 사내면,중상사고,0,1,0,0,차대사람 - 횡단중,안전운전불이행,건조,맑음,단일로 - 기타,승용,여,43세,상해없음,보행자,여,11세,중상
2019102100100574,2019년 10월 21일 18시,월요일,강원도 춘천시 칠전동,중상사고,0,1,1,0,차대차 - 추돌,안전운전불이행,건조,맑음,교차로 - 교차로부근,승용,여,52세,상해없음,승용,남,32세,중상
2019102100100630,2019년 10월 21일 19시,월요일,강원도 강릉시 임당동,중상사고,0,1,0,0,차대차 - 측면충돌,중앙선침범,건조,맑음,단일로 - 기타,승용,남,43세,상해없음,원동기,남,42세,중상
2019102200100030,2019년 10월 22일 00시,화요일,강원도 강릉시 입암동,경상사고,0,0,2,0,차대차 - 추돌,안전운전불이행,건조,맑음,교차로 - 교차로부근,승용,남,43세,상해없음,승용,여,56세,경상
2019102200100047,2019년 10월 22일 02시,화요일,강원도 원주시 단계동,경상사고,0,0,1,0,차대차 - 추돌,안전거리미확보,건조,맑음,교차로 - 교차로안,승용,남,59세,상해없음,승용,여,54세,경상
2019102200100070,2019년 10월 22일 05시,화요일,강원도 홍천군 홍천읍,경상사고,0,0,1,0,차대차 - 추돌,안전운전불이행,건조,맑음,단일로 - 기타,화물,남,59세,상해없음,농기계,남,64세,경상
2019102200100084,2019년 10월 22일 06시,화요일,강원도 춘천시 퇴계동,사망사고,1,0,0,0,차대사람 - 횡단중,보행자보호의무위반,건조,맑음,교차로 - 교차로횡단보도내,승용,남,68세,상해없음,보행자,남,73세,사망
2019102200100085,2019년 10월 22일 06시,화요일,강원도 강릉시 박월동,중상사고,0,1,3,0,차대차 - 측면충돌,신호위반,건조,맑음,교차로 - 교차로안,승용,남,34세,상해없음,화물,남,52세,중상
2019102200100151,2019년 10월 22일 08시,화요일,강원도 강릉시 내곡동,경상사고,0,0,1,0,차대차 - 측면충돌,안전운전불이행,건조,맑음,단일로 - 기타,승용,남,73세,상해없음,화물,여,51세,경상
2019102200100152,2019년 10월 22일 08시,화요일,강원도 양양군 강현면,경상사고,0,0,1,0,차대차 - 측면충돌,안전운전불이행,건조,맑음,단일로 - 지하차도(도로)내,승용,여,32세,상해없음,승용,여,29세,경상
2019102200100254,2019년 10월 22일 11시,화요일,강원도 원주시 학성동,중상사고,0,1,0,0,차대차 - 측면충돌,안전운전불이행,건조,맑음,단일로 - 기타,승용,남,36세,상해없음,자전거,남,87세,중상
2019102200100284,2019년 10월 22일 12시,화요일,강원도 원주시 개운동,중상사고,0,1,2,0,차대차 - 기타,직진우회전진행방해,건조,맑음,교차로 - 교차로안,승용,남,78세,경상,화물,남,64세,경상
2019102200100285,2019년 10월 22일 12시,화요일,강원도 원주시 단계동,중상사고,0,1,2,0,차대차 - 추돌,안전운전불이행,건조,맑음,교차로 - 교차로부근,승용,남,61세,상해없음,승용,남,45세,경상
2019102200100286,2019년 10월 22일 12시,화요일,강원도 원주시 소초면,중상사고,0,1,6,0,차대차 - 추돌,안전거리미확보,건조,맑음,단일로 - 기타,화물,남,60세,상해없음,승용,여,59세,경상
2019102200100330,2019년 10월 22일 13시,화요일,강원도 춘천시 소양로2가,중상사고,0,1,0,0,차대차 - 측면충돌,안전운전불이행,건조,맑음,교차로 - 교차로안,승용,남,59세,상해없음,자전거,남,87세,중상
2019102200100401,2019년 10월 22일 15시,화요일,강원도 춘천시 동내면,경상사고,0,0,1,0,차대사람 - 횡단중,안전운전불이행,건조,맑음,단일로 - 기타,승용,여,30세,상해없음,보행자,남,8세,경상
2019102200100402,2019년 10월 22일 15시,화요일,강원도 강릉시 입암동,경상사고,0,0,1,0,차대차 - 측면충돌,중앙선침범,건조,맑음,단일로 - 기타,승용,여,48세,상해없음,승용,여,61세,경상
2019102200100442,2019년 10월 22일 16시,화요일,강원도 춘천시 효자동,경상사고,0,0,1,0,차대사람 - 기타,안전운전불이행,건조,맑음,기타 - 기타,기타불명,기타불명,미분류,기타불명,보행자,남,20세,경상
2019102200100443,2019년 10월 22일 16시,화요일,강원도 속초시 동명동,중상사고,0,1,0,0,차대차 - 기타,안전운전불이행,건조,맑음,교차로 - 교차로부근,승용,남,56세,상해없음,승용,여,57세,상해없음
2019102200100536,2019년 10월 22일 18시,화요일,강원도 원주시 단구동,경상사고,0,0,1,0,차대차 - 추돌,안전운전불이행,건조,맑음,교차로 - 교차로부근,승합,남,53세,상해없음,승합,남,39세,경상
2019102200100537,2019년 10월 22일 18시,화요일,강원도 화천군 간동면,사망사고,1,1,0,0,차대차 - 추돌,안전운전불이행,건조,맑음,단일로 - 기타,승용,남,36세,상해없음,농기계,남,50세,사망
2019102200100538,2019년 10월 22일 18시,화요일,강원도 횡성군 둔내면,중상사고,0,1,0,0,차대차 - 정면충돌,중앙선침범,건조,맑음,단일로 - 기타,화물,남,65세,상해없음,승용,여,57세,중상
2019102200100715,2019년 10월 22일 22시,화요일,강원도 원주시 단계동,중상사고,0,1,1,0,차대차 - 추돌,기타,건조,맑음,교차로 - 교차로부근,승용,남,37세,상해없음,승용,남,32세,중상
2019102200100729,2019년 10월 22일 23시,화요일,강원도 정선군 정선읍,경상사고,0,0,1,0,차대차 - 기타,안전운전불이행,건조,맑음,교차로 - 교차로안,승용,여,52세,상해없음,화물,남,50세,경상
2019102300100074,2019년 10월 23일 05시,수요일,강원도 양구군 동면,경상사고,0,0,1,0,차량단독 - 공작물충돌,안전운전불이행,건조,기타,단일로 - 기타,승용,남,25세,경상,,,,
2019102300100084,2019년 10월 23일 06시,수요일,강원도 정선군 남면,중상사고,0,1,1,0,차대차 - 기타,안전운전불이행,건조,맑음,단일로 - 기타,승용,남,49세,상해없음,승용,남,54세,경상
2019102300100106,2019년 10월 23일 07시,수요일,강원도 원주시 인동,경상사고,0,0,1,0,차대차 - 측면충돌,안전운전불이행,건조,맑음,교차로 - 교차로안,승용,남,58세,상해없음,화물,남,51세,경상
2019102300100107,2019년 10월 23일 07시,수요일,강원도 속초시 교동,경상사고,0,0,2,0,차대차 - 측면충돌,신호위반,건조,맑음,교차로 - 교차로안,승용,여,71세,상해없음,승용,남,25세,경상
2019102300100108,2019년 10월 23일 07시,수요일,강원도 태백시 황지동,경상사고,0,0,1,0,차대사람 - 횡단중,보행자보호의무위반,건조,맑음,교차로 - 교차로횡단보도내,승용,남,62세,상해없음,보행자,여,50세,경상
2019102300100144,2019년 10월 23일 08시,수요일,강원도 원주시 봉산동,경상사고,0,0,1,0,차대차 - 측면충돌,교차로운행방법위반,건조,맑음,교차로 - 교차로안,승용,여,50세,상해없음,승용,여,53세,경상
2019102300100178,2019년 10월 23일 09시,수요일,강원도 삼척시 마달동,경상사고,0,0,1,0,차대차 - 측면충돌,직진우회전진행방해,건조,맑음,교차로 - 교차로안,승용,남,55세,상해없음,승용,남,71세,경상
2019102300100233,2019년 10월 23일 11시,수요일,강원도 강릉시 교동,경상사고,0,0,1,0,차대차 - 측면충돌,안전운전불이행,건조,맑음,단일로 - 기타,승용,남,48세,기타불명,화물,남,44세,경상
2019102300100267,2019년 10월 23일 12시,수요일,강원도 삼척시 도계읍,경상사고,0,0,1,0,차대차 - 측면충돌,중앙선침범,건조,맑음,단일로 - 기타,승용,남,76세,상해없음,승용,남,62세,상해없음
2019102300100401,2019년 10월 23일 16시,수요일,강원도 강릉시 교동,경상사고,0,0,1,0,차대차 - 측면충돌,안전운전불이행,건조,맑음,교차로 - 교차로안,승용,여,55세,상해없음,원동기,남,16세,경상
2019102300100402,2019년 10월 23일 16시,수요일,강원도 강릉시 포남동,경상사고,0,0,1,0,차대차 - 측면충돌,안전운전불이행,건조,맑음,교차로 - 교차로안,승용,남,51세,상해없음,승용,여,61세,경상
2019102300100403,2019년 10월 23일 16시,수요일,강원도 원주시 단계동,경상사고,0,0,1,0,차대차 - 기타,안전거리미확보,건조,맑음,단일로 - 기타,승용,남,59세,상해없음,승용,여,48세,경상
2019102300100404,2019년 10월 23일 16시,수요일,강원도 원주시 학성동,경상사고,0,0,1,0,차대차 - 측면충돌,안전거리미확보,건조,맑음,단일로 - 기타,승용,여,56세,상해없음,이륜,남,24세,경상
2019102300100405,2019년 10월 23일 16시,수요일,강원도 속초시 교동,중상사고,0,1,0,0,차대사람 - 횡단중,안전운전불이행,건조,맑음,단일로 - 지하차도(도로)내,화물,남,48세,상해없음,보행자,여,83세,중상
2019102300100445,2019년 10월 23일 17시,수요일,강원도 강릉시 교동,경상사고,0,0,1,0,차대차 - 측면충돌,안전운전불이행,건조,맑음,교차로 - 교차로안,승용,여,45세,상해없음,원동기,남,22세,경상
2019102300100446,2019년 10월 23일 17시,수요일,강원도 강릉시 입암동,경상사고,0,0,1,0,차대차 - 측면충돌,안전운전불이행,건조,맑음,단일로 - 기타,승용,남,74세,상해없음,승용,남,40세,경상
2019102300100447,2019년 10월 23일 17시,수요일,강원도 홍천군 화촌면,경상사고,0,0,1,0,차대차 - 측면충돌,중앙선침범,건조,맑음,단일로 - 기타,승용,남,70세,상해없음,승용,남,53세,경상
2019102300100448,2019년 10월 23일 17시,수요일,강원도 철원군 동송읍,경상사고,0,0,3,0,차대차 - 추돌,안전운전불이행,건조,맑음,단일로 - 기타,화물,남,20세,상해없음,승용,남,31세,경상
2019102300100496,2019년 10월 23일 18시,수요일,강원도 춘천시 중앙로1가,경상사고,0,0,1,0,차대차 - 기타,신호위반,건조,맑음,교차로 - 교차로안,이륜,남,42세,상해없음,이륜,남,56세,경상
2019102300100497,2019년 10월 23일 18시,수요일,강원도 삼척시 정상동,경상사고,0,0,1,0,차대사람 - 횡단중,보행자보호의무위반,건조,맑음,교차로 - 교차로안,승용,여,51세,상해없음,보행자,여,58세,경상
2019102300100498,2019년 10월 23일 18시,수요일,강원도 태백시 문곡동,경상사고,0,0,1,0,차대차 - 추돌,안전운전불이행,건조,맑음,교차로 - 교차로안,화물,남,51세,기타불명,승용,여,61세,경상
2019102300100561,2019년 10월 23일 19시,수요일,강원도 춘천시 남산면,경상사고,0,0,2,0,차대차 - 측면충돌,안전운전불이행,건조,맑음,단일로 - 기타,승용,여,37세,상해없음,화물,남,44세,경상
2019102300100562,2019년 10월 23일 19시,수요일,강원도 원주시 태장동,경상사고,0,0,1,0,차대사람 - 횡단중,신호위반,건조,맑음,교차로 - 교차로횡단보도내,이륜,남,55세,상해없음,보행자,남,7세,경상
2019102300100596,2019년 10월 23일 20시,수요일,강원도 춘천시 소양로1가,경상사고,0,0,1,0,차대차 - 기타,신호위반,건조,맑음,교차로 - 교차로안,승용,남,24세,상해없음,이륜,남,30세,경상
2019102300100625,2019년 10월 23일 21시,수요일,강원도 춘천시 후평동,경상사고,0,0,1,0,차대차 - 측면충돌,안전운전불이행,건조,맑음,단일로 - 기타,승용,여,29세,상해없음,승용,남,62세,경상
2019102300100626,2019년 10월 23일 21시,수요일,강원도 춘천시 후평동,경상사고,0,0,1,0,차대사람 - 기타,안전운전불이행,건조,맑음,교차로 - 교차로부근,승용,여,57세,상해없음,보행자,남,38세,경상
2019102400100070,2019년 10월 24일 05시,목요일,강원도 원주시 단구동,중상사고,0,1,0,0,차량단독 - 전도전복 - 전도,안전운전불이행,건조,맑음,기타 - 기타,자전거,남,49세,중상,,,,
2019102400100085,2019년 10월 24일 06시,목요일,강원도 삼척시 원덕읍,중상사고,0,1,1,0,차대차 - 측면충돌,중앙선침범,건조,흐림,단일로 - 기타,승용,여,41세,경상,승용,여,61세,중상
2019102400100148,2019년 10월 24일 08시,목요일,강원도 강릉시 옥천동,경상사고,0,0,1,0,차대사람 - 횡단중,보행자보호의무위반,건조,맑음,교차로 - 교차로횡단보도내,승합,남,56세,상해없음,보행자,남,70세,경상
2019102400100149,2019년 10월 24일 08시,목요일,강원도 평창군 평창읍,중상사고,0,2,2,0,차대차 - 측면충돌,신호위반,건조,맑음,교차로 - 교차로안,승용,남,18세,상해없음,승용,남,75세,중상
2019102400100183,2019년 10월 24일 09시,목요일,강원도 속초시 대포동,경상사고,0,0,2,0,차대차 - 측면충돌,안전운전불이행,건조,맑음,단일로 - 지하차도(도로)내,건설기계,남,50세,상해없음,승용,여,61세,경상
2019102400100250,2019년 10월 24일 11시,목요일,강원도 태백시 황지동,경상사고,0,0,2,0,차대차 - 측면충돌,안전운전불이행,건조,맑음,단일로 - 기타,승용,남,77세,상해없음,승용,남,42세,경상
2019102400100281,2019년 10월 24일 12시,목요일,강원도 속초시 조양동,중상사고,0,1,0,0,차대차 - 측면충돌,기타,건조,맑음,단일로 - 기타,승용,여,60세,기타불명,자전거,남,28세,중상
2019102400100282,2019년 10월 24일 12시,목요일,강원도 속초시 조양동,중상사고,0,1,0,0,차대차 - 추돌,안전운전불이행,건조,맑음,단일로 - 고가도로위,승용,남,70세,중상,특수,남,47세,상해없음
2019102400100327,2019년 10월 24일 13시,목요일,강원도 원주시 무실동,경상사고,0,0,1,0,차대차 - 추돌,안전거리미확보,건조,맑음,교차로 - 교차로부근,승용,여,32세,기타불명,승용,남,53세,경상
2019102400100395,2019년 10월 24일 15시,목요일,강원도 원주시 중앙동,경상사고,0,0,1,0,차대차 - 측면충돌,교차로운행방법위반,건조,맑음,교차로 - 교차로안,승용,남,64세,상해없음,승용,남,55세,경상
2019102400100434,2019년 10월 24일 16시,목요일,강원도 춘천시 요선동,경상사고,0,0,1,0,차대차 - 측면충돌,안전운전불이행,건조,맑음,교차로 - 교차로안,승용,남,57세,상해없음,승용,여,24세,경상
2019102400100435,2019년 10월 24일 16시,목요일,강원도 홍천군 북방면,경상사고,0,0,3,0,차대차 - 추돌,안전거리미확보,건조,맑음,단일로 - 교량,승용,남,62세,상해없음,승용,남,74세,경상
2019102400100484,2019년 10월 24일 17시,목요일,강원도 춘천시 퇴계동,경상사고,0,0,1,0,차대차 - 정면충돌,안전운전불이행,건조,맑음,교차로 - 교차로안,승용,여,43세,상해없음,원동기,남,46세,경상
2019102400100485,2019년 10월 24일 17시,목요일,강원도 원주시 판부면,경상사고,0,0,1,0,차대차 - 측면충돌,안전운전불이행,건조,맑음,단일로 - 기타,승용,여,60세,상해없음,농기계,남,60세,경상
2019102400100549,2019년 10월 24일 18시,목요일,강원도 원주시 판부면,경상사고,0,0,3,0,차대차 - 추돌,안전운전불이행,건조,맑음,교차로 - 교차로안,화물,남,54세,상해없음,승용,남,67세,경상
2019102400100550,2019년 10월 24일 18시,목요일,강원도 삼척시 남양동,중상사고,0,1,0,0,차대사람 - 횡단중,안전운전불이행,젖음/습기,비,단일로 - 지하차도(도로)내,승합,남,65세,상해없음,보행자,남,87세,중상
2019102400100551,2019년 10월 24일 18시,목요일,강원도 삼척시 당저동,경상사고,0,0,2,0,차대차 - 추돌,안전운전불이행,젖음/습기,비,단일로 - 지하차도(도로)내,승용,남,53세,상해없음,승용,남,57세,상해없음
2019102400100611,2019년 10월 24일 19시,목요일,강원도 양양군 양양읍,중상사고,0,1,0,0,차대사람 - 차도통행중,안전운전불이행,건조,맑음,단일로 - 기타,승용,여,43세,상해없음,보행자,남,50세,중상
2019102400100734,2019년 10월 24일 22시,목요일,강원도 동해시 효가동,중상사고,0,1,0,0,차대차 - 추돌,안전운전불이행,젖음/습기,비,교차로 - 교차로부근,승용,여,43세,상해없음,승용,남,50세,중상
2019102500100098,2019년 10월 25일 06시,금요일,강원도 원주시 행구동,중상사고,0,1,0,0,차대차 - 추돌,안전운전불이행,건조,맑음,단일로 - 기타,개인형이동수단(PM),남,61세,중상,특수,남,54세,기타불명
2019102500100152,2019년 10월 25일 08시,금요일,강원도 홍천군 홍천읍,경상사고,0,0,1,2,차대차 - 측면충돌,교차로운행방법위반,건조,맑음,교차로 - 교차로안,화물,남,53세,상해없음,승용,여,39세,경상
2019102500100188,2019년 10월 25일 09시,금요일,강원도 춘천시 동면,경상사고,0,0,1,0,차대차 - 기타,안전거리미확보,건조,맑음,단일로 - 기타,화물,남,54세,상해없음,승용,여,25세,경상
2019102500100189,2019년 10월 25일 09시,금요일,강원도 화천군 사내면,경상사고,0,0,2,0,차대차 - 측면충돌,안전운전불이행,건조,맑음,교차로 - 교차로안,승용,남,20세,상해없음,화물,남,62세,경상
2019102500100190,2019년 10월 25일 09시,금요일,강원도 동해시 발한동,중상사고,0,1,0,0,차대사람 - 횡단중,보행자보호의무위반,젖음/습기,흐림,단일로 - 기타,승용,남,19세,상해없음,보행자,여,81세,중상
2019102500100231,2019년 10월 25일 10시,금요일,강원도 춘천시 중앙로3가,중상사고,0,2,2,1,차대차 - 측면충돌,안전운전불이행,건조,맑음,단일로 - 기타,승용,남,68세,부상신고,승용,여,34세,경상
2019102500100253,2019년 10월 25일 11시,금요일,강원도 춘천시 신동면,중상사고,0,1,0,0,차대차 - 측면충돌,안전운전불이행,건조,맑음,단일로 - 기타,승용,여,53세,상해없음,승용,남,35세,중상
2019102500100286,2019년 10월 25일 12시,금요일,강원도 인제군 남면,중상사고,0,3,1,0,차대차 - 추돌,안전거리미확보,건조,맑음,교차로 - 교차로부근,화물,남,64세,상해없음,승용,남,58세,중상
2019102500100327,2019년 10월 25일 13시,금요일,강원도 강릉시 강동면,경상사고,0,0,1,0,차대차 - 추돌,안전운전불이행,건조,맑음,단일로 - 기타,승합,남,54세,상해없음,승용,남,29세,경상
2019102500100328,2019년 10월 25일 13시,금요일,강원도 원주시 무실동,경상사고,0,0,2,0,차대차 - 측면충돌,안전운전불이행,건조,맑음,주차장 - 주차장,승용,여,36세,상해없음,승용,여,43세,경상
2019102500100329,2019년 10월 25일 13시,금요일,강원도 평창군 평창읍,경상사고,0,0,1,0,차대차 - 측면충돌,안전운전불이행,건조,맑음,교차로 - 교차로안,승용,여,63세,상해없음,승용,여,25세,경상
2019102500100373,2019년 10월 25일 14시,금요일,강원도 강릉시 포남동,경상사고,0,0,1,0,차대차 - 측면충돌,안전운전불이행,건조,맑음,단일로 - 기타,승용,남,47세,상해없음,승용,여,45세,경상
2019102500100374,2019년 10월 25일 14시,금요일,강원도 원주시 무실동,경상사고,0,0,1,0,차대차 - 후진중충돌,안전운전불이행,건조,맑음,기타 - 기타,화물,남,23세,상해없음,승용,남,25세,경상
2019102500100417,2019년 10월 25일 15시,금요일,강원도 강릉시 사천면,경상사고,0,0,2,0,차대차 - 측면충돌,안전운전불이행,건조,맑음,단일로 - 기타,승용,남,22세,상해없음,이륜,남,37세,경상
2019102500100418,2019년 10월 25일 15시,금요일,강원도 원주시 태장동,경상사고,0,0,1,0,차대차 - 추돌,안전운전불이행,건조,맑음,단일로 - 기타,화물,남,45세,상해없음,화물,남,39세,경상
2019102500100419,2019년 10월 25일 15시,금요일,강원도 삼척시 하장면,중상사고,0,1,0,0,차량단독 - 공작물충돌,안전운전불이행,건조,맑음,교차로 - 교차로부근,이륜,남,71세,중상,,,,
2019102500100420,2019년 10월 25일 15시,금요일,강원도 태백시 동점동,중상사고,0,1,0,0,차대차 - 기타,중앙선침범,건조,맑음,단일로 - 기타,화물,남,55세,상해없음,화물,남,52세,중상
2019102500100475,2019년 10월 25일 16시,금요일,강원도 춘천시 석사동,경상사고,0,0,1,0,차대사람 - 보도통행중,보행자보호의무위반,건조,맑음,교차로 - 교차로안,승용,여,61세,상해없음,보행자,남,9세,경상
2019102500100513,2019년 10월 25일 17시,금요일,강원도 원주시 관설동,경상사고,0,0,2,0,차대차 - 추돌,안전운전불이행,건조,맑음,교차로 - 교차로부근,승용,여,33세,상해없음,화물,남,22세,경상
2019102500100514,2019년 10월 25일 17시,금요일,강원도 횡성군 우천면,중상사고,0,1,0,0,차대차 - 측면충돌,교차로운행방법위반,건조,맑음,교차로 - 교차로안,승용,여,55세,상해없음,승용,남,30세,중상
2019102500100590,2019년 10월 25일 18시,금요일,강원도 춘천시 소양로4가,경상사고,0,0,1,0,차대차 - 기타,직진우회전진행방해,건조,맑음,교차로 - 교차로안,승용,남,49세,상해없음,승용,여,28세,경상
2019102500100591,2019년 10월 25일 18시,금요일,강원도 춘천시 후평동,경상사고,0,0,1,0,차대차 - 측면충돌,안전운전불이행,건조,맑음,단일로 - 기타,승용,여,31세,상해없음,이륜,남,26세,경상