사고번호,사고일시,요일,시군구,사고내용,사망자수,중상자수,경상자수,부상신고자수,사고유형,법규위반,노면상태,기상상태,도로형태,가해운전자 차종,가해운전자 성별,가해운전자 연령,가해운전자 상해정도,피해운전자 차종,피해운전자 성별,피해운전자 연령,피해운전자 상해정도
2019102500100592,2019년 10월 25일 18시,금요일,강원도 원주시 단구동,중상사고,0,1,0,0,차대차 - 측면충돌,안전운전불이행,건조,맑음,단일로 - 기타,화물,남,51세,상해없음,원동기,남,31세,중상
2019102500100593,2019년 10월 25일 18시,금요일,강원도 평창군 봉평면,경상사고,0,0,7,0,차대차 - 측면충돌,안전운전불이행,건조,맑음,기타 - 기타,승용,남,46세,상해없음,승합,남,48세,경상
2019102500100594,2019년 10월 25일 18시,금요일,강원도 강릉시 성산면,중상사고,0,2,4,2,차대차 - 측면충돌,차로위반,건조,맑음,단일로 - 기타,승용,남,61세,상해없음,승용,남,51세,상해없음
2019102500100674,2019년 10월 25일 19시,금요일,강원도 강릉시 성남동,경상사고,0,0,1,0,차대차 - 측면충돌,신호위반,건조,맑음,교차로 - 교차로안,승용,여,55세,상해없음,승용,여,46세,경상
2019102500100675,2019년 10월 25일 19시,금요일,강원도 원주시 단계동,중상사고,0,1,3,0,차대차 - 측면충돌,신호위반,건조,맑음,교차로 - 교차로안,승용,여,66세,경상,승용,남,62세,경상
2019102500100676,2019년 10월 25일 19시,금요일,강원도 원주시 단계동,경상사고,0,0,1,0,차대사람 - 횡단중,보행자보호의무위반,건조,맑음,기타 - 기타,승용,남,52세,상해없음,보행자,여,50세,경상
2019102500100677,2019년 10월 25일 19시,금요일,강원도 원주시 단구동,경상사고,0,0,1,0,차대차 - 추돌,안전거리미확보,건조,기타,교차로 - 교차로부근,승용,여,39세,상해없음,원동기,남,27세,경상
2019102500100678,2019년 10월 25일 19시,금요일,강원도 원주시 태장동,경상사고,0,0,2,0,차대차 - 추돌,안전운전불이행,건조,맑음,교차로 - 교차로부근,승용,남,62세,상해없음,승용,남,27세,경상
2019102500100738,2019년 10월 25일 20시,금요일,강원도 삼척시 교동,경상사고,0,0,2,0,차대차 - 정면충돌,안전운전불이행,건조,맑음,교차로 - 교차로안,승용,여,41세,상해없음,승용,남,61세,경상
2019102600100071,2019년 10월 26일 03시,토요일,강원도 동해시 평릉동,중상사고,0,1,0,0,차량단독 - 공작물충돌,안전운전불이행,건조,맑음,교차로 - 교차로안,승용,여,38세,중상,,,,
2019102600100108,2019년 10월 26일 06시,토요일,강원도 속초시 교동,경상사고,0,0,1,0,차대차 - 측면충돌,신호위반,건조,맑음,교차로 - 교차로안,승용,남,59세,상해없음,승용,여,46세,경상
2019102600100131,2019년 10월 26일 07시,토요일,강원도 삼척시 당저동,경상사고,0,0,6,0,차대차 - 추돌,안전거리미확보,건조,맑음,교차로 - 교차로부근,승용,남,27세,상해없음,화물,남,61세,경상
2019102600100177,2019년 10월 26일 09시,토요일,강원도 영월군 영월읍,중상사고,0,1,0,0,차대차 - 측면충돌,교차로운행방법위반,건조,맑음,교차로 - 교차로안,승용,남,50세,상해없음,이륜,남,82세,중상
2019102600100286,2019년 10월 26일 12시,토요일,강원도 원주시 우산동,경상사고,0,0,2,0,차대차 - 추돌,안전운전불이행,건조,맑음,단일로 - 기타,이륜,남,35세,경상,승용,여,50세,경상
2019102600100287,2019년 10월 26일 12시,토요일,강원도 횡성군 우천면,중상사고,0,2,4,0,차대차 - 추돌,안전거리미확보,건조,맑음,교차로 - 교차로부근,승용,남,51세,상해없음,승용,여,39세,중상
2019102600100327,2019년 10월 26일 13시,토요일,강원도 춘천시 효자동,경상사고,0,0,1,0,차대사람 - 기타,안전운전불이행,건조,맑음,기타 - 기타,화물,남,47세,상해없음,보행자,남,74세,경상
2019102600100372,2019년 10월 26일 14시,토요일,강원도 강릉시 임당동,경상사고,0,0,1,0,차대사람 - 길가장자리구역통행중,안전운전불이행,건조,맑음,단일로 - 기타,이륜,여,59세,상해없음,보행자,여,48세,경상
2019102600100373,2019년 10월 26일 14시,토요일,강원도 화천군 사내면,중상사고,0,2,1,0,차대차 - 측면충돌,교차로운행방법위반,건조,맑음,교차로 - 교차로안,승용,남,19세,상해없음,승용,남,35세,경상
2019102600100412,2019년 10월 26일 15시,토요일,강원도 춘천시 퇴계동,경상사고,0,0,1,0,차대차 - 측면충돌,안전운전불이행,건조,맑음,교차로 - 교차로횡단보도내,승용,여,51세,상해없음,자전거,남,81세,경상
2019102600100413,2019년 10월 26일 15시,토요일,강원도 원주시 소초면,중상사고,0,2,0,0,차대차 - 측면충돌,교차로운행방법위반,건조,맑음,교차로 - 교차로안,승용,남,80세,상해없음,승용,여,53세,중상
2019102600100457,2019년 10월 26일 16시,토요일,강원도 강릉시 사천면,중상사고,0,1,1,0,차대차 - 측면충돌,과속,건조,맑음,교차로 - 교차로안,승용,남,30세,상해없음,승용,남,39세,상해없음
2019102600100458,2019년 10월 26일 16시,토요일,강원도 원주시 소초면,경상사고,0,0,1,0,차대사람 - 기타,안전운전불이행,건조,맑음,단일로 - 기타,승용,남,66세,상해없음,보행자,여,57세,경상
2019102600100491,2019년 10월 26일 17시,토요일,강원도 삼척시 당저동,중상사고,0,1,0,0,차대차 - 측면충돌,안전운전불이행,건조,맑음,교차로 - 교차로부근,승용,남,44세,상해없음,원동기,남,46세,중상
2019102600100537,2019년 10월 26일 18시,토요일,강원도 원주시 단계동,경상사고,0,0,2,0,차대차 - 측면충돌,안전거리미확보,건조,맑음,단일로 - 기타,승용,남,64세,상해없음,승용,여,49세,경상
2019102600100538,2019년 10월 26일 18시,토요일,강원도 홍천군 홍천읍,경상사고,0,0,1,0,차대차 - 추돌,안전운전불이행,건조,맑음,단일로 - 기타,승용,여,49세,상해없음,자전거,여,55세,경상
2019102600100577,2019년 10월 26일 19시,토요일,강원도 강릉시 옥천동,경상사고,0,0,1,0,차대사람 - 기타,안전운전불이행,건조,맑음,단일로 - 기타,승용,남,40세,상해없음,보행자,남,80세,경상
2019102600100623,2019년 10월 26일 20시,토요일,강원도 춘천시 효자동,경상사고,0,0,1,0,차대차 - 기타,중앙선침범,건조,맑음,교차로 - 교차로안,승용,남,25세,상해없음,승용,남,51세,상해없음
2019102600100624,2019년 10월 26일 20시,토요일,강원도 강릉시 강문동,경상사고,0,0,1,0,차대차 - 측면충돌,신호위반,건조,맑음,교차로 - 교차로안,승용,여,23세,기타불명,승용,남,24세,경상
2019102600100625,2019년 10월 26일 20시,토요일,강원도 원주시 명륜동,경상사고,0,0,2,0,차대차 - 추돌,안전운전불이행,건조,맑음,교차로 - 교차로부근,승용,남,30세,상해없음,승용,남,59세,경상
2019102600100660,2019년 10월 26일 21시,토요일,강원도 원주시 명륜동,경상사고,0,0,1,0,차대사람 - 횡단중,안전운전불이행,건조,맑음,교차로 - 교차로횡단보도내,화물,남,58세,상해없음,보행자,남,30세,경상
2019102600100688,2019년 10월 26일 22시,토요일,강원도 춘천시 효자동,중상사고,0,1,1,0,차대차 - 측면충돌,직진우회전진행방해,건조,맑음,교차로 - 교차로안,이륜,남,27세,경상,이륜,남,44세,중상
2019102700100075,2019년 10월 27일 02시,일요일,강원도 원주시 명륜동,경상사고,0,0,1,0,차대차 - 측면충돌,교차로운행방법위반,건조,맑음,교차로 - 교차로안,승용,남,64세,상해없음,승용,여,38세,경상
2019102700100076,2019년 10월 27일 02시,일요일,강원도 원주시 행구동,중상사고,0,1,0,0,차대차 - 기타,안전운전불이행,건조,맑음,단일로 - 기타,승용,남,24세,상해없음,승용,남,51세,기타불명
2019102700100222,2019년 10월 27일 11시,일요일,강원도 춘천시 후평동,경상사고,0,0,2,0,차대차 - 측면충돌,안전운전불이행,건조,맑음,교차로 - 교차로안,승용,여,38세,경상,승용,남,60세,경상
2019102700100223,2019년 10월 27일 11시,일요일,강원도 동해시 천곡동,중상사고,0,1,2,0,차대차 - 추돌,안전거리미확보,건조,맑음,교차로 - 교차로부근,승용,여,41세,상해없음,승용,남,49세,경상
2019102700100247,2019년 10월 27일 12시,일요일,강원도 강릉시 교동,경상사고,0,0,1,0,차대차 - 측면충돌,안전운전불이행,건조,맑음,교차로 - 교차로안,승용,여,38세,상해없음,승용,남,40세,경상
2019102700100288,2019년 10월 27일 13시,일요일,강원도 춘천시 근화동,경상사고,0,0,1,0,차대사람 - 차도통행중,신호위반,건조,맑음,단일로 - 기타,자전거,남,58세,상해없음,보행자,남,38세,경상
2019102700100289,2019년 10월 27일 13시,일요일,강원도 홍천군 홍천읍,경상사고,0,0,1,0,차대차 - 측면충돌,교차로운행방법위반,건조,맑음,교차로 - 교차로안,승용,여,57세,상해없음,승용,남,26세,경상
2019102700100372,2019년 10월 27일 15시,일요일,강원도 원주시 흥업면,경상사고,0,0,1,0,차대차 - 추돌,교차로운행방법위반,건조,맑음,교차로 - 교차로안,승용,남,43세,상해없음,승용,여,33세,경상
2019102700100373,2019년 10월 27일 15시,일요일,강원도 정선군 화암면,경상사고,0,0,4,0,차대차 - 추돌,안전거리미확보,건조,맑음,단일로 - 기타,승용,남,26세,경상,승용,남,26세,경상
2019102700100415,2019년 10월 27일 16시,일요일,강원도 강릉시 포남동,경상사고,0,0,1,0,차대차 - 측면충돌,안전운전불이행,건조,맑음,단일로 - 기타,승용,여,62세,상해없음,원동기,남,20세,경상
2019102700100416,2019년 10월 27일 16시,일요일,강원도 원주시 무실동,경상사고,0,0,2,0,차대차 - 측면충돌,안전운전불이행,건조,맑음,교차로 - 교차로안,승용,여,54세,상해없음,승용,남,35세,상해없음
2019102700100448,2019년 10월 27일 17시,일요일,강원도 춘천시 후평동,경상사고,0,0,1,0,차대차 - 추돌,안전운전불이행,건조,맑음,단일로 - 기타,이륜,남,34세,상해없음,이륜,남,21세,경상
2019102700100449,2019년 10월 27일 17시,일요일,강원도 강릉시 주문진읍,경상사고,0,0,2,0,차대차 - 측면충돌,신호위반,건조,맑음,교차로 - 교차로안,화물,남,57세,상해없음,승용,남,70세,경상
2019102700100489,2019년 10월 27일 18시,일요일,강원도 강릉시 사천면,경상사고,0,0,1,0,차대차 - 측면충돌,안전운전불이행,건조,맑음,교차로 - 교차로안,승용,남,66세,상해없음,원동기,남,23세,경상
2019102700100490,2019년 10월 27일 18시,일요일,강원도 원주시 무실동,경상사고,0,0,1,0,차대차 - 측면충돌,신호위반,건조,맑음,교차로 - 교차로안,이륜,남,34세,경상,승용,여,51세,상해없음
2019102700100491,2019년 10월 27일 18시,일요일,강원도 정선군 신동읍,경상사고,0,0,1,0,차대사람 - 기타,안전운전불이행,건조,맑음,단일로 - 기타,승용,여,22세,상해없음,보행자,남,14세,경상
2019102700100561,2019년 10월 27일 20시,일요일,강원도 원주시 태장동,경상사고,0,0,1,0,차대차 - 측면충돌,안전운전불이행,건조,기타,기타 - 기타,승용,남,32세,상해없음,승합,여,61세,경상
2019102700100592,2019년 10월 27일 21시,일요일,강원도 강릉시 포남동,경상사고,0,0,1,0,차대차 - 추돌,안전운전불이행,건조,맑음,단일로 - 기타,승용,남,19세,상해없음,승용,여,49세,경상
2019102700100593,2019년 10월 27일 21시,일요일,강원도 횡성군 횡성읍,경상사고,0,0,1,0,차대사람 - 기타,안전운전불이행,건조,맑음,교차로 - 교차로안,승용,여,29세,상해없음,보행자,남,64세,경상
2019102700100632,2019년 10월 27일 23시,일요일,강원도 강릉시 포남동,중상사고,0,1,0,0,차대사람 - 횡단중,과속,건조,맑음,교차로 - 교차로부근,승용,남,30세,상해없음,보행자,남,24세,중상
2019102800100047,2019년 10월 28일 03시,월요일,강원도 원주시 관설동,사망사고,2,3,1,0,차량단독 - 공작물충돌,과속,건조,맑음,교차로 - 교차로부근,승용,남,24세,경상,,,,
2019102800100060,2019년 10월 28일 05시,월요일,강원도 양양군 양양읍,경상사고,0,0,1,0,차대차 - 측면충돌,직진우회전진행방해,건조,맑음,교차로 - 교차로안,승용,여,56세,상해없음,승용,남,33세,경상
2019102800100076,2019년 10월 28일 06시,월요일,강원도 춘천시 동면,경상사고,0,0,1,0,차대차 - 측면충돌,교차로운행방법위반,건조,맑음,교차로 - 교차로안,화물,남,51세,상해없음,화물,남,58세,경상
2019102800100128,2019년 10월 28일 08시,월요일,강원도 춘천시 효자동,경상사고,0,0,1,0,차대차 - 기타,차로위반,건조,맑음,단일로 - 기타,승용,남,61세,상해없음,승용,남,28세,경상
2019102800100129,2019년 10월 28일 08시,월요일,강원도 삼척시 읍중동,경상사고,0,0,1,0,차대차 - 측면충돌,안전거리미확보,건조,맑음,교차로 - 교차로안,화물,남,75세,상해없음,승용,남,38세,상해없음
2019102800100130,2019년 10월 28일 08시,월요일,강원도 태백시 장성동,경상사고,0,0,1,0,차대차 - 측면충돌,안전운전불이행,건조,맑음,주차장 - 주차장,승용,여,63세,상해없음,승용,남,57세,경상
2019102800100131,2019년 10월 28일 08시,월요일,강원도 동해시 구호동,경상사고,0,0,1,0,차대차 - 추돌,안전거리미확보,건조,맑음,단일로 - 고가도로위,건설기계,남,60세,상해없음,승용,여,48세,경상
2019102800100171,2019년 10월 28일 09시,월요일,강원도 양양군 강현면,경상사고,0,0,1,0,차대차 - 측면충돌,안전운전불이행,건조,맑음,교차로 - 교차로안,승용,여,68세,상해없음,승용,남,58세,경상
2019102800100208,2019년 10월 28일 10시,월요일,강원도 강릉시 내곡동,경상사고,0,0,2,0,차대사람 - 기타,안전운전불이행,건조,맑음,단일로 - 기타,승합,남,43세,상해없음,보행자,남,36세,경상
2019102800100260,2019년 10월 28일 11시,월요일,강원도 강릉시 주문진읍,경상사고,0,0,2,0,차대사람 - 보도통행중,보행자보호의무위반,건조,맑음,교차로 - 교차로안,승용,여,54세,상해없음,보행자,남,47세,경상
2019102800100261,2019년 10월 28일 11시,월요일,강원도 영월군 영월읍,중상사고,0,1,0,0,차대차 - 측면충돌,기타,건조,맑음,교차로 - 교차로안,화물,남,60세,상해없음,농기계,남,84세,중상
2019102800100297,2019년 10월 28일 12시,월요일,강원도 원주시 귀래면,중상사고,0,1,0,0,차대차 - 측면충돌,중앙선침범,건조,맑음,단일로 - 기타,승용,남,67세,상해없음,화물,여,56세,중상
2019102800100334,2019년 10월 28일 13시,월요일,강원도 인제군 북면,중상사고,0,1,0,0,차대차 - 추돌,안전운전불이행,건조,맑음,교차로 - 교차로부근,승용,여,62세,상해없음,승용,남,26세,중상
2019102800100443,2019년 10월 28일 16시,월요일,강원도 원주시 개운동,경상사고,0,0,1,0,차대사람 - 길가장자리구역통행중,교차로운행방법위반,건조,맑음,교차로 - 교차로부근,화물,남,76세,상해없음,보행자,남,16세,경상
2019102800100444,2019년 10월 28일 16시,월요일,강원도 삼척시 갈천동,중상사고,0,1,2,0,차대차 - 측면충돌,교차로운행방법위반,건조,맑음,교차로 - 교차로안,승용,여,56세,중상,승용,여,60세,경상
2019102800100488,2019년 10월 28일 17시,월요일,강원도 강릉시 홍제동,중상사고,0,1,0,0,차대차 - 측면충돌,신호위반,건조,맑음,기타 - 기타,승용,여,55세,상해없음,자전거,남,47세,중상
2019102800100489,2019년 10월 28일 17시,월요일,강원도 동해시 효가동,경상사고,0,0,1,0,차대차 - 측면충돌,안전거리미확보,건조,맑음,교차로 - 교차로부근,건설기계,남,42세,상해없음,승용,여,60세,경상
2019102800100547,2019년 10월 28일 18시,월요일,강원도 춘천시 후평동,경상사고,0,0,1,0,차대차 - 측면충돌,신호위반,건조,맑음,교차로 - 교차로안,승용,여,72세,상해없음,승용,남,63세,상해없음
2019102800100607,2019년 10월 28일 19시,월요일,강원도 춘천시 후평동,경상사고,0,0,1,0,차대사람 - 기타,안전운전불이행,건조,맑음,교차로 - 교차로안,승합,여,59세,상해없음,보행자,남,73세,경상
2019102800100608,2019년 10월 28일 19시,월요일,강원도 강릉시 금학동,경상사고,0,0,1,0,차대차 - 측면충돌,안전운전불이행,건조,맑음,교차로 - 교차로안,화물,남,56세,상해없음,승용,남,38세,경상
2019102800100609,2019년 10월 28일 19시,월요일,강원도 동해시 효가동,중상사고,0,1,1,0,차대차 - 측면충돌,신호위반,건조,맑음,교차로 - 교차로안,화물,여,69세,상해없음,승용,남,53세,경상
2019102800100638,2019년 10월 28일 20시,월요일,강원도 춘천시 조양동,중상사고,0,1,0,0,차대사람 - 기타,안전운전불이행,건조,맑음,단일로 - 기타,승용,남,36세,상해없음,보행자,여,13세,중상
2019102800100691,2019년 10월 28일 22시,월요일,강원도 춘천시 사농동,경상사고,0,0,1,0,차대차 - 측면충돌,안전운전불이행,젖음/습기,비,단일로 - 기타,화물,남,58세,상해없음,승용,여,27세,경상
2019102900100048,2019년 10월 29일 01시,화요일,강원도 춘천시 퇴계동,경상사고,0,0,1,0,차대차 - 정면충돌,중앙선침범,젖음/습기,비,교차로 - 교차로부근,승합,남,24세,상해없음,승용,남,59세,상해없음
2019102900100155,2019년 10월 29일 08시,화요일,강원도 양양군 손양면,사망사고,1,1,0,0,차대차 - 측면충돌,불법유턴,건조,맑음,단일로 - 기타,승용,여,66세,사망,승용,여,37세,중상
2019102900100199,2019년 10월 29일 09시,화요일,강원도 원주시 단계동,경상사고,0,0,1,0,차대차 - 측면충돌,안전운전불이행,건조,맑음,단일로 - 기타,승용,남,63세,상해없음,승용,남,26세,경상
2019102900100200,2019년 10월 29일 09시,화요일,강원도 원주시 지정면,경상사고,0,0,1,0,차대차 - 측면충돌,신호위반,건조,흐림,교차로 - 교차로안,승용,남,33세,상해없음,화물,남,59세,경상
2019102900100201,2019년 10월 29일 09시,화요일,강원도 홍천군 두촌면,경상사고,0,0,1,0,차대차 - 추돌,안전운전불이행,건조,맑음,단일로 - 기타,화물,남,53세,상해없음,건설기계,남,47세,경상
2019102900100233,2019년 10월 29일 10시,화요일,강원도 강릉시 초당동,중상사고,0,2,0,0,차대차 - 측면충돌,안전운전불이행,건조,맑음,교차로 - 교차로안,승용,여,37세,중상,승용,남,61세,중상
2019102900100234,2019년 10월 29일 10시,화요일,강원도 속초시 교동,경상사고,0,0,1,0,차대차 - 측면충돌,안전운전불이행,건조,맑음,주차장 - 주차장,화물,남,61세,상해없음,자전거,남,69세,경상
2019102900100235,2019년 10월 29일 10시,화요일,강원도 홍천군 남면,경상사고,0,0,2,0,차대차 - 측면충돌,중앙선침범,건조,맑음,단일로 - 기타,승용,남,52세,상해없음,승용,남,77세,경상
2019102900100236,2019년 10월 29일 10시,화요일,강원도 홍천군 서석면,경상사고,0,0,1,0,차대차 - 후진중충돌,안전운전불이행,건조,맑음,주차장 - 주차장,화물,남,53세,상해없음,승용,남,82세,경상
2019102900100271,2019년 10월 29일 11시,화요일,강원도 원주시 단구동,경상사고,0,0,1,0,차대사람 - 기타,보행자보호의무위반,건조,맑음,교차로 - 교차로횡단보도내,승용,남,71세,상해없음,보행자,여,21세,경상
2019102900100272,2019년 10월 29일 11시,화요일,강원도 평창군 진부면,중상사고,0,1,1,0,차대차 - 측면충돌,중앙선침범,건조,맑음,기타 - 기타,화물,남,44세,중상,건설기계,남,50세,경상
2019102900100273,2019년 10월 29일 11시,화요일,강원도 정선군 임계면,중상사고,0,1,0,0,차대차 - 추돌,과속,건조,맑음,교차로 - 교차로부근,승용,남,67세,상해없음,농기계,남,57세,중상
2019102900100293,2019년 10월 29일 12시,화요일,강원도 강릉시 남문동,경상사고,0,0,1,0,차대차 - 측면충돌,안전운전불이행,건조,맑음,단일로 - 기타,승용,남,26세,상해없음,자전거,남,69세,경상
2019102900100294,2019년 10월 29일 12시,화요일,강원도 철원군 갈말읍,경상사고,0,0,1,0,차대사람 - 기타,안전운전불이행,건조,맑음,단일로 - 기타,승용,남,29세,상해없음,보행자,남,67세,경상
2019102900100295,2019년 10월 29일 12시,화요일,강원도 동해시 구호동,경상사고,0,0,2,0,차대차 - 기타,신호위반,건조,맑음,교차로 - 교차로안,승용,여,62세,경상,화물,남,38세,경상
2019102900100296,2019년 10월 29일 12시,화요일,강원도 강릉시 성산면,사망사고,1,0,0,0,차대차 - 측면충돌,안전운전불이행,건조,맑음,단일로 - 기타,화물,남,44세,상해없음,특수,남,53세,사망
2019102900100324,2019년 10월 29일 13시,화요일,강원도 춘천시 소양로2가,경상사고,0,0,1,0,차대차 - 추돌,안전운전불이행,건조,맑음,교차로 - 교차로안,승용,여,33세,상해없음,승용,남,40세,경상
2019102900100325,2019년 10월 29일 13시,화요일,강원도 원주시 일산동,경상사고,0,0,1,0,차량단독 - 기타,안전운전불이행,건조,맑음,단일로 - 기타,승합,남,52세,상해없음,,,,
2019102900100326,2019년 10월 29일 13시,화요일,강원도 속초시 영랑동,경상사고,0,0,1,0,차대차 - 측면충돌,안전운전불이행,건조,맑음,교차로 - 교차로안,승합,남,64세,상해없음,승용,여,64세,경상
2019102900100363,2019년 10월 29일 14시,화요일,강원도 철원군 근남면,중상사고,0,1,1,0,차대차 - 기타,교차로운행방법위반,건조,맑음,교차로 - 교차로안,화물,남,63세,기타불명,화물,남,63세,중상
2019102900100409,2019년 10월 29일 15시,화요일,강원도 원주시 무실동,경상사고,0,0,1,0,차대차 - 측면충돌,차로위반,건조,맑음,단일로 - 기타,승용,남,73세,상해없음,승용,남,24세,상해없음
2019102900100410,2019년 10월 29일 15시,화요일,강원도 홍천군 홍천읍,경상사고,0,0,1,0,차대사람 - 횡단중,안전운전불이행,건조,맑음,교차로 - 교차로부근,승용,남,76세,상해없음,보행자,여,16세,경상
2019102900100411,2019년 10월 29일 15시,화요일,강원도 춘천시 동산면,중상사고,0,1,4,0,차대차 - 추돌,안전거리미확보,건조,맑음,단일로 - 터널,승용,여,35세,상해없음,승용,남,44세,경상
2019102900100505,2019년 10월 29일 17시,화요일,강원도 원주시 문막읍,중상사고,0,1,0,0,차대사람 - 횡단중,안전운전불이행,건조,맑음,단일로 - 기타,승용,남,39세,상해없음,보행자,여,72세,중상
2019102900100506,2019년 10월 29일 17시,화요일,강원도 철원군 동송읍,중상사고,0,1,0,0,차대차 - 측면충돌,교차로운행방법위반,건조,맑음,교차로 - 교차로안,건설기계,남,60세,상해없음,자전거,남,77세,중상
2019102900100507,2019년 10월 29일 17시,화요일,강원도 동해시 천곡동,경상사고,0,0,1,0,차대차 - 기타,안전운전불이행,건조,맑음,교차로 - 교차로안,승용,여,51세,상해없음,이륜,남,39세,경상
2019102900100554,2019년 10월 29일 18시,화요일,강원도 강릉시 노암동,경상사고,0,0,2,0,차대차 - 측면충돌,신호위반,건조,맑음,교차로 - 교차로안,승용,남,54세,기타불명,승용,여,47세,경상
2019102900100611,2019년 10월 29일 19시,화요일,강원도 춘천시 후평동,경상사고,0,0,1,2,차대차 - 측면충돌,신호위반,건조,맑음,교차로 - 교차로안,승용,여,56세,상해없음,승용,남,60세,경상
2019102900100612,2019년 10월 29일 19시,화요일,강원도 속초시 노학동,경상사고,0,0,2,0,차대차 - 추돌,안전거리미확보,건조,맑음,기타 - 기타,농기계,남,63세,상해없음,승용,남,67세,경상
2019103000100041,2019년 10월 30일 00시,수요일,강원도 홍천군 홍천읍,중상사고,0,1,1,0,차대차 - 기타,안전운전불이행,건조,맑음,교차로 - 교차로부근,승용,남,34세,상해없음,승용,여,26세,중상
2019103000100080,2019년 10월 30일 05시,수요일,강원도 원주시 단계동,경상사고,0,0,3,0,차대차 - 측면충돌,신호위반,건조,맑음,교차로 - 교차로안,승용,남,50세,경상,승용,여,40세,경상
2019103000100100,2019년 10월 30일 06시,수요일,강원도 홍천군 홍천읍,경상사고,0,0,1,0,차대차 - 측면충돌,교차로운행방법위반,젖음/습기,안개,교차로 - 교차로안,화물,남,48세,기타불명,승용,남,49세,경상
2019103000100153,2019년 10월 30일 08시,수요일,강원도 춘천시 석사동,경상사고,0,0,1,0,차대차 - 기타,안전운전불이행,건조,맑음,교차로 - 교차로안,승용,남,61세,상해없음,승합,남,58세,경상
2019103000100154,2019년 10월 30일 08시,수요일,강원도 원주시 단계동,중상사고,0,1,0,0,차대차 - 측면충돌,안전운전불이행,건조,맑음,교차로 - 교차로안,승용,여,39세,기타불명,승용,여,45세,중상
2019103000100155,2019년 10월 30일 08시,수요일,강원도 홍천군 홍천읍,중상사고,0,1,0,0,차대차 - 측면충돌,교차로운행방법위반,건조,맑음,교차로 - 교차로안,승용,남,79세,상해없음,승합,여,36세,중상
2019103000100156,2019년 10월 30일 08시,수요일,강원도 평창군 평창읍,경상사고,0,0,1,0,차대차 - 기타,안전운전불이행,건조,맑음,단일로 - 기타,승용,여,38세,상해없음,자전거,여,16세,경상
2019103000100212,2019년 10월 30일 09시,수요일,강원도 강릉시 임당동,경상사고,0,0,1,0,차대차 - 측면충돌,안전운전불이행,건조,맑음,단일로 - 기타,화물,남,26세,상해없음,승용,여,34세,경상
2019103000100213,2019년 10월 30일 09시,수요일,강원도 삼척시 교동,중상사고,0,1,0,0,차대사람 - 횡단중,과속,건조,맑음,단일로 - 기타,승용,여,43세,상해없음,보행자,남,71세,중상
2019103000100214,2019년 10월 30일 09시,수요일,강원도 태백시 황지동,경상사고,0,0,1,0,차대사람 - 횡단중,안전운전불이행,건조,맑음,교차로 - 교차로안,승용,여,51세,상해없음,보행자,남,81세,경상
2019103000100260,2019년 10월 30일 10시,수요일,강원도 원주시 단계동,경상사고,0,0,1,0,차대차 - 추돌,안전거리미확보,건조,맑음,교차로 - 교차로부근,건설기계,남,56세,상해없음,화물,남,57세,경상
2019103000100285,2019년 10월 30일 11시,수요일,강원도 강릉시 구정면,경상사고,0,0,2,0,차대차 - 측면충돌,안전운전불이행,건조,맑음,단일로 - 기타,농기계,남,88세,상해없음,화물,남,37세,경상
2019103000100286,2019년 10월 30일 11시,수요일,강원도 태백시 황지동,경상사고,0,0,1,0,차대차 - 측면충돌,안전운전불이행,건조,맑음,교차로 - 교차로안,승용,여,49세,상해없음,승용,남,29세,경상
2019103000100287,2019년 10월 30일 11시,수요일,강원도 정선군 여량면,경상사고,0,0,2,0,차대차 - 측면충돌,교차로운행방법위반,건조,맑음,교차로 - 교차로안,승용,남,44세,기타불명,화물,여,65세,경상
2019103000100323,2019년 10월 30일 12시,수요일,강원도 원주시 우산동,경상사고,0,0,1,0,차대차 - 측면충돌,직진우회전진행방해,건조,맑음,교차로 - 교차로안,승용,여,63세,상해없음,이륜,남,23세,경상
2019103000100324,2019년 10월 30일 12시,수요일,강원도 삼척시 미로면,중상사고,0,1,0,0,차량단독 - 기타,기타,건조,맑음,단일로 - 기타,화물,남,44세,중상,,,,
2019103000100325,2019년 10월 30일 12시,수요일,강원도 삼척시 교동,경상사고,0,0,2,0,차대차 - 측면충돌,직진우회전진행방해,건조,맑음,교차로 - 교차로안,승용,남,58세,상해없음,원동기,남,24세,경상
2019103000100349,2019년 10월 30일 13시,수요일,강원도 원주시 우산동,경상사고,0,0,1,0,차량단독 - 공작물충돌,안전운전불이행,건조,맑음,교차로 - 교차로안,승용,남,49세,상해없음,,,,
2019103000100350,2019년 10월 30일 13시,수요일,강원도 원주시 우산동,중상사고,0,1,0,1,차대차 - 기타,직진우회전진행방해,건조,맑음,교차로 - 교차로안,승용,여,45세,부상신고,승용,여,40세,중상
2019103000100351,2019년 10월 30일 13시,수요일,강원도 양양군 서면,경상사고,0,0,3,0,차대차 - 측면충돌,기타,건조,맑음,단일로 - 고가도로위,승용,여,77세,상해없음,승용,남,84세,경상