사고번호,사고일시,요일,시군구,사고내용,사망자수,중상자수,경상자수,부상신고자수,사고유형,법규위반,노면상태,기상상태,도로형태,가해운전자 차종,가해운전자 성별,가해운전자 연령,가해운전자 상해정도,피해운전자 차종,피해운전자 성별,피해운전자 연령,피해운전자 상해정도
2019110500100150,2019년 11월 5일 08시,화요일,강원도 삼척시 원당동,경상사고,0,0,2,0,차대차 - 추돌,안전운전불이행,건조,맑음,교차로 - 교차로부근,승용,남,53세,상해없음,승용,남,42세,경상
2019110500100203,2019년 11월 5일 09시,화요일,강원도 춘천시 석사동,경상사고,0,0,1,0,차대차 - 기타,차로위반,건조,맑음,단일로 - 기타,승용,여,70세,상해없음,승합,남,43세,상해없음
2019110500100242,2019년 11월 5일 10시,화요일,강원도 태백시 황지동,경상사고,0,0,2,0,차대차 - 측면충돌,교차로운행방법위반,건조,맑음,교차로 - 교차로안,승용,남,62세,상해없음,승용,남,53세,경상
2019110500100279,2019년 11월 5일 11시,화요일,강원도 춘천시 퇴계동,경상사고,0,0,3,0,차대차 - 측면충돌,신호위반,건조,맑음,교차로 - 교차로안,승용,남,72세,경상,승용,남,37세,경상
2019110500100280,2019년 11월 5일 11시,화요일,강원도 원주시 우산동,경상사고,0,0,1,0,차대차 - 측면충돌,안전운전불이행,건조,맑음,교차로 - 교차로부근,승용,여,51세,상해없음,승용,여,60세,경상
2019110500100281,2019년 11월 5일 11시,화요일,강원도 양양군 손양면,경상사고,0,0,1,0,차대차 - 추돌,안전운전불이행,건조,맑음,기타 - 기타,승용,여,28세,상해없음,건설기계,남,42세,경상
2019110500100282,2019년 11월 5일 11시,화요일,강원도 삼척시 교동,경상사고,0,0,1,0,차대사람 - 기타,안전운전불이행,건조,맑음,단일로 - 기타,화물,남,22세,상해없음,보행자,남,32세,경상
2019110500100283,2019년 11월 5일 11시,화요일,강원도 양구군 동면,중상사고,0,1,0,0,차대차 - 측면충돌,교차로운행방법위반,건조,맑음,교차로 - 교차로부근,건설기계,남,52세,상해없음,화물,남,80세,상해없음
2019110500100284,2019년 11월 5일 11시,화요일,강원도 동해시 효가동,중상사고,0,1,0,0,차대차 - 측면충돌,안전운전불이행,건조,맑음,교차로 - 교차로안,화물,남,57세,상해없음,자전거,남,45세,중상
2019110500100353,2019년 11월 5일 13시,화요일,강원도 철원군 동송읍,경상사고,0,0,1,0,차대차 - 정면충돌,중앙선침범,건조,맑음,기타 - 기타,승용,남,66세,상해없음,승용,여,62세,경상
2019110500100446,2019년 11월 5일 15시,화요일,강원도 춘천시 동내면,중상사고,0,1,0,0,차대차 - 측면충돌,교차로운행방법위반,건조,맑음,교차로 - 교차로안,승용,여,22세,상해없음,화물,남,64세,중상
2019110500100447,2019년 11월 5일 15시,화요일,강원도 원주시 흥업면,경상사고,0,0,1,0,차대차 - 측면충돌,교차로운행방법위반,건조,맑음,교차로 - 교차로안,승용,남,44세,상해없음,승용,남,19세,경상
2019110500100448,2019년 11월 5일 15시,화요일,강원도 동해시 망상동,경상사고,0,0,5,0,차대차 - 측면충돌,직진우회전진행방해,건조,맑음,교차로 - 교차로안,승용,남,72세,상해없음,승용,남,45세,상해없음
2019110500100485,2019년 11월 5일 16시,화요일,강원도 양양군 양양읍,경상사고,0,0,1,0,차대차 - 측면충돌,교차로운행방법위반,건조,맑음,교차로 - 교차로안,승용,남,42세,상해없음,승용,남,47세,경상
2019110500100532,2019년 11월 5일 17시,화요일,강원도 강릉시 내곡동,경상사고,0,0,1,0,차대차 - 측면충돌,안전운전불이행,건조,맑음,교차로 - 교차로부근,승용,여,79세,상해없음,승용,여,54세,경상
2019110500100533,2019년 11월 5일 17시,화요일,강원도 원주시 소초면,경상사고,0,0,1,0,차대사람 - 횡단중,보행자보호의무위반,건조,맑음,단일로 - 기타,화물,남,57세,상해없음,보행자,남,27세,경상
2019110500100703,2019년 11월 5일 21시,화요일,강원도 춘천시 퇴계동,경상사고,0,0,1,0,차대차 - 측면충돌,신호위반,건조,맑음,교차로 - 교차로안,승용,남,76세,상해없음,승용,남,51세,경상
2019110500100704,2019년 11월 5일 21시,화요일,강원도 원주시 단구동,경상사고,0,0,2,0,차대차 - 측면충돌,안전운전불이행,건조,맑음,교차로 - 교차로부근,승합,남,65세,상해없음,승용,여,51세,경상
2019110500100748,2019년 11월 5일 23시,화요일,강원도 원주시 단구동,부상신고사고,0,0,0,1,차대사람 - 횡단중,보행자보호의무위반,건조,맑음,교차로 - 교차로안,승용,여,66세,상해없음,보행자,여,26세,부상신고
2019110600100031,2019년 11월 6일 00시,수요일,강원도 동해시 초구동,부상신고사고,0,0,0,1,차량단독 - 공작물충돌,안전운전불이행,건조,맑음,기타 - 기타,승용,남,19세,상해없음,,,,
2019110600100047,2019년 11월 6일 01시,수요일,강원도 강릉시 내곡동,경상사고,0,0,1,0,차대차 - 측면충돌,안전운전불이행,건조,맑음,단일로 - 기타,이륜,남,19세,상해없음,승용,남,42세,경상
2019110600100081,2019년 11월 6일 06시,수요일,강원도 춘천시 효자동,사망사고,1,0,0,0,차대사람 - 차도통행중,안전운전불이행,건조,맑음,교차로 - 교차로부근,승용,여,60세,상해없음,보행자,여,81세,사망
2019110600100082,2019년 11월 6일 06시,수요일,강원도 원주시 일산동,중상사고,0,1,0,0,차대사람 - 길가장자리구역통행중,안전운전불이행,건조,맑음,단일로 - 기타,승용,남,41세,상해없음,보행자,여,79세,중상
2019110600100083,2019년 11월 6일 06시,수요일,강원도 삼척시 당저동,경상사고,0,0,2,0,차대차 - 측면충돌,교차로운행방법위반,건조,맑음,교차로 - 교차로안,승용,여,32세,경상,화물,남,46세,경상
2019110600100138,2019년 11월 6일 08시,수요일,강원도 삼척시 미로면,경상사고,0,0,1,0,차대차 - 후진중충돌,안전운전불이행,건조,맑음,교차로 - 교차로안,승용,남,55세,상해없음,승용,남,47세,경상
2019110600100178,2019년 11월 6일 09시,수요일,강원도 춘천시 근화동,경상사고,0,0,1,0,차대차 - 측면충돌,안전거리미확보,건조,맑음,단일로 - 기타,건설기계,남,47세,상해없음,승용,여,23세,경상
2019110600100179,2019년 11월 6일 09시,수요일,강원도 철원군 동송읍,경상사고,0,0,1,0,차대차 - 측면충돌,교차로운행방법위반,건조,맑음,교차로 - 교차로부근,승용,남,54세,상해없음,승용,여,47세,경상
2019110600100220,2019년 11월 6일 10시,수요일,강원도 춘천시 온의동,중상사고,0,1,2,0,차대차 - 추돌,안전거리미확보,건조,맑음,단일로 - 기타,승용,남,48세,상해없음,승용,남,36세,경상
2019110600100262,2019년 11월 6일 11시,수요일,강원도 삼척시 정상동,경상사고,0,0,1,0,차대차 - 측면충돌,안전거리미확보,건조,맑음,단일로 - 기타,승용,남,82세,상해없음,화물,남,38세,경상
2019110600100293,2019년 11월 6일 12시,수요일,강원도 원주시 일산동,중상사고,0,1,0,0,차대차 - 기타,중앙선침범,건조,맑음,단일로 - 기타,승용,남,60세,상해없음,승합,남,60세,상해없음
2019110600100294,2019년 11월 6일 12시,수요일,강원도 양양군 양양읍,중상사고,0,1,0,0,차대사람 - 차도통행중,안전운전불이행,건조,맑음,교차로 - 교차로안,승용,남,66세,상해없음,보행자,남,35세,중상
2019110600100401,2019년 11월 6일 15시,수요일,강원도 삼척시 남양동,경상사고,0,0,1,0,차대사람 - 차도통행중,안전운전불이행,건조,맑음,단일로 - 기타,승용,남,21세,상해없음,보행자,여,17세,경상
2019110600100448,2019년 11월 6일 16시,수요일,강원도 춘천시 동산면,경상사고,0,0,1,0,차대차 - 측면충돌,중앙선침범,건조,맑음,단일로 - 기타,화물,기타불명,미분류,기타불명,승용,여,71세,경상
2019110600100449,2019년 11월 6일 16시,수요일,강원도 강릉시 교동,경상사고,0,0,2,0,차대차 - 측면충돌,안전운전불이행,건조,맑음,교차로 - 교차로안,승용,여,59세,상해없음,승용,남,67세,경상
2019110600100450,2019년 11월 6일 16시,수요일,강원도 고성군 토성면,경상사고,0,0,4,0,차대차 - 추돌,안전운전불이행,건조,맑음,교차로 - 교차로부근,승용,남,51세,상해없음,승용,여,64세,경상
2019110600100496,2019년 11월 6일 17시,수요일,강원도 홍천군 북방면,경상사고,0,0,1,0,차대차 - 측면충돌,안전운전불이행,건조,맑음,단일로 - 기타,승용,남,64세,상해없음,승용,여,65세,경상
2019110600100497,2019년 11월 6일 17시,수요일,강원도 철원군 갈말읍,사망사고,1,0,0,0,차대사람 - 횡단중,안전운전불이행,건조,흐림,단일로 - 기타,승용,남,26세,상해없음,보행자,여,77세,사망
2019110600100563,2019년 11월 6일 18시,수요일,강원도 춘천시 근화동,경상사고,0,0,1,0,차대차 - 측면충돌,교차로운행방법위반,건조,맑음,교차로 - 교차로안,승용,여,34세,상해없음,승용,남,54세,경상
2019110600100564,2019년 11월 6일 18시,수요일,강원도 횡성군 횡성읍,경상사고,0,0,1,0,차대차 - 측면충돌,직진우회전진행방해,건조,맑음,교차로 - 교차로안,승용,남,61세,상해없음,승용,여,42세,경상
2019110600100627,2019년 11월 6일 19시,수요일,강원도 고성군 토성면,경상사고,0,0,1,0,차대차 - 측면충돌,안전운전불이행,건조,맑음,교차로 - 교차로부근,승용,남,80세,상해없음,승용,여,45세,경상
2019110600100662,2019년 11월 6일 20시,수요일,강원도 춘천시 후평동,중상사고,0,1,0,0,차대차 - 기타,안전운전불이행,건조,맑음,단일로 - 기타,승용,여,38세,상해없음,자전거,남,73세,중상
2019110600100663,2019년 11월 6일 20시,수요일,강원도 춘천시 효자동,경상사고,0,0,2,0,차대차 - 측면충돌,안전거리미확보,건조,맑음,단일로 - 기타,승용,남,62세,상해없음,승용,남,25세,상해없음
2019110600100664,2019년 11월 6일 20시,수요일,강원도 강릉시 죽헌동,경상사고,0,0,1,0,차대차 - 기타,신호위반,건조,맑음,교차로 - 교차로안,승용,남,55세,상해없음,승용,여,41세,경상
2019110600100665,2019년 11월 6일 20시,수요일,강원도 원주시 문막읍,경상사고,0,0,2,0,차대차 - 측면충돌,안전운전불이행,건조,맑음,교차로 - 교차로부근,승용,남,57세,상해없음,승용,남,46세,경상
2019110600100666,2019년 11월 6일 20시,수요일,강원도 속초시 조양동,경상사고,0,0,1,0,차대차 - 측면충돌,직진우회전진행방해,건조,맑음,교차로 - 교차로안,승용,남,52세,상해없음,승용,여,55세,상해없음
2019110600100721,2019년 11월 6일 22시,수요일,강원도 원주시 단계동,중상사고,0,2,0,0,차대차 - 측면충돌,신호위반,건조,맑음,교차로 - 교차로안,이륜,남,17세,중상,승용,여,43세,상해없음
2019110700100059,2019년 11월 7일 04시,목요일,강원도 원주시 태장동,경상사고,0,0,1,0,차대차 - 측면충돌,안전운전불이행,건조,맑음,교차로 - 교차로안,승용,남,53세,상해없음,특수,남,44세,경상
2019110700100081,2019년 11월 7일 06시,목요일,강원도 삼척시 당저동,중상사고,0,1,0,0,차대사람 - 차도통행중,안전운전불이행,건조,흐림,교차로 - 교차로안,승용,남,64세,상해없음,보행자,남,82세,중상
2019110700100082,2019년 11월 7일 06시,목요일,강원도 정선군 사북읍,경상사고,0,0,1,0,차대사람 - 기타,안전운전불이행,건조,맑음,기타 - 기타,승용,여,45세,상해없음,보행자,남,56세,경상
2019110700100107,2019년 11월 7일 07시,목요일,강원도 평창군 대화면,경상사고,0,0,1,0,차대차 - 측면충돌,안전운전불이행,건조,맑음,교차로 - 교차로부근,승용,남,67세,상해없음,건설기계,남,51세,경상
2019110700100141,2019년 11월 7일 08시,목요일,강원도 춘천시 후평동,경상사고,0,0,1,0,차대차 - 측면충돌,안전거리미확보,건조,맑음,교차로 - 교차로안,화물,남,73세,상해없음,승용,여,57세,경상
2019110700100142,2019년 11월 7일 08시,목요일,강원도 춘천시 소양로1가,경상사고,0,0,4,0,차대차 - 측면충돌,안전운전불이행,건조,맑음,단일로 - 기타,승용,여,61세,경상,승용,남,75세,경상
2019110700100143,2019년 11월 7일 08시,목요일,강원도 영월군 영월읍,중상사고,0,2,1,0,차대차 - 측면충돌,안전운전불이행,건조,맑음,교차로 - 교차로안,승용,여,18세,상해없음,승용,여,45세,중상
2019110700100144,2019년 11월 7일 08시,목요일,강원도 동해시 발한동,중상사고,0,1,0,0,차대차 - 측면충돌,안전운전불이행,건조,맑음,교차로 - 교차로안,승용,여,45세,상해없음,자전거,남,69세,중상
2019110700100337,2019년 11월 7일 13시,목요일,강원도 춘천시 후평동,경상사고,0,0,2,0,차대차 - 측면충돌,직진우회전진행방해,건조,맑음,교차로 - 교차로안,승용,남,27세,경상,승용,남,60세,상해없음
2019110700100338,2019년 11월 7일 13시,목요일,강원도 원주시 개운동,경상사고,0,0,1,0,차대차 - 기타,안전운전불이행,건조,맑음,교차로 - 교차로부근,승용,여,62세,상해없음,승용,여,55세,경상
2019110700100378,2019년 11월 7일 14시,목요일,강원도 춘천시 우두동,경상사고,0,0,1,0,차대차 - 기타,안전운전불이행,건조,맑음,단일로 - 기타,자전거,남,62세,경상,화물,남,31세,상해없음
2019110700100417,2019년 11월 7일 15시,목요일,강원도 강릉시 옥천동,경상사고,0,0,1,0,차대차 - 후진중충돌,안전운전불이행,건조,맑음,교차로 - 교차로부근,승용,여,55세,상해없음,승용,남,45세,경상
2019110700100465,2019년 11월 7일 16시,목요일,강원도 정선군 사북읍,경상사고,0,0,1,0,차대차 - 측면충돌,교차로운행방법위반,건조,맑음,교차로 - 교차로안,화물,남,66세,상해없음,승용,남,59세,경상
2019110700100512,2019년 11월 7일 17시,목요일,강원도 홍천군 북방면,경상사고,0,0,1,0,차대차 - 측면충돌,신호위반,건조,맑음,교차로 - 교차로안,화물,남,50세,상해없음,승용,남,46세,경상
2019110700100566,2019년 11월 7일 18시,목요일,강원도 원주시 무실동,경상사고,0,0,1,0,차대사람 - 횡단중,보행자보호의무위반,건조,맑음,교차로 - 교차로안,승용,남,28세,상해없음,보행자,여,46세,경상
2019110700100631,2019년 11월 7일 19시,목요일,강원도 춘천시 후평동,경상사고,0,0,1,0,차대차 - 측면충돌,중앙선침범,건조,맑음,단일로 - 기타,화물,남,62세,상해없음,승용,여,61세,경상
2019110700100709,2019년 11월 7일 21시,목요일,강원도 원주시 우산동,경상사고,0,0,1,0,차대사람 - 횡단중,보행자보호의무위반,건조,맑음,교차로 - 교차로안,승용,남,32세,상해없음,보행자,남,67세,경상
2019110700100742,2019년 11월 7일 22시,목요일,강원도 동해시 효가동,경상사고,0,0,3,0,차대차 - 추돌,안전운전불이행,건조,맑음,교차로 - 교차로부근,승용,남,27세,상해없음,승용,남,27세,경상
2019110700100766,2019년 11월 7일 23시,목요일,강원도 원주시 단계동,경상사고,0,0,1,0,차대차 - 추돌,안전운전불이행,건조,맑음,교차로 - 교차로부근,승용,남,60세,상해없음,승용,여,41세,경상
2019110800100024,2019년 11월 8일 00시,금요일,강원도 원주시 단구동,경상사고,0,0,1,0,차대차 - 측면충돌,안전운전불이행,건조,맑음,단일로 - 기타,승용,남,24세,상해없음,승용,남,45세,경상
2019110800100162,2019년 11월 8일 08시,금요일,강원도 춘천시 석사동,경상사고,0,0,1,0,차대차 - 측면충돌,직진우회전진행방해,건조,맑음,교차로 - 교차로안,승용,남,67세,상해없음,화물,남,55세,경상
2019110800100163,2019년 11월 8일 08시,금요일,강원도 원주시 우산동,경상사고,0,0,2,0,차대차 - 측면충돌,교차로운행방법위반,건조,맑음,단일로 - 기타,승용,여,35세,상해없음,승용,여,41세,경상
2019110800100164,2019년 11월 8일 08시,금요일,강원도 속초시 도문동,중상사고,0,1,0,0,차대차 - 측면충돌,신호위반,건조,맑음,교차로 - 교차로안,승용,남,27세,상해없음,승용,여,64세,중상
2019110800100226,2019년 11월 8일 09시,금요일,강원도 강릉시 명주동,중상사고,0,1,3,0,차대차 - 측면충돌,안전운전불이행,건조,맑음,교차로 - 교차로안,승용,남,67세,상해없음,승용,남,54세,경상
2019110800100289,2019년 11월 8일 11시,금요일,강원도 강릉시 교동,중상사고,0,1,0,0,차대차 - 측면충돌,신호위반,건조,맑음,교차로 - 교차로안,화물,남,44세,상해없음,승합,남,50세,중상
2019110800100290,2019년 11월 8일 11시,금요일,강원도 강릉시 노암동,중상사고,0,1,0,0,차량단독 - 공작물충돌,안전운전불이행,건조,맑음,단일로 - 기타,이륜,남,71세,중상,,,,
2019110800100291,2019년 11월 8일 11시,금요일,강원도 속초시 조양동,경상사고,0,0,1,0,차대차 - 측면충돌,안전운전불이행,건조,맑음,교차로 - 교차로안,승용,남,38세,상해없음,승용,남,60세,경상
2019110800100411,2019년 11월 8일 14시,금요일,강원도 춘천시 우두동,경상사고,0,0,1,0,차대차 - 후진중충돌,안전운전불이행,건조,맑음,단일로 - 기타,승용,남,72세,상해없음,승용,남,31세,경상
2019110800100412,2019년 11월 8일 14시,금요일,강원도 동해시 북평동,중상사고,0,1,0,0,차대차 - 측면충돌,기타,건조,맑음,교차로 - 교차로안,승용,남,88세,상해없음,농기계,남,83세,중상
2019110800100460,2019년 11월 8일 15시,금요일,강원도 영월군 주천면,중상사고,0,1,0,0,차대사람 - 횡단중,안전운전불이행,건조,맑음,단일로 - 지하차도(도로)내,화물,남,65세,상해없음,보행자,남,82세,중상
2019110800100504,2019년 11월 8일 16시,금요일,강원도 춘천시 퇴계동,경상사고,0,0,6,0,차대차 - 추돌,신호위반,건조,맑음,교차로 - 교차로안,화물,남,36세,상해없음,승합,남,29세,경상
2019110800100505,2019년 11월 8일 16시,금요일,강원도 춘천시 신동면,중상사고,0,1,0,0,차대차 - 측면충돌,안전운전불이행,건조,맑음,단일로 - 기타,승용,여,58세,상해없음,이륜,남,46세,중상
2019110800100506,2019년 11월 8일 16시,금요일,강원도 속초시 교동,중상사고,0,1,0,0,차대사람 - 차도통행중,안전운전불이행,건조,맑음,교차로 - 교차로안,승용,남,44세,상해없음,보행자,남,64세,중상
2019110800100555,2019년 11월 8일 17시,금요일,강원도 춘천시 운교동,경상사고,0,0,1,0,차대사람 - 기타,기타,건조,맑음,단일로 - 기타,기타불명,기타불명,미분류,기타불명,보행자,여,39세,경상
2019110800100556,2019년 11월 8일 17시,금요일,강원도 화천군 화천읍,경상사고,0,0,4,0,차대차 - 측면충돌,안전운전불이행,건조,맑음,교차로 - 교차로안,화물,남,48세,상해없음,승용,남,63세,경상
2019110800100616,2019년 11월 8일 18시,금요일,강원도 춘천시 석사동,경상사고,0,0,2,0,차대차 - 측면충돌,안전거리미확보,건조,맑음,단일로 - 기타,승용,여,50세,상해없음,승용,남,62세,경상
2019110800100617,2019년 11월 8일 18시,금요일,강원도 춘천시 석사동,부상신고사고,0,0,0,3,차대차 - 기타,중앙선침범,건조,맑음,교차로 - 교차로부근,이륜,남,48세,부상신고,승용,남,46세,부상신고
2019110800100618,2019년 11월 8일 18시,금요일,강원도 원주시 무실동,중상사고,0,1,0,0,차대차 - 정면충돌,안전운전불이행,건조,맑음,교차로 - 교차로안,승합,남,63세,상해없음,이륜,남,17세,중상
2019110800100619,2019년 11월 8일 18시,금요일,강원도 홍천군 홍천읍,중상사고,0,1,0,0,차대사람 - 기타,안전운전불이행,건조,맑음,기타 - 기타,승용,여,45세,상해없음,보행자,남,38세,중상
2019110800100695,2019년 11월 8일 19시,금요일,강원도 춘천시 후평동,중상사고,0,1,0,0,차대사람 - 횡단중,안전운전불이행,건조,맑음,교차로 - 교차로안,승용,남,35세,상해없음,보행자,여,66세,중상
2019110800100696,2019년 11월 8일 19시,금요일,강원도 강릉시 교동,경상사고,0,0,1,0,차대사람 - 기타,안전운전불이행,건조,맑음,단일로 - 기타,승용,남,65세,상해없음,보행자,여,26세,경상
2019110800100697,2019년 11월 8일 19시,금요일,강원도 삼척시 교동,경상사고,0,0,3,0,차대차 - 측면충돌,안전거리미확보,건조,맑음,단일로 - 기타,건설기계,남,66세,상해없음,승용,여,58세,경상
2019110800100781,2019년 11월 8일 21시,금요일,강원도 춘천시 퇴계동,경상사고,0,0,2,1,차대차 - 측면충돌,안전거리미확보,건조,맑음,교차로 - 교차로안,승용,남,23세,상해없음,승용,남,56세,경상
2019110800100782,2019년 11월 8일 21시,금요일,강원도 원주시 원동,경상사고,0,0,2,0,차대차 - 추돌,안전운전불이행,건조,맑음,교차로 - 교차로부근,승용,남,53세,상해없음,승용,여,26세,경상
2019110800100783,2019년 11월 8일 21시,금요일,강원도 속초시 조양동,경상사고,0,0,1,0,차대차 - 측면충돌,교차로운행방법위반,건조,맑음,교차로 - 교차로안,승용,여,48세,상해없음,승용,남,42세,경상
2019110800100784,2019년 11월 8일 21시,금요일,강원도 동해시 쇄운동,경상사고,0,0,1,0,차대차 - 측면충돌,안전운전불이행,건조,맑음,단일로 - 기타,승용,남,30세,상해없음,승용,여,52세,경상
2019110800100811,2019년 11월 8일 22시,금요일,강원도 춘천시 퇴계동,경상사고,0,0,1,0,차대차 - 측면충돌,안전운전불이행,건조,맑음,단일로 - 기타,승용,여,21세,상해없음,승용,남,67세,경상
2019110800100838,2019년 11월 8일 23시,금요일,강원도 원주시 문막읍,중상사고,0,1,0,0,차대차 - 측면충돌,안전운전불이행,건조,맑음,교차로 - 교차로안,승용,남,54세,상해없음,이륜,남,26세,중상
2019110900100100,2019년 11월 9일 05시,토요일,강원도 춘천시 동면,부상신고사고,0,0,0,1,차대사람 - 차도통행중,안전운전불이행,건조,맑음,교차로 - 교차로안,화물,남,60세,상해없음,보행자,남,56세,부상신고
2019110900100114,2019년 11월 9일 06시,토요일,강원도 홍천군 홍천읍,사망사고,1,0,0,0,차량단독 - 도로외이탈 - 추락,안전운전불이행,젖음/습기,맑음,단일로 - 기타,화물,남,50세,사망,,,,
2019110900100145,2019년 11월 9일 08시,토요일,강원도 춘천시 근화동,경상사고,0,0,1,0,차대차 - 정면충돌,신호위반,건조,맑음,교차로 - 교차로안,승용,여,37세,상해없음,승용,여,47세,경상
2019110900100255,2019년 11월 9일 11시,토요일,강원도 원주시 단구동,중상사고,0,1,0,0,차대사람 - 횡단중,신호위반,건조,맑음,교차로 - 교차로안,승용,남,47세,상해없음,보행자,여,12세,중상
2019110900100256,2019년 11월 9일 11시,토요일,강원도 동해시 천곡동,경상사고,0,0,4,0,차대차 - 측면충돌,중앙선침범,건조,흐림,단일로 - 교량,특수,남,50세,상해없음,승용,남,44세,경상
2019110900100355,2019년 11월 9일 13시,토요일,강원도 춘천시 서면,경상사고,0,0,1,0,차대차 - 기타,안전운전불이행,건조,맑음,교차로 - 교차로부근,승용,여,46세,상해없음,승용,여,53세,경상
2019110900100402,2019년 11월 9일 14시,토요일,강원도 동해시 천곡동,경상사고,0,0,1,0,차대차 - 측면충돌,교차로운행방법위반,건조,맑음,교차로 - 교차로안,승용,남,79세,상해없음,승용,남,58세,경상
2019110900100457,2019년 11월 9일 15시,토요일,강원도 춘천시 석사동,경상사고,0,0,1,0,차대차 - 추돌,안전거리미확보,건조,맑음,교차로 - 교차로부근,건설기계,남,66세,상해없음,승용,남,49세,경상
2019110900100458,2019년 11월 9일 15시,토요일,강원도 원주시 개운동,경상사고,0,0,1,0,차대차 - 측면충돌,안전운전불이행,건조,맑음,단일로 - 기타,승용,여,39세,상해없음,승용,여,61세,경상
2019110900100533,2019년 11월 9일 17시,토요일,강원도 원주시 단계동,경상사고,0,0,1,0,차대사람 - 보도통행중,보행자보호의무위반,건조,맑음,교차로 - 교차로안,승용,여,53세,상해없음,보행자,남,24세,경상
2019110900100585,2019년 11월 9일 18시,토요일,강원도 원주시 판부면,경상사고,0,0,3,0,차대차 - 측면충돌,직진우회전진행방해,건조,맑음,교차로 - 교차로안,화물,남,51세,상해없음,승용,여,51세,경상
2019110900100586,2019년 11월 9일 18시,토요일,강원도 원주시 무실동,경상사고,0,0,2,0,차대차 - 추돌,안전운전불이행,건조,맑음,교차로 - 교차로부근,화물,남,61세,상해없음,승용,남,38세,경상
2019110900100587,2019년 11월 9일 18시,토요일,강원도 횡성군 둔내면,경상사고,0,0,3,0,차대차 - 정면충돌,중앙선침범,건조,맑음,단일로 - 기타,승용,남,36세,경상,화물,남,55세,경상
2019110900100666,2019년 11월 9일 20시,토요일,강원도 춘천시 북산면,경상사고,0,0,1,0,차대사람 - 횡단중,중앙선침범,건조,맑음,기타 - 기타,승용,남,55세,상해없음,보행자,남,13세,경상
2019110900100689,2019년 11월 9일 21시,토요일,강원도 원주시 개운동,경상사고,0,0,1,0,차대사람 - 보도통행중,안전운전불이행,건조,맑음,교차로 - 교차로부근,승용,남,39세,상해없음,보행자,여,54세,경상
2019110900100715,2019년 11월 9일 22시,토요일,강원도 원주시 단계동,경상사고,0,0,1,0,차대차 - 후진중충돌,안전운전불이행,건조,맑음,단일로 - 기타,승용,남,34세,상해없음,승용,남,29세,경상
2019111000100096,2019년 11월 10일 05시,일요일,강원도 동해시 부곡동,경상사고,0,0,1,0,차대사람 - 횡단중,보행자보호의무위반,젖음/습기,흐림,교차로 - 교차로횡단보도내,이륜,남,47세,상해없음,보행자,남,75세,경상
2019111000100150,2019년 11월 10일 09시,일요일,강원도 원주시 지정면,경상사고,0,0,1,0,차대차 - 측면충돌,안전운전불이행,건조,맑음,교차로 - 교차로부근,화물,남,76세,기타불명,승합,남,48세,경상
2019111000100169,2019년 11월 10일 10시,일요일,강원도 춘천시 효자동,경상사고,0,0,1,0,차대차 - 추돌,안전운전불이행,건조,맑음,교차로 - 교차로안,승용,여,47세,상해없음,승용,여,66세,경상
2019111000100170,2019년 11월 10일 10시,일요일,강원도 홍천군 서석면,중상사고,0,1,0,0,차대차 - 기타,중앙선침범,건조,맑음,단일로 - 기타,승합,여,57세,상해없음,승용,여,53세,중상
2019111000100194,2019년 11월 10일 11시,일요일,강원도 평창군 진부면,경상사고,0,0,1,0,차대차 - 측면충돌,신호위반,건조,맑음,교차로 - 교차로안,승용,남,22세,상해없음,승용,남,24세,경상
2019111000100238,2019년 11월 10일 13시,일요일,강원도 춘천시 퇴계동,경상사고,0,0,1,0,차대차 - 측면충돌,안전거리미확보,건조,맑음,단일로 - 기타,승용,남,65세,상해없음,승용,남,40세,상해없음
2019111000100239,2019년 11월 10일 13시,일요일,강원도 인제군 남면,부상신고사고,0,0,0,1,차대차 - 측면충돌,중앙선침범,건조,맑음,단일로 - 기타,이륜,남,34세,부상신고,화물,남,47세,상해없음
2019111000100324,2019년 11월 10일 16시,일요일,강원도 강릉시 왕산면,중상사고,0,2,4,0,차대차 - 기타,기타,건조,맑음,단일로 - 기타,화물,남,58세,상해없음,승용,여,36세,중상
2019111000100325,2019년 11월 10일 16시,일요일,강원도 고성군 현내면,중상사고,0,1,0,0,차대차 - 측면충돌,안전운전불이행,건조,맑음,단일로 - 기타,화물,남,70세,상해없음,이륜,남,74세,중상
2019111000100361,2019년 11월 10일 17시,일요일,강원도 평창군 진부면,경상사고,0,0,3,0,차대차 - 추돌,안전운전불이행,건조,맑음,교차로 - 교차로부근,화물,남,76세,경상,승용,남,56세,경상
2019111000100410,2019년 11월 10일 18시,일요일,강원도 춘천시 효자동,경상사고,0,0,1,0,차대차 - 기타,교차로운행방법위반,건조,맑음,교차로 - 교차로안,기타불명,기타불명,미분류,기타불명,이륜,남,25세,경상
2019111000100411,2019년 11월 10일 18시,일요일,강원도 강릉시 포남동,경상사고,0,0,1,0,차대차 - 측면충돌,안전운전불이행,건조,맑음,단일로 - 기타,승용,남,65세,상해없음,승용,남,31세,경상
2019111000100412,2019년 11월 10일 18시,일요일,강원도 횡성군 횡성읍,중상사고,0,2,0,0,차량단독 - 공작물충돌,안전운전불이행,건조,맑음,단일로 - 기타,승용,남,72세,중상,,,,