사고번호,사고일시,요일,시군구,사고내용,사망자수,중상자수,경상자수,부상신고자수,사고유형,법규위반,노면상태,기상상태,도로형태,가해운전자 차종,가해운전자 성별,가해운전자 연령,가해운전자 상해정도,피해운전자 차종,피해운전자 성별,피해운전자 연령,피해운전자 상해정도
2019111000100481,2019년 11월 10일 19시,일요일,강원도 영월군 북면,부상신고사고,0,0,0,2,차량단독 - 기타,안전운전불이행,건조,맑음,단일로 - 기타,승용,남,37세,부상신고,,,,
2019111000100546,2019년 11월 10일 20시,일요일,강원도 원주시 무실동,경상사고,0,0,2,0,차대차 - 측면충돌,안전거리미확보,건조,맑음,단일로 - 기타,승용,남,67세,상해없음,승용,남,27세,경상
2019111000100611,2019년 11월 10일 22시,일요일,강원도 강릉시 교동,중상사고,0,2,0,0,차대사람 - 횡단중,보행자보호의무위반,건조,맑음,교차로 - 교차로횡단보도내,승용,남,55세,상해없음,보행자,남,59세,중상
2019111100100084,2019년 11월 11일 06시,월요일,강원도 원주시 관설동,경상사고,0,0,1,0,차대차 - 추돌,신호위반,젖음/습기,기타,교차로 - 교차로안,승용,남,19세,기타불명,승합,남,63세,경상
2019111100100085,2019년 11월 11일 06시,월요일,강원도 정선군 사북읍,경상사고,0,0,1,0,차대차 - 추돌,안전운전불이행,젖음/습기,비,교차로 - 교차로부근,승용,남,60세,상해없음,승용,남,39세,경상
2019111100100086,2019년 11월 11일 06시,월요일,강원도 동해시 용정동,중상사고,0,2,1,0,차량단독 - 공작물충돌,안전운전불이행,건조,맑음,단일로 - 기타,승용,남,17세,상해없음,,,,
2019111100100157,2019년 11월 11일 08시,월요일,강원도 원주시 반곡동,경상사고,0,0,1,0,차대차 - 기타,안전운전불이행,건조,맑음,단일로 - 기타,승용,여,22세,상해없음,승용,여,38세,경상
2019111100100206,2019년 11월 11일 09시,월요일,강원도 횡성군 갑천면,경상사고,0,0,1,0,차대차 - 추돌,안전운전불이행,젖음/습기,비,단일로 - 기타,특수,남,38세,상해없음,화물,여,61세,경상
2019111100100245,2019년 11월 11일 10시,월요일,강원도 원주시 무실동,경상사고,0,0,1,0,차대차 - 추돌,안전운전불이행,건조,맑음,교차로 - 교차로안,승용,여,36세,상해없음,이륜,남,77세,경상
2019111100100285,2019년 11월 11일 11시,월요일,강원도 원주시 단구동,중상사고,0,1,1,0,차대차 - 추돌,안전운전불이행,건조,맑음,단일로 - 기타,승용,남,71세,중상,승용,여,36세,경상
2019111100100286,2019년 11월 11일 11시,월요일,강원도 삼척시 남양동,경상사고,0,0,1,0,차대차 - 측면충돌,교차로운행방법위반,건조,맑음,교차로 - 교차로안,승용,여,49세,상해없음,승용,남,61세,경상
2019111100100287,2019년 11월 11일 11시,월요일,강원도 강릉시 성산면,중상사고,0,1,0,2,차대차 - 추돌,안전운전불이행,건조,맑음,단일로 - 기타,화물,남,48세,상해없음,화물,남,45세,부상신고
2019111100100326,2019년 11월 11일 12시,월요일,강원도 홍천군 홍천읍,부상신고사고,0,0,0,1,차대사람 - 기타,안전운전불이행,건조,맑음,단일로 - 기타,승용,남,51세,상해없음,보행자,남,68세,부상신고
2019111100100327,2019년 11월 11일 12시,월요일,강원도 고성군 토성면,경상사고,0,0,1,0,차대차 - 측면충돌,안전운전불이행,건조,맑음,교차로 - 교차로부근,승용,남,80세,상해없음,승용,여,67세,경상
2019111100100406,2019년 11월 11일 14시,월요일,강원도 원주시 학성동,중상사고,0,1,2,1,차대차 - 기타,교차로운행방법위반,건조,맑음,교차로 - 교차로안,승용,남,60세,부상신고,승합,남,66세,상해없음
2019111100100407,2019년 11월 11일 14시,월요일,강원도 철원군 동송읍,경상사고,0,0,2,0,차대사람 - 보도통행중,안전운전불이행,건조,맑음,기타 - 기타,승용,여,27세,상해없음,보행자,여,78세,경상
2019111100100487,2019년 11월 11일 16시,월요일,강원도 원주시 명륜동,중상사고,0,2,0,0,차대사람 - 기타,안전운전불이행,건조,맑음,단일로 - 기타,승용,남,40세,상해없음,보행자,여,15세,중상
2019111100100488,2019년 11월 11일 16시,월요일,강원도 원주시 반곡동,경상사고,0,0,1,0,차대차 - 측면충돌,중앙선침범,건조,맑음,단일로 - 기타,승용,남,36세,상해없음,승용,여,44세,경상
2019111100100489,2019년 11월 11일 16시,월요일,강원도 속초시 영랑동,사망사고,1,0,0,0,차대사람 - 횡단중,안전운전불이행,건조,맑음,교차로 - 교차로안,승합,남,63세,상해없음,보행자,남,44세,사망
2019111100100587,2019년 11월 11일 18시,월요일,강원도 원주시 학성동,경상사고,0,0,1,0,차대차 - 추돌,교차로운행방법위반,건조,맑음,단일로 - 기타,화물,남,61세,상해없음,화물,남,66세,경상
2019111100100588,2019년 11월 11일 18시,월요일,강원도 화천군 화천읍,경상사고,0,0,1,0,차대차 - 측면충돌,직진우회전진행방해,건조,맑음,교차로 - 교차로안,승용,여,23세,상해없음,승용,여,61세,경상
2019111100100643,2019년 11월 11일 19시,월요일,강원도 삼척시 성남동,경상사고,0,0,1,0,차대차 - 측면충돌,안전운전불이행,건조,맑음,교차로 - 교차로안,원동기,남,26세,경상,승용,여,47세,상해없음
2019111100100674,2019년 11월 11일 20시,월요일,강원도 속초시 조양동,경상사고,0,0,1,0,차대차 - 측면충돌,직진우회전진행방해,건조,맑음,교차로 - 교차로안,화물,남,57세,상해없음,승합,남,53세,상해없음
2019111200100079,2019년 11월 12일 06시,화요일,강원도 속초시 조양동,경상사고,0,0,1,0,차대사람 - 횡단중,안전운전불이행,건조,맑음,교차로 - 교차로횡단보도내,화물,남,51세,상해없음,보행자,남,58세,경상
2019111200100183,2019년 11월 12일 09시,화요일,강원도 원주시 우산동,중상사고,0,1,2,0,차대차 - 측면충돌,직진우회전진행방해,건조,맑음,교차로 - 교차로안,승용,남,26세,상해없음,승용,여,45세,경상
2019111200100305,2019년 11월 12일 13시,화요일,강원도 원주시 일산동,중상사고,0,1,0,0,차대차 - 측면충돌,중앙선침범,건조,맑음,교차로 - 교차로부근,승용,남,74세,상해없음,이륜,남,77세,중상
2019111200100329,2019년 11월 12일 14시,화요일,강원도 삼척시 사직동,경상사고,0,0,2,0,차대차 - 측면충돌,안전운전불이행,건조,맑음,교차로 - 교차로부근,화물,남,51세,상해없음,화물,남,53세,경상
2019111200100401,2019년 11월 12일 16시,화요일,강원도 춘천시 효자동,중상사고,0,1,0,0,차대사람 - 횡단중,안전운전불이행,건조,맑음,단일로 - 기타,승용,여,59세,상해없음,보행자,여,62세,중상
2019111200100402,2019년 11월 12일 16시,화요일,강원도 양양군 양양읍,경상사고,0,0,1,0,차량단독 - 공작물충돌,안전운전불이행,건조,맑음,교차로 - 교차로안,승용,남,39세,상해없음,,,,
2019111200100445,2019년 11월 12일 17시,화요일,강원도 춘천시 중앙로2가,경상사고,0,0,2,0,차대차 - 측면충돌,교차로운행방법위반,건조,맑음,교차로 - 교차로안,승용,남,31세,경상,원동기,남,36세,경상
2019111200100500,2019년 11월 12일 18시,화요일,강원도 원주시 관설동,중상사고,0,1,0,0,차대차 - 측면충돌,안전운전불이행,건조,맑음,교차로 - 교차로안,승용,남,35세,상해없음,승용,남,44세,상해없음
2019111200100501,2019년 11월 12일 18시,화요일,강원도 원주시 태장동,경상사고,0,0,1,0,차대차 - 측면충돌,안전운전불이행,건조,맑음,교차로 - 교차로안,승용,남,48세,상해없음,이륜,남,39세,경상
2019111200100502,2019년 11월 12일 18시,화요일,강원도 속초시 청호동,경상사고,0,0,1,0,차대차 - 측면충돌,차로위반,건조,맑음,단일로 - 지하차도(도로)내,승용,남,34세,상해없음,승용,남,34세,경상
2019111200100503,2019년 11월 12일 18시,화요일,강원도 영월군 한반도면,중상사고,0,1,1,0,차대차 - 측면충돌,안전운전불이행,건조,맑음,단일로 - 기타,승용,남,65세,경상,승용,남,64세,중상
2019111200100504,2019년 11월 12일 18시,화요일,강원도 강릉시 옥계면,경상사고,0,0,3,0,차대차 - 측면충돌,안전운전불이행,건조,맑음,단일로 - 기타,승용,남,25세,상해없음,건설기계,남,53세,경상
2019111200100583,2019년 11월 12일 20시,화요일,강원도 속초시 조양동,중상사고,0,1,0,0,차대사람 - 차도통행중,안전운전불이행,건조,맑음,교차로 - 교차로안,이륜,남,27세,상해없음,보행자,남,46세,중상
2019111200100611,2019년 11월 12일 21시,화요일,강원도 원주시 단계동,사망사고,1,1,0,2,차대차 - 정면충돌,신호위반,건조,맑음,교차로 - 교차로횡단보도내,이륜,남,19세,사망,승합,남,53세,중상
2019111200100653,2019년 11월 12일 23시,화요일,강원도 춘천시 조양동,경상사고,0,0,1,0,차대차 - 기타,안전거리미확보,건조,맑음,교차로 - 교차로안,승용,남,24세,상해없음,승용,남,51세,경상
2019111200100654,2019년 11월 12일 23시,화요일,강원도 원주시 무실동,경상사고,0,0,1,0,차대차 - 추돌,안전운전불이행,건조,맑음,단일로 - 기타,승용,남,40세,상해없음,화물,남,38세,경상
2019111300100031,2019년 11월 13일 00시,수요일,강원도 원주시 단계동,경상사고,0,0,3,0,차대차 - 정면충돌,안전운전불이행,건조,기타,교차로 - 교차로안,승용,남,31세,상해없음,승용,남,21세,경상
2019111300100058,2019년 11월 13일 04시,수요일,강원도 춘천시 퇴계동,경상사고,0,0,3,0,차대차 - 측면충돌,안전운전불이행,건조,맑음,교차로 - 교차로안,승용,남,50세,상해없음,승합,남,56세,경상
2019111300100069,2019년 11월 13일 05시,수요일,강원도 횡성군 횡성읍,경상사고,0,0,2,0,차대차 - 정면충돌,안전운전불이행,젖음/습기,비,교차로 - 교차로안,승용,여,41세,경상,승용,여,29세,경상
2019111300100136,2019년 11월 13일 08시,수요일,강원도 춘천시 동면,중상사고,0,1,0,0,차대사람 - 횡단중,보행자보호의무위반,건조,맑음,교차로 - 교차로안,화물,남,50세,상해없음,보행자,남,8세,중상
2019111300100137,2019년 11월 13일 08시,수요일,강원도 원주시 명륜동,부상신고사고,0,0,0,1,차대차 - 측면충돌,교차로운행방법위반,건조,맑음,교차로 - 교차로안,승용,여,35세,상해없음,원동기,남,35세,부상신고
2019111300100138,2019년 11월 13일 08시,수요일,강원도 평창군 방림면,중상사고,0,1,1,0,차대차 - 측면충돌,안전운전불이행,건조,맑음,교차로 - 교차로안,승용,남,74세,상해없음,승용,남,61세,경상
2019111300100166,2019년 11월 13일 09시,수요일,강원도 춘천시 효자동,경상사고,0,0,1,0,차대사람 - 횡단중,신호위반,건조,맑음,단일로 - 기타,승용,여,58세,상해없음,보행자,남,24세,경상
2019111300100167,2019년 11월 13일 09시,수요일,강원도 원주시 평원동,중상사고,0,1,1,0,차대차 - 측면충돌,안전거리미확보,건조,맑음,교차로 - 교차로부근,승용,여,60세,상해없음,승용,여,35세,중상
2019111300100223,2019년 11월 13일 11시,수요일,강원도 화천군 사내면,경상사고,0,0,1,0,차대차 - 측면충돌,안전운전불이행,건조,맑음,단일로 - 기타,화물,남,48세,상해없음,승용,남,62세,경상
2019111300100257,2019년 11월 13일 12시,수요일,강원도 정선군 정선읍,중상사고,0,1,0,0,차대차 - 정면충돌,중앙선침범,젖음/습기,비,단일로 - 기타,승용,남,41세,상해없음,승용,여,57세,중상
2019111300100318,2019년 11월 13일 14시,수요일,강원도 춘천시 효자동,부상신고사고,0,0,0,1,차대차 - 기타,직진우회전진행방해,젖음/습기,비,교차로 - 교차로부근,승용,여,52세,상해없음,이륜,남,31세,부상신고
2019111300100319,2019년 11월 13일 14시,수요일,강원도 원주시 인동,경상사고,0,0,1,0,차대차 - 측면충돌,안전운전불이행,건조,맑음,교차로 - 교차로안,승용,남,60세,상해없음,승용,남,31세,경상
2019111300100397,2019년 11월 13일 16시,수요일,강원도 동해시 효가동,경상사고,0,0,1,0,차대차 - 측면충돌,직진우회전진행방해,건조,맑음,교차로 - 교차로부근,승용,남,59세,상해없음,승용,여,51세,경상
2019111300100430,2019년 11월 13일 17시,수요일,강원도 강릉시 노암동,경상사고,0,0,1,0,차대차 - 측면충돌,안전운전불이행,건조,맑음,교차로 - 교차로안,승용,남,28세,상해없음,이륜,남,23세,경상
2019111300100431,2019년 11월 13일 17시,수요일,강원도 원주시 단구동,중상사고,0,1,1,0,차대차 - 측면충돌,신호위반,젖음/습기,비,교차로 - 교차로안,승합,여,60세,상해없음,이륜,남,18세,중상
2019111300100432,2019년 11월 13일 17시,수요일,강원도 원주시 흥업면,경상사고,0,0,1,0,차대차 - 측면충돌,안전거리미확보,젖음/습기,비,단일로 - 기타,승용,여,43세,상해없음,승용,남,32세,경상
2019111300100500,2019년 11월 13일 18시,수요일,강원도 춘천시 퇴계동,경상사고,0,0,3,0,차대차 - 추돌,교차로운행방법위반,젖음/습기,비,교차로 - 교차로안,승용,여,27세,상해없음,승용,여,51세,경상
2019111300100501,2019년 11월 13일 18시,수요일,강원도 강릉시 입암동,중상사고,0,1,1,0,차대차 - 추돌,안전운전불이행,건조,맑음,교차로 - 교차로안,승용,여,64세,상해없음,이륜,남,18세,경상
2019111300100502,2019년 11월 13일 18시,수요일,강원도 강릉시 죽헌동,경상사고,0,0,2,0,차대차 - 추돌,안전운전불이행,건조,맑음,교차로 - 교차로부근,화물,남,59세,상해없음,승용,남,58세,경상
2019111300100503,2019년 11월 13일 18시,수요일,강원도 정선군 신동읍,경상사고,0,0,1,0,차대차 - 기타,안전운전불이행,건조,맑음,단일로 - 기타,승합,남,58세,상해없음,이륜,남,59세,경상
2019111300100583,2019년 11월 13일 19시,수요일,강원도 원주시 단계동,경상사고,0,0,1,0,차대차 - 측면충돌,안전운전불이행,젖음/습기,비,교차로 - 교차로부근,승용,남,56세,상해없음,승용,남,63세,경상
2019111300100584,2019년 11월 13일 19시,수요일,강원도 삼척시 도계읍,경상사고,0,0,1,0,차대차 - 추돌,안전거리미확보,젖음/습기,비,단일로 - 지하차도(도로)내,승합,남,61세,상해없음,승용,남,28세,경상
2019111300100641,2019년 11월 13일 20시,수요일,강원도 원주시 흥업면,경상사고,0,0,1,0,차대차 - 기타,안전운전불이행,젖음/습기,비,교차로 - 교차로안,승용,남,24세,상해없음,이륜,남,26세,경상
2019111300100678,2019년 11월 13일 21시,수요일,강원도 춘천시 우두동,경상사고,0,0,1,0,차대차 - 측면충돌,교차로운행방법위반,건조,맑음,교차로 - 교차로안,승용,여,44세,상해없음,승용,여,46세,경상
2019111300100679,2019년 11월 13일 21시,수요일,강원도 원주시 문막읍,경상사고,0,0,2,0,차대차 - 측면충돌,안전거리미확보,건조,맑음,교차로 - 교차로부근,화물,남,59세,상해없음,승용,여,42세,경상
2019111300100707,2019년 11월 13일 22시,수요일,강원도 원주시 중앙동,경상사고,0,0,1,0,차대차 - 측면충돌,안전운전불이행,건조,맑음,교차로 - 교차로안,승용,여,54세,상해없음,승용,남,27세,경상
2019111300100726,2019년 11월 13일 23시,수요일,강원도 강릉시 내곡동,중상사고,0,1,0,0,차대차 - 추돌,안전운전불이행,건조,맑음,단일로 - 기타,이륜,남,32세,상해없음,원동기,남,43세,중상
2019111400100095,2019년 11월 14일 07시,목요일,강원도 원주시 단계동,중상사고,0,1,0,0,차대차 - 측면충돌,신호위반,건조,맑음,교차로 - 교차로안,승용,남,57세,상해없음,이륜,남,71세,중상
2019111400100190,2019년 11월 14일 09시,목요일,강원도 원주시 무실동,경상사고,0,0,3,1,차대차 - 추돌,안전거리미확보,건조,맑음,단일로 - 기타,승용,남,58세,부상신고,승용,남,59세,경상
2019111400100191,2019년 11월 14일 09시,목요일,강원도 원주시 무실동,경상사고,0,0,1,0,차대차 - 측면충돌,신호위반,건조,맑음,교차로 - 교차로안,승용,여,44세,상해없음,승용,남,70세,경상
2019111400100273,2019년 11월 14일 11시,목요일,강원도 강릉시 노암동,중상사고,0,1,0,0,차대사람 - 횡단중,신호위반,건조,맑음,교차로 - 교차로부근,승용,여,26세,상해없음,보행자,남,63세,중상
2019111400100274,2019년 11월 14일 11시,목요일,강원도 양양군 강현면,경상사고,0,0,2,0,차대차 - 측면충돌,중앙선침범,건조,맑음,단일로 - 기타,승용,여,38세,경상,화물,남,49세,경상
2019111400100275,2019년 11월 14일 11시,목요일,강원도 화천군 화천읍,경상사고,0,0,1,0,차대차 - 측면충돌,중앙선침범,건조,맑음,단일로 - 터널,승용,남,55세,상해없음,승용,남,30세,경상
2019111400100276,2019년 11월 14일 11시,목요일,강원도 횡성군 횡성읍,중상사고,0,1,2,0,차대사람 - 기타,안전운전불이행,건조,맑음,주차장 - 주차장,화물,여,22세,상해없음,보행자,여,66세,경상
2019111400100312,2019년 11월 14일 12시,목요일,강원도 철원군 김화읍,경상사고,0,0,1,0,차대차 - 측면충돌,신호위반,건조,맑음,교차로 - 교차로안,화물,남,78세,상해없음,승용,남,58세,경상
2019111400100353,2019년 11월 14일 13시,목요일,강원도 강릉시 홍제동,경상사고,0,0,1,0,차대차 - 측면충돌,안전운전불이행,건조,맑음,교차로 - 교차로안,승용,여,67세,상해없음,승용,여,40세,경상
2019111400100388,2019년 11월 14일 14시,목요일,강원도 춘천시 효자동,경상사고,0,0,1,0,차대차 - 측면충돌,교차로운행방법위반,건조,맑음,교차로 - 교차로안,승용,남,60세,상해없음,자전거,남,51세,경상
2019111400100389,2019년 11월 14일 14시,목요일,강원도 춘천시 퇴계동,경상사고,0,0,1,0,차대차 - 측면충돌,교차로운행방법위반,건조,맑음,교차로 - 교차로안,승용,여,56세,상해없음,승용,여,43세,경상
2019111400100390,2019년 11월 14일 14시,목요일,강원도 강릉시 노암동,중상사고,0,1,0,0,차대사람 - 기타,안전운전불이행,건조,맑음,교차로 - 교차로부근,승용,여,38세,상해없음,보행자,남,80세,중상
2019111400100391,2019년 11월 14일 14시,목요일,강원도 강릉시 입암동,경상사고,0,0,1,0,차대차 - 측면충돌,신호위반,건조,맑음,단일로 - 기타,화물,남,53세,상해없음,원동기,남,67세,경상
2019111400100392,2019년 11월 14일 14시,목요일,강원도 원주시 신림면,경상사고,0,0,1,1,차대차 - 측면충돌,중앙선침범,건조,맑음,교차로 - 교차로부근,화물,남,72세,부상신고,화물,남,55세,경상
2019111400100393,2019년 11월 14일 14시,목요일,강원도 양양군 양양읍,경상사고,0,0,1,0,차대사람 - 차도통행중,안전운전불이행,건조,맑음,단일로 - 기타,승용,여,63세,상해없음,보행자,여,53세,경상
2019111400100394,2019년 11월 14일 14시,목요일,강원도 태백시 문곡동,경상사고,0,0,1,0,차대차 - 추돌,안전운전불이행,건조,맑음,교차로 - 교차로부근,화물,여,51세,상해없음,승용,여,61세,경상
2019111400100537,2019년 11월 14일 17시,목요일,강원도 원주시 개운동,경상사고,0,0,1,0,차대차 - 측면충돌,안전운전불이행,건조,맑음,단일로 - 기타,승용,남,69세,상해없음,승용,여,46세,경상
2019111400100598,2019년 11월 14일 18시,목요일,강원도 원주시 단구동,경상사고,0,0,1,0,차대사람 - 횡단중,보행자보호의무위반,건조,맑음,교차로 - 교차로부근,승용,남,31세,상해없음,보행자,여,66세,경상
2019111400100663,2019년 11월 14일 19시,목요일,강원도 춘천시 퇴계동,중상사고,0,1,0,0,차대차 - 측면충돌,안전거리미확보,젖음/습기,맑음,단일로 - 기타,승용,여,40세,상해없음,이륜,남,33세,중상
2019111400100706,2019년 11월 14일 20시,목요일,강원도 원주시 반곡동,경상사고,0,0,1,0,차대차 - 측면충돌,안전운전불이행,건조,맑음,단일로 - 기타,승용,남,54세,상해없음,이륜,남,27세,경상
2019111400100707,2019년 11월 14일 20시,목요일,강원도 인제군 북면,중상사고,0,1,0,0,차대사람 - 기타,안전운전불이행,건조,맑음,교차로 - 교차로부근,승용,남,34세,상해없음,보행자,남,53세,중상
2019111500100093,2019년 11월 15일 06시,금요일,강원도 홍천군 홍천읍,사망사고,1,0,0,0,차대사람 - 횡단중,신호위반,젖음/습기,비,단일로 - 기타,승용,남,51세,상해없음,보행자,남,74세,사망
2019111500100118,2019년 11월 15일 07시,금요일,강원도 횡성군 우천면,중상사고,0,1,0,0,차대차 - 측면충돌,교차로운행방법위반,건조,흐림,교차로 - 교차로안,승용,여,46세,상해없음,화물,남,59세,중상
2019111500100119,2019년 11월 15일 07시,금요일,강원도 홍천군 동면,사망사고,1,0,0,1,차량단독 - 도로외이탈 - 추락,안전운전불이행,젖음/습기,흐림,단일로 - 기타,화물,남,53세,사망,,,,
2019111500100161,2019년 11월 15일 08시,금요일,강원도 춘천시 동면,부상신고사고,0,0,0,1,차대차 - 기타,안전운전불이행,건조,맑음,단일로 - 기타,승용,남,65세,상해없음,화물,남,44세,부상신고
2019111500100213,2019년 11월 15일 09시,금요일,강원도 원주시 문막읍,중상사고,0,1,1,0,차대차 - 정면충돌,중앙선침범,서리/결빙,비,단일로 - 교량,승용,여,61세,중상,승용,여,46세,경상
2019111500100214,2019년 11월 15일 09시,금요일,강원도 양구군 양구읍,경상사고,0,0,1,1,차대차 - 측면충돌,교차로운행방법위반,건조,맑음,교차로 - 교차로안,승용,여,43세,부상신고,승용,여,27세,경상
2019111500100256,2019년 11월 15일 10시,금요일,강원도 춘천시 후평동,경상사고,0,0,1,0,차대차 - 기타,직진우회전진행방해,젖음/습기,비,교차로 - 교차로안,승용,남,54세,상해없음,화물,남,77세,경상
2019111500100257,2019년 11월 15일 10시,금요일,강원도 원주시 행구동,경상사고,0,0,2,0,차대차 - 측면충돌,안전운전불이행,젖음/습기,비,교차로 - 교차로안,승용,여,40세,상해없음,승용,남,63세,경상
2019111500100258,2019년 11월 15일 10시,금요일,강원도 영월군 중동면,경상사고,0,0,1,2,차대차 - 측면충돌,안전운전불이행,서리/결빙,비,단일로 - 지하차도(도로)내,승용,남,37세,부상신고,승합,남,43세,경상
2019111500100259,2019년 11월 15일 10시,금요일,강원도 영월군 영월읍,경상사고,0,0,1,1,차대차 - 측면충돌,안전운전불이행,서리/결빙,비,단일로 - 교량,승용,남,60세,상해없음,화물,남,50세,경상
2019111500100260,2019년 11월 15일 10시,금요일,강원도 영월군 영월읍,중상사고,0,1,0,0,차량단독 - 공작물충돌,안전운전불이행,서리/결빙,비,단일로 - 교량,화물,남,58세,상해없음,,,,
2019111500100261,2019년 11월 15일 10시,금요일,강원도 영월군 영월읍,경상사고,0,0,2,0,차대차 - 추돌,안전운전불이행,서리/결빙,비,단일로 - 교량,화물,남,64세,상해없음,건설기계,남,25세,상해없음
2019111500100262,2019년 11월 15일 10시,금요일,강원도 영월군 영월읍,경상사고,0,0,2,0,차대차 - 추돌,안전운전불이행,서리/결빙,비,단일로 - 교량,건설기계,남,34세,상해없음,화물,남,70세,경상
2019111500100298,2019년 11월 15일 11시,금요일,강원도 원주시 봉산동,경상사고,0,0,1,0,차대차 - 추돌,안전운전불이행,젖음/습기,비,단일로 - 기타,화물,남,71세,상해없음,승용,여,57세,경상
2019111500100299,2019년 11월 15일 11시,금요일,강원도 양양군 양양읍,경상사고,0,0,1,0,차대사람 - 길가장자리구역통행중,안전운전불이행,건조,맑음,교차로 - 교차로부근,승용,여,65세,상해없음,보행자,남,69세,경상
2019111500100300,2019년 11월 15일 11시,금요일,강원도 영월군 중동면,중상사고,0,1,3,0,차대차 - 추돌,안전운전불이행,서리/결빙,비,단일로 - 교량,화물,남,27세,경상,화물,남,49세,경상
2019111500100301,2019년 11월 15일 11시,금요일,강원도 영월군 영월읍,경상사고,0,0,6,1,차대차 - 추돌,과속,서리/결빙,비,단일로 - 교량,승합,남,30세,상해없음,승용,남,52세,경상
2019111500100302,2019년 11월 15일 11시,금요일,강원도 영월군 영월읍,경상사고,0,0,1,1,차대차 - 측면충돌,안전운전불이행,서리/결빙,비,단일로 - 교량,화물,남,59세,상해없음,승용,남,59세,부상신고
2019111500100303,2019년 11월 15일 11시,금요일,강원도 태백시 황지동,경상사고,0,0,4,0,차대차 - 추돌,안전운전불이행,젖음/습기,비,단일로 - 기타,건설기계,남,48세,상해없음,승용,여,58세,경상
2019111500100356,2019년 11월 15일 12시,금요일,강원도 삼척시 근덕면,경상사고,0,0,2,0,차대차 - 추돌,안전운전불이행,건조,맑음,단일로 - 기타,농기계,남,83세,상해없음,화물,여,44세,기타불명
2019111500100357,2019년 11월 15일 12시,금요일,강원도 영월군 남면,중상사고,0,2,1,3,차대차 - 추돌,안전운전불이행,젖음/습기,비,단일로 - 터널,화물,남,59세,상해없음,승용,남,46세,중상
2019111500100432,2019년 11월 15일 14시,금요일,강원도 춘천시 퇴계동,경상사고,0,0,1,0,차대차 - 측면충돌,안전운전불이행,건조,맑음,단일로 - 기타,승용,여,37세,상해없음,승용,남,66세,경상
2019111500100433,2019년 11월 15일 14시,금요일,강원도 동해시 단봉동,경상사고,0,0,2,0,차대차 - 측면충돌,신호위반,젖음/습기,비,교차로 - 교차로안,승용,여,49세,상해없음,화물,남,45세,경상
2019111500100479,2019년 11월 15일 15시,금요일,강원도 양구군 양구읍,중상사고,0,1,0,0,차대사람 - 횡단중,안전운전불이행,건조,맑음,교차로 - 교차로부근,화물,남,56세,상해없음,보행자,여,79세,중상
2019111500100579,2019년 11월 15일 17시,금요일,강원도 강릉시 죽헌동,중상사고,0,1,2,0,차대차 - 추돌,안전운전불이행,젖음/습기,비,단일로 - 기타,화물,남,70세,상해없음,승용,남,38세,경상
2019111500100580,2019년 11월 15일 17시,금요일,강원도 강릉시 강동면,경상사고,0,0,1,0,차대차 - 측면충돌,안전운전불이행,건조,흐림,교차로 - 교차로안,화물,남,55세,상해없음,승용,여,27세,경상
2019111500100581,2019년 11월 15일 17시,금요일,강원도 속초시 교동,중상사고,0,1,0,0,차대차 - 정면충돌,신호위반,건조,맑음,교차로 - 교차로안,화물,남,64세,상해없음,승용,남,59세,중상
2019111500100582,2019년 11월 15일 17시,금요일,강원도 영월군 영월읍,중상사고,0,1,0,0,차대사람 - 횡단중,보행자보호의무위반,젖음/습기,비,단일로 - 기타,승용,여,58세,상해없음,보행자,여,81세,중상
2019111500100650,2019년 11월 15일 18시,금요일,강원도 춘천시 석사동,경상사고,0,0,1,0,차대사람 - 횡단중,안전운전불이행,젖음/습기,비,단일로 - 기타,승용,여,28세,상해없음,보행자,남,56세,경상
2019111500100651,2019년 11월 15일 18시,금요일,강원도 강릉시 입암동,중상사고,0,1,0,0,차대사람 - 횡단중,안전운전불이행,젖음/습기,비,교차로 - 교차로부근,승용,남,36세,상해없음,보행자,여,71세,중상
2019111500100652,2019년 11월 15일 18시,금요일,강원도 강릉시 입암동,중상사고,0,1,0,0,차대차 - 측면충돌,안전운전불이행,젖음/습기,비,교차로 - 교차로안,승용,여,49세,상해없음,승용,여,48세,중상
2019111500100653,2019년 11월 15일 18시,금요일,강원도 원주시 판부면,경상사고,0,0,4,0,차대차 - 추돌,안전거리미확보,건조,맑음,단일로 - 기타,승용,남,25세,상해없음,승용,여,52세,경상
2019111500100654,2019년 11월 15일 18시,금요일,강원도 영월군 영월읍,중상사고,0,1,0,0,차대차 - 추돌,교차로운행방법위반,젖음/습기,비,교차로 - 교차로부근,승용,남,53세,상해없음,승용,남,58세,중상
2019111500100655,2019년 11월 15일 18시,금요일,강원도 원주시 관설동,경상사고,0,0,1,0,차대차 - 측면충돌,차로위반,젖음/습기,비,단일로 - 기타,화물,남,61세,상해없음,승용,여,49세,경상
2019111500100656,2019년 11월 15일 18시,금요일,강원도 횡성군 우천면,경상사고,0,0,1,0,차대차 - 기타,차로위반,젖음/습기,비,단일로 - 기타,승용,남,27세,상해없음,승용,남,25세,경상
2019111500100743,2019년 11월 15일 19시,금요일,강원도 춘천시 우두동,경상사고,0,0,1,0,차대차 - 측면충돌,신호위반,젖음/습기,비,교차로 - 교차로안,승용,남,50세,상해없음,승용,남,61세,경상