사고번호,사고일시,요일,시군구,사고내용,사망자수,중상자수,경상자수,부상신고자수,사고유형,법규위반,노면상태,기상상태,도로형태,가해운전자 차종,가해운전자 성별,가해운전자 연령,가해운전자 상해정도,피해운전자 차종,피해운전자 성별,피해운전자 연령,피해운전자 상해정도
2019112000100457,2019년 11월 20일 15시,수요일,강원도 동해시 평릉동,중상사고,0,1,0,0,차대사람 - 횡단중,보행자보호의무위반,건조,맑음,교차로 - 교차로횡단보도내,승용,여,45세,상해없음,보행자,남,7세,중상
2019112000100495,2019년 11월 20일 16시,수요일,강원도 강릉시 교동,중상사고,0,1,2,0,차대차 - 기타,안전운전불이행,건조,맑음,교차로 - 교차로안,승합,남,60세,상해없음,승용,남,54세,중상
2019112000100598,2019년 11월 20일 18시,수요일,강원도 춘천시 교동,중상사고,0,1,0,0,차대사람 - 기타,보행자보호의무위반,건조,맑음,교차로 - 교차로횡단보도내,승용,여,69세,상해없음,보행자,남,78세,중상
2019112000100599,2019년 11월 20일 18시,수요일,강원도 영월군 영월읍,부상신고사고,0,0,0,1,차대차 - 측면충돌,교차로운행방법위반,건조,맑음,교차로 - 교차로안,승용,여,34세,부상신고,승용,여,34세,상해없음
2019112000100600,2019년 11월 20일 18시,수요일,강원도 태백시 황지동,경상사고,0,0,1,0,차대사람 - 횡단중,보행자보호의무위반,건조,맑음,단일로 - 기타,승용,남,34세,상해없음,보행자,남,43세,경상
2019112000100672,2019년 11월 20일 19시,수요일,강원도 춘천시 서면,경상사고,0,0,1,0,차대차 - 추돌,안전운전불이행,건조,맑음,단일로 - 기타,승용,남,34세,상해없음,승용,여,37세,경상
2019112000100673,2019년 11월 20일 19시,수요일,강원도 양구군 양구읍,중상사고,0,1,0,0,차대사람 - 횡단중,보행자보호의무위반,건조,맑음,교차로 - 교차로안,승용,여,32세,상해없음,보행자,남,67세,중상
2019112100100140,2019년 11월 21일 08시,목요일,강원도 춘천시 퇴계동,경상사고,0,0,1,0,차대차 - 측면충돌,직진우회전진행방해,건조,맑음,교차로 - 교차로안,승용,여,35세,상해없음,승용,남,33세,상해없음
2019112100100141,2019년 11월 21일 08시,목요일,강원도 횡성군 횡성읍,경상사고,0,0,1,0,차대차 - 측면충돌,안전운전불이행,건조,맑음,교차로 - 교차로안,승용,남,24세,상해없음,자전거,남,15세,경상
2019112100100142,2019년 11월 21일 08시,목요일,강원도 동해시 쇄운동,중상사고,0,1,0,0,차대차 - 측면충돌,안전거리미확보,건조,맑음,단일로 - 기타,승용,여,46세,상해없음,승용,여,47세,중상
2019112100100187,2019년 11월 21일 09시,목요일,강원도 강릉시 포남동,경상사고,0,0,1,0,차대차 - 추돌,안전운전불이행,건조,맑음,교차로 - 교차로안,승용,여,39세,상해없음,승용,여,51세,경상
2019112100100188,2019년 11월 21일 09시,목요일,강원도 원주시 일산동,경상사고,0,0,1,0,차대차 - 측면충돌,교차로운행방법위반,건조,맑음,교차로 - 교차로안,승용,여,57세,상해없음,승용,남,46세,경상
2019112100100259,2019년 11월 21일 11시,목요일,강원도 원주시 우산동,경상사고,0,0,1,0,차대차 - 기타,안전운전불이행,건조,맑음,단일로 - 기타,승용,남,46세,상해없음,승용,남,58세,상해없음
2019112100100260,2019년 11월 21일 11시,목요일,강원도 철원군 갈말읍,경상사고,0,0,1,0,차대차 - 측면충돌,교차로운행방법위반,건조,맑음,교차로 - 교차로안,화물,남,60세,상해없음,승용,여,63세,경상
2019112100100331,2019년 11월 21일 13시,목요일,강원도 춘천시 효자동,경상사고,0,0,1,0,차대차 - 측면충돌,교차로운행방법위반,건조,맑음,교차로 - 교차로안,승용,남,61세,상해없음,승용,여,61세,경상
2019112100100332,2019년 11월 21일 13시,목요일,강원도 원주시 태장동,중상사고,0,1,0,0,차대차 - 측면충돌,안전운전불이행,건조,맑음,교차로 - 교차로횡단보도내,승용,남,39세,상해없음,자전거,남,83세,중상
2019112100100333,2019년 11월 21일 13시,목요일,강원도 태백시 황지동,경상사고,0,0,1,0,차대차 - 추돌,안전운전불이행,건조,맑음,교차로 - 교차로부근,화물,남,58세,상해없음,승용,남,68세,경상
2019112100100450,2019년 11월 21일 16시,목요일,강원도 춘천시 온의동,경상사고,0,0,1,0,차대사람 - 길가장자리구역통행중,안전운전불이행,건조,맑음,단일로 - 기타,승용,남,64세,상해없음,보행자,여,30세,경상
2019112100100451,2019년 11월 21일 16시,목요일,강원도 원주시 일산동,경상사고,0,0,1,0,차량단독 - 기타,안전운전불이행,건조,맑음,단일로 - 기타,승합,남,65세,상해없음,,,,
2019112100100508,2019년 11월 21일 17시,목요일,강원도 춘천시 칠전동,경상사고,0,0,3,0,차대차 - 정면충돌,중앙선침범,건조,맑음,단일로 - 기타,승용,여,60세,경상,승용,남,35세,경상
2019112100100640,2019년 11월 21일 19시,목요일,강원도 원주시 단구동,중상사고,0,1,1,0,차대차 - 측면충돌,안전운전불이행,건조,맑음,교차로 - 교차로안,승용,남,25세,경상,화물,남,65세,중상
2019112100100641,2019년 11월 21일 19시,목요일,강원도 동해시 천곡동,중상사고,0,1,0,0,차대차 - 측면충돌,안전운전불이행,건조,맑음,교차로 - 교차로안,승용,남,62세,상해없음,자전거,남,71세,중상
2019112200100033,2019년 11월 22일 00시,금요일,강원도 춘천시 온의동,중상사고,0,1,0,0,차대차 - 측면충돌,안전운전불이행,건조,맑음,교차로 - 교차로부근,승용,남,31세,상해없음,이륜,남,38세,중상
2019112200100034,2019년 11월 22일 00시,금요일,강원도 원주시 호저면,부상신고사고,0,0,0,1,차대사람 - 길가장자리구역통행중,안전운전불이행,건조,맑음,단일로 - 기타,승용,남,30세,상해없음,보행자,남,18세,부상신고
2019112200100058,2019년 11월 22일 02시,금요일,강원도 원주시 단계동,경상사고,0,0,1,0,차대사람 - 보도통행중,안전운전불이행,건조,맑음,교차로 - 교차로부근,승합,남,36세,상해없음,보행자,남,25세,경상
2019112200100097,2019년 11월 22일 06시,금요일,강원도 동해시 천곡동,경상사고,0,0,1,0,차대차 - 측면충돌,신호위반,건조,맑음,교차로 - 교차로안,승합,남,59세,상해없음,승용,남,47세,경상
2019112200100118,2019년 11월 22일 07시,금요일,강원도 원주시 인동,경상사고,0,0,4,0,차대차 - 측면충돌,안전운전불이행,건조,맑음,단일로 - 기타,승용,남,50세,상해없음,승용,남,18세,경상
2019112200100156,2019년 11월 22일 08시,금요일,강원도 춘천시 온의동,경상사고,0,0,1,0,차대차 - 기타,안전운전불이행,건조,맑음,교차로 - 교차로안,화물,남,53세,상해없음,화물,여,46세,경상
2019112200100211,2019년 11월 22일 09시,금요일,강원도 강릉시 노암동,경상사고,0,0,3,0,차대차 - 추돌,안전운전불이행,건조,맑음,단일로 - 기타,승용,남,68세,상해없음,승용,여,67세,경상
2019112200100281,2019년 11월 22일 11시,금요일,강원도 홍천군 화촌면,경상사고,0,0,5,0,차량단독 - 공작물충돌,안전운전불이행,건조,맑음,단일로 - 기타,승합,남,70세,경상,,,,
2019112200100310,2019년 11월 22일 12시,금요일,강원도 강릉시 주문진읍,경상사고,0,0,1,0,차대사람 - 기타,안전운전불이행,건조,맑음,단일로 - 기타,화물,남,73세,상해없음,보행자,여,81세,경상
2019112200100347,2019년 11월 22일 13시,금요일,강원도 춘천시 사농동,경상사고,0,0,1,0,차대차 - 기타,교차로운행방법위반,건조,맑음,교차로 - 교차로안,승용,남,54세,상해없음,승용,여,59세,경상
2019112200100348,2019년 11월 22일 13시,금요일,강원도 횡성군 횡성읍,사망사고,1,0,0,0,차대차 - 기타,중앙선침범,건조,맑음,단일로 - 기타,건설기계,남,59세,상해없음,자전거,남,59세,사망
2019112200100439,2019년 11월 22일 15시,금요일,강원도 강릉시 회산동,경상사고,0,0,1,0,차대차 - 측면충돌,안전운전불이행,건조,맑음,단일로 - 기타,승용,여,62세,상해없음,승용,남,33세,경상
2019112200100495,2019년 11월 22일 16시,금요일,강원도 원주시 태장동,경상사고,0,0,1,0,차대차 - 측면충돌,기타,건조,맑음,단일로 - 기타,승용,남,54세,경상,건설기계,남,70세,상해없음
2019112200100496,2019년 11월 22일 16시,금요일,강원도 영월군 영월읍,부상신고사고,0,0,0,2,차대차 - 추돌,안전운전불이행,건조,맑음,단일로 - 기타,화물,남,50세,상해없음,화물,남,55세,기타불명
2019112200100549,2019년 11월 22일 17시,금요일,강원도 춘천시 온의동,중상사고,0,1,0,0,차대사람 - 횡단중,보행자보호의무위반,건조,맑음,교차로 - 교차로횡단보도내,승용,여,49세,상해없음,보행자,남,7세,중상
2019112200100550,2019년 11월 22일 17시,금요일,강원도 춘천시 온의동,경상사고,0,0,1,0,차대사람 - 기타,안전운전불이행,건조,맑음,교차로 - 교차로횡단보도내,승용,남,65세,상해없음,보행자,남,64세,경상
2019112200100551,2019년 11월 22일 17시,금요일,강원도 원주시 개운동,경상사고,0,0,1,0,차대차 - 측면충돌,안전운전불이행,건조,맑음,단일로 - 기타,승용,남,49세,상해없음,화물,남,43세,경상
2019112200100552,2019년 11월 22일 17시,금요일,강원도 속초시 조양동,경상사고,0,0,1,0,차대차 - 측면충돌,직진우회전진행방해,건조,맑음,교차로 - 교차로안,승용,남,46세,상해없음,승용,남,68세,경상
2019112200100553,2019년 11월 22일 17시,금요일,강원도 속초시 조양동,경상사고,0,0,1,0,차대차 - 측면충돌,안전운전불이행,건조,맑음,교차로 - 교차로안,승용,남,72세,상해없음,이륜,남,34세,경상
2019112200100554,2019년 11월 22일 17시,금요일,강원도 태백시 황지동,경상사고,0,0,1,0,차대차 - 추돌,안전운전불이행,건조,맑음,단일로 - 기타,승용,남,32세,상해없음,승용,남,58세,경상
2019112200100555,2019년 11월 22일 17시,금요일,강원도 고성군 죽왕면,경상사고,0,0,1,0,차대사람 - 횡단중,안전운전불이행,건조,맑음,기타 - 기타,화물,남,67세,상해없음,보행자,남,25세,경상
2019112200100612,2019년 11월 22일 18시,금요일,강원도 춘천시 석사동,경상사고,0,0,1,0,차대차 - 기타,교차로운행방법위반,건조,맑음,교차로 - 교차로안,승용,여,39세,상해없음,원동기,남,25세,경상
2019112200100613,2019년 11월 22일 18시,금요일,강원도 횡성군 서원면,경상사고,0,0,2,0,차대차 - 기타,안전운전불이행,건조,맑음,단일로 - 기타,승용,여,73세,상해없음,승용,남,75세,경상
2019112200100687,2019년 11월 22일 19시,금요일,강원도 평창군 대화면,사망사고,1,0,0,0,차대사람 - 횡단중,안전운전불이행,건조,맑음,단일로 - 기타,화물,남,64세,상해없음,보행자,여,85세,사망
2019112200100833,2019년 11월 22일 23시,금요일,강원도 원주시 우산동,중상사고,0,1,2,0,차대차 - 측면충돌,안전운전불이행,건조,맑음,교차로 - 교차로안,승용,여,28세,상해없음,승용,여,62세,경상
2019112300100106,2019년 11월 23일 06시,토요일,강원도 춘천시 효자동,경상사고,0,0,1,0,차대차 - 측면충돌,안전운전불이행,건조,맑음,교차로 - 교차로안,승용,남,72세,상해없음,승용,여,56세,경상
2019112300100107,2019년 11월 23일 06시,토요일,강원도 정선군 임계면,중상사고,0,1,0,0,차대차 - 측면충돌,안전운전불이행,건조,맑음,단일로 - 기타,건설기계,남,53세,상해없음,화물,남,69세,중상
2019112300100168,2019년 11월 23일 09시,토요일,강원도 원주시 단구동,경상사고,0,0,1,1,차대차 - 측면충돌,안전운전불이행,건조,맑음,교차로 - 교차로안,승용,남,53세,부상신고,승용,여,56세,경상
2019112300100169,2019년 11월 23일 09시,토요일,강원도 정선군 고한읍,경상사고,0,0,1,0,차대사람 - 횡단중,보행자보호의무위반,건조,맑음,교차로 - 교차로안,승용,여,54세,상해없음,보행자,여,58세,경상
2019112300100170,2019년 11월 23일 09시,토요일,강원도 동해시 효가동,경상사고,0,0,1,0,차대차 - 측면충돌,안전거리미확보,건조,맑음,단일로 - 기타,특수,남,56세,상해없음,승용,남,28세,경상
2019112300100204,2019년 11월 23일 10시,토요일,강원도 원주시 명륜동,중상사고,0,1,0,0,차대차 - 측면충돌,안전운전불이행,건조,맑음,단일로 - 기타,승용,여,53세,상해없음,승용,여,54세,중상
2019112300100205,2019년 11월 23일 10시,토요일,강원도 원주시 호저면,경상사고,0,0,2,0,차대차 - 측면충돌,안전운전불이행,건조,맑음,단일로 - 기타,승용,남,63세,상해없음,승용,남,37세,경상
2019112300100206,2019년 11월 23일 10시,토요일,강원도 철원군 갈말읍,경상사고,0,0,1,0,차대차 - 측면충돌,안전운전불이행,건조,맑음,교차로 - 교차로안,화물,남,47세,상해없음,승용,남,74세,경상
2019112300100207,2019년 11월 23일 10시,토요일,강원도 철원군 동송읍,경상사고,0,0,1,0,차대차 - 후진중충돌,안전운전불이행,건조,맑음,기타 - 기타,화물,남,72세,상해없음,승용,여,55세,경상
2019112300100242,2019년 11월 23일 11시,토요일,강원도 원주시 단구동,경상사고,0,0,1,1,차대차 - 측면충돌,신호위반,건조,맑음,교차로 - 교차로안,화물,여,48세,부상신고,승용,남,26세,경상
2019112300100243,2019년 11월 23일 11시,토요일,강원도 속초시 조양동,중상사고,0,3,1,0,차대차 - 측면충돌,안전거리미확보,건조,맑음,교차로 - 교차로부근,승용,여,27세,상해없음,승용,여,59세,중상
2019112300100244,2019년 11월 23일 11시,토요일,강원도 삼척시 정상동,경상사고,0,0,1,0,차대차 - 측면충돌,안전운전불이행,건조,맑음,단일로 - 기타,건설기계,남,42세,상해없음,승용,여,49세,경상
2019112300100245,2019년 11월 23일 11시,토요일,강원도 홍천군 서석면,경상사고,0,0,1,0,차대차 - 측면충돌,기타,건조,맑음,교차로 - 교차로안,이륜,남,49세,상해없음,화물,남,71세,경상
2019112300100246,2019년 11월 23일 11시,토요일,강원도 태백시 화전동,경상사고,0,0,2,0,차대차 - 측면충돌,안전운전불이행,건조,맑음,교차로 - 교차로안,승용,남,24세,상해없음,승용,남,69세,경상
2019112300100281,2019년 11월 23일 12시,토요일,강원도 춘천시 중앙로2가,경상사고,0,0,1,0,차대차 - 추돌,안전운전불이행,건조,맑음,교차로 - 교차로부근,화물,남,51세,상해없음,승용,여,52세,경상
2019112300100282,2019년 11월 23일 12시,토요일,강원도 원주시 개운동,중상사고,0,1,0,0,차대차 - 측면충돌,안전운전불이행,건조,맑음,교차로 - 교차로안,승용,여,64세,상해없음,화물,남,50세,중상
2019112300100331,2019년 11월 23일 13시,토요일,강원도 강릉시 송정동,경상사고,0,0,1,0,차대차 - 측면충돌,안전운전불이행,건조,맑음,교차로 - 교차로안,승용,남,51세,상해없음,승용,남,36세,경상
2019112300100383,2019년 11월 23일 14시,토요일,강원도 횡성군 횡성읍,경상사고,0,0,1,0,차대차 - 추돌,안전운전불이행,건조,맑음,단일로 - 기타,화물,남,51세,상해없음,승용,여,42세,경상
2019112300100384,2019년 11월 23일 14시,토요일,강원도 강릉시 옥계면,경상사고,0,0,1,0,차대차 - 기타,안전운전불이행,건조,맑음,주차장 - 주차장,화물,남,44세,상해없음,승용,여,37세,경상
2019112300100415,2019년 11월 23일 15시,토요일,강원도 춘천시 후평동,중상사고,0,1,0,0,차대차 - 측면충돌,안전운전불이행,건조,맑음,교차로 - 교차로안,승용,남,34세,상해없음,화물,남,39세,중상
2019112300100416,2019년 11월 23일 15시,토요일,강원도 강릉시 안현동,경상사고,0,0,2,0,차대차 - 측면충돌,안전운전불이행,건조,맑음,교차로 - 교차로안,승용,남,60세,상해없음,승용,남,66세,경상
2019112300100417,2019년 11월 23일 15시,토요일,강원도 동해시 용정동,중상사고,0,1,0,0,차대차 - 측면충돌,신호위반,건조,맑음,교차로 - 교차로안,승용,여,59세,상해없음,승용,여,38세,중상
2019112300100456,2019년 11월 23일 16시,토요일,강원도 원주시 단계동,경상사고,0,0,3,0,차대차 - 측면충돌,안전운전불이행,건조,맑음,교차로 - 교차로안,승용,여,43세,상해없음,승용,여,61세,경상
2019112300100496,2019년 11월 23일 17시,토요일,강원도 춘천시 중앙로3가,부상신고사고,0,0,0,1,차대사람 - 기타,안전운전불이행,건조,맑음,단일로 - 기타,승용,여,60세,부상신고,보행자,남,57세,상해없음
2019112300100497,2019년 11월 23일 17시,토요일,강원도 강릉시 주문진읍,중상사고,0,1,0,0,차대차 - 추돌,안전운전불이행,건조,맑음,단일로 - 기타,승용,남,30세,상해없음,농기계,남,74세,중상
2019112300100557,2019년 11월 23일 18시,토요일,강원도 강릉시 주문진읍,경상사고,0,0,1,0,차대차 - 측면충돌,안전운전불이행,건조,맑음,단일로 - 기타,승용,여,46세,상해없음,승용,남,28세,기타불명
2019112300100558,2019년 11월 23일 18시,토요일,강원도 원주시 신림면,경상사고,0,0,1,0,차대차 - 측면충돌,교차로운행방법위반,건조,맑음,교차로 - 교차로안,승용,남,63세,상해없음,승용,여,60세,경상
2019112300100559,2019년 11월 23일 18시,토요일,강원도 평창군 봉평면,경상사고,0,0,1,0,차대차 - 후진중충돌,안전운전불이행,건조,맑음,주차장 - 주차장,승용,남,28세,상해없음,승용,여,40세,경상
2019112300100606,2019년 11월 23일 19시,토요일,강원도 영월군 영월읍,경상사고,0,0,1,0,차대차 - 측면충돌,교차로운행방법위반,건조,맑음,교차로 - 교차로안,승용,남,66세,상해없음,승용,여,54세,경상
2019112300100680,2019년 11월 23일 21시,토요일,강원도 원주시 소초면,경상사고,0,0,2,1,차대차 - 추돌,안전거리미확보,건조,맑음,단일로 - 기타,승용,남,53세,부상신고,승용,여,49세,경상
2019112300100706,2019년 11월 23일 22시,토요일,강원도 평창군 대관령면,경상사고,0,0,1,0,차대차 - 추돌,안전거리미확보,건조,맑음,단일로 - 기타,승용,남,37세,상해없음,화물,남,61세,경상
2019112300100727,2019년 11월 23일 23시,토요일,강원도 춘천시 석사동,중상사고,0,1,0,0,차대차 - 측면충돌,차로위반,건조,맑음,교차로 - 교차로부근,승용,여,48세,상해없음,이륜,남,20세,중상
2019112300100728,2019년 11월 23일 23시,토요일,강원도 원주시 명륜동,경상사고,0,0,2,0,차대차 - 추돌,안전운전불이행,건조,맑음,단일로 - 기타,승용,남,35세,상해없음,승용,남,35세,경상
2019112300100729,2019년 11월 23일 23시,토요일,강원도 원주시 단구동,중상사고,0,1,0,1,차대차 - 추돌,안전운전불이행,건조,맑음,단일로 - 기타,이륜,남,17세,부상신고,승용,여,35세,중상
2019112400100027,2019년 11월 24일 00시,일요일,강원도 원주시 단계동,중상사고,0,1,0,0,차대차 - 기타,신호위반,건조,맑음,교차로 - 교차로부근,승용,남,23세,상해없음,이륜,남,16세,중상
2019112400100028,2019년 11월 24일 00시,일요일,강원도 속초시 교동,중상사고,0,1,0,0,차대사람 - 기타,안전운전불이행,건조,맑음,주차장 - 주차장,화물,남,41세,상해없음,보행자,남,48세,중상
2019112400100041,2019년 11월 24일 01시,일요일,강원도 강릉시 포남동,경상사고,0,0,1,0,차대차 - 측면충돌,신호위반,건조,맑음,교차로 - 교차로안,승용,여,41세,기타불명,승용,여,48세,경상
2019112400100114,2019년 11월 24일 07시,일요일,강원도 동해시 발한동,경상사고,0,0,1,0,차대차 - 측면충돌,안전운전불이행,건조,맑음,단일로 - 기타,승용,남,77세,상해없음,자전거,남,75세,경상
2019112400100129,2019년 11월 24일 09시,일요일,강원도 춘천시 석사동,경상사고,0,0,3,0,차대차 - 측면충돌,안전운전불이행,건조,맑음,단일로 - 기타,승용,여,38세,경상,승용,여,48세,경상
2019112400100130,2019년 11월 24일 09시,일요일,강원도 원주시 명륜동,경상사고,0,0,1,0,차대차 - 측면충돌,안전운전불이행,건조,맑음,교차로 - 교차로안,승용,여,74세,상해없음,승용,남,58세,경상
2019112400100149,2019년 11월 24일 10시,일요일,강원도 홍천군 홍천읍,경상사고,0,0,1,0,차대차 - 추돌,안전운전불이행,건조,맑음,단일로 - 기타,승용,남,79세,상해없음,화물,여,64세,경상
2019112400100172,2019년 11월 24일 11시,일요일,강원도 춘천시 후평동,중상사고,0,1,0,0,차대차 - 정면충돌,안전운전불이행,건조,맑음,교차로 - 교차로안,승용,남,33세,상해없음,이륜,남,33세,중상
2019112400100248,2019년 11월 24일 14시,일요일,강원도 인제군 인제읍,경상사고,0,0,5,0,차대차 - 측면충돌,안전거리미확보,건조,맑음,단일로 - 기타,승용,남,60세,상해없음,승용,남,47세,경상
2019112400100318,2019년 11월 24일 16시,일요일,강원도 양양군 강현면,중상사고,0,1,4,1,차대차 - 측면충돌,교차로운행방법위반,건조,맑음,교차로 - 교차로안,화물,남,43세,기타불명,승용,여,38세,중상
2019112400100353,2019년 11월 24일 17시,일요일,강원도 강릉시 포남동,경상사고,0,0,1,0,차대사람 - 차도통행중,안전운전불이행,젖음/습기,비,단일로 - 기타,승용,여,70세,상해없음,보행자,여,54세,경상
2019112400100354,2019년 11월 24일 17시,일요일,강원도 강릉시 노암동,중상사고,0,1,0,0,차대사람 - 차도통행중,안전운전불이행,건조,맑음,교차로 - 교차로안,승용,여,46세,상해없음,보행자,여,61세,중상
2019112400100355,2019년 11월 24일 17시,일요일,강원도 평창군 평창읍,중상사고,0,1,0,0,차대사람 - 횡단중,보행자보호의무위반,젖음/습기,비,교차로 - 교차로부근,자전거,남,64세,상해없음,보행자,남,54세,중상
2019112400100461,2019년 11월 24일 19시,일요일,강원도 춘천시 온의동,중상사고,0,1,0,0,차대차 - 기타,중앙선침범,젖음/습기,비,단일로 - 기타,승용,남,66세,상해없음,이륜,남,55세,중상
2019112400100462,2019년 11월 24일 19시,일요일,강원도 양구군 양구읍,경상사고,0,0,1,0,차대차 - 정면충돌,교차로운행방법위반,젖음/습기,비,교차로 - 교차로안,승용,여,45세,상해없음,이륜,남,39세,경상
2019112500100043,2019년 11월 25일 01시,월요일,강원도 원주시 관설동,경상사고,0,0,1,0,차대차 - 기타,직진우회전진행방해,건조,맑음,교차로 - 교차로안,승용,여,58세,상해없음,이륜,남,18세,경상
2019112500100135,2019년 11월 25일 08시,월요일,강원도 춘천시 후평동,경상사고,0,0,1,0,차대사람 - 횡단중,안전운전불이행,건조,맑음,교차로 - 교차로부근,승용,남,65세,상해없음,보행자,여,51세,경상
2019112500100136,2019년 11월 25일 08시,월요일,강원도 춘천시 신동면,사망사고,1,1,1,0,차대차 - 측면충돌,안전운전불이행,건조,맑음,교차로 - 교차로안,승용,여,58세,중상,화물,남,66세,경상
2019112500100137,2019년 11월 25일 08시,월요일,강원도 원주시 단구동,경상사고,0,0,1,0,차대차 - 기타,안전운전불이행,건조,맑음,단일로 - 기타,승용,여,37세,상해없음,승용,여,38세,경상
2019112500100138,2019년 11월 25일 08시,월요일,강원도 고성군 토성면,경상사고,0,0,2,0,차대차 - 추돌,안전거리미확보,젖음/습기,비,교차로 - 교차로부근,승용,여,27세,상해없음,화물,남,65세,경상
2019112500100181,2019년 11월 25일 09시,월요일,강원도 춘천시 효자동,경상사고,0,0,2,0,차대차 - 추돌,안전거리미확보,건조,맑음,단일로 - 기타,승용,남,78세,상해없음,승용,여,49세,경상
2019112500100182,2019년 11월 25일 09시,월요일,강원도 춘천시 운교동,경상사고,0,0,3,0,차대차 - 측면충돌,안전운전불이행,건조,맑음,교차로 - 교차로안,승용,남,74세,상해없음,승용,여,51세,경상
2019112500100183,2019년 11월 25일 09시,월요일,강원도 영월군 영월읍,부상신고사고,0,0,0,1,차대차 - 후진중충돌,안전운전불이행,건조,흐림,단일로 - 기타,화물,남,71세,상해없음,이륜,남,60세,부상신고
2019112500100184,2019년 11월 25일 09시,월요일,강원도 동해시 효가동,경상사고,0,0,1,0,차대차 - 추돌,안전거리미확보,건조,맑음,교차로 - 교차로안,화물,남,32세,상해없음,승용,여,56세,경상
2019112500100218,2019년 11월 25일 10시,월요일,강원도 삼척시 미로면,중상사고,0,1,1,0,차대차 - 추돌,안전거리미확보,젖음/습기,비,교차로 - 교차로안,화물,남,77세,경상,승용,남,48세,중상
2019112500100305,2019년 11월 25일 13시,월요일,강원도 속초시 교동,경상사고,0,0,1,0,차대사람 - 횡단중,보행자보호의무위반,건조,맑음,단일로 - 지하차도(도로)내,승용,남,63세,상해없음,보행자,여,51세,경상
2019112500100373,2019년 11월 25일 15시,월요일,강원도 원주시 개운동,경상사고,0,0,1,0,차대사람 - 길가장자리구역통행중,안전운전불이행,건조,맑음,기타 - 기타,승용,남,53세,상해없음,보행자,남,71세,경상
2019112500100374,2019년 11월 25일 15시,월요일,강원도 태백시 문곡동,경상사고,0,0,3,0,차대차 - 측면충돌,안전운전불이행,건조,맑음,단일로 - 기타,화물,남,55세,상해없음,승용,남,66세,경상
2019112500100455,2019년 11월 25일 17시,월요일,강원도 홍천군 두촌면,경상사고,0,0,2,0,차대차 - 추돌,안전운전불이행,건조,맑음,교차로 - 교차로안,화물,남,61세,상해없음,승용,남,52세,경상
2019112500100456,2019년 11월 25일 17시,월요일,강원도 평창군 봉평면,경상사고,0,0,1,0,차대차 - 측면충돌,안전운전불이행,건조,맑음,교차로 - 교차로안,화물,남,60세,상해없음,승용,여,64세,경상
2019112500100526,2019년 11월 25일 18시,월요일,강원도 고성군 토성면,경상사고,0,0,1,0,차대차 - 추돌,안전운전불이행,젖음/습기,비,교차로 - 교차로부근,화물,남,72세,상해없음,승용,여,44세,경상
2019112500100527,2019년 11월 25일 18시,월요일,강원도 철원군 갈말읍,경상사고,0,0,1,0,차대차 - 추돌,안전운전불이행,건조,맑음,교차로 - 교차로부근,화물,남,73세,상해없음,승용,남,44세,경상
2019112500100528,2019년 11월 25일 18시,월요일,강원도 양구군 양구읍,경상사고,0,0,2,0,차대차 - 측면충돌,직진우회전진행방해,건조,기타,교차로 - 교차로안,화물,남,59세,상해없음,승용,남,66세,경상
2019112500100529,2019년 11월 25일 18시,월요일,강원도 동해시 천곡동,경상사고,0,0,1,0,차대사람 - 횡단중,신호위반,젖음/습기,비,단일로 - 기타,이륜,남,18세,상해없음,보행자,여,22세,경상
2019112500100625,2019년 11월 25일 20시,월요일,강원도 동해시 이도동,중상사고,0,1,3,0,차대차 - 측면충돌,신호위반,젖음/습기,비,교차로 - 교차로안,승용,남,64세,상해없음,승용,남,39세,중상
2019112500100657,2019년 11월 25일 21시,월요일,강원도 동해시 나안동,부상신고사고,0,0,0,1,차량단독 - 공작물충돌,안전운전불이행,젖음/습기,비,단일로 - 기타,승용,남,51세,상해없음,,,,
2019112500100702,2019년 11월 25일 23시,월요일,강원도 원주시 단계동,경상사고,0,0,3,0,차대차 - 측면충돌,신호위반,건조,맑음,교차로 - 교차로안,승용,남,31세,상해없음,승용,남,63세,경상
2019112600100091,2019년 11월 26일 06시,화요일,강원도 동해시 효가동,경상사고,0,0,1,0,차대차 - 측면충돌,안전운전불이행,젖음/습기,비,교차로 - 교차로부근,승용,남,53세,상해없음,화물,남,58세,경상
2019112600100119,2019년 11월 26일 07시,화요일,강원도 홍천군 화촌면,경상사고,0,0,1,0,차대차 - 추돌,안전운전불이행,건조,맑음,교차로 - 교차로부근,화물,남,58세,상해없음,화물,남,55세,경상
2019112600100147,2019년 11월 26일 08시,화요일,강원도 원주시 태장동,경상사고,0,0,2,1,차대차 - 측면충돌,교차로운행방법위반,건조,맑음,교차로 - 교차로안,승용,남,63세,부상신고,승용,여,46세,경상
2019112600100148,2019년 11월 26일 08시,화요일,강원도 태백시 문곡동,경상사고,0,0,1,0,차대차 - 추돌,안전운전불이행,건조,맑음,단일로 - 기타,화물,남,67세,기타불명,승용,남,64세,상해없음
2019112600100183,2019년 11월 26일 09시,화요일,강원도 원주시 행구동,경상사고,0,0,1,0,차대차 - 추돌,안전거리미확보,건조,맑음,교차로 - 교차로부근,승용,여,27세,상해없음,승용,여,60세,경상