사고번호,사고일시,요일,시군구,사고내용,사망자수,중상자수,경상자수,부상신고자수,사고유형,법규위반,노면상태,기상상태,도로형태,가해운전자 차종,가해운전자 성별,가해운전자 연령,가해운전자 상해정도,피해운전자 차종,피해운전자 성별,피해운전자 연령,피해운전자 상해정도
2019112600100325,2019년 11월 26일 13시,화요일,강원도 춘천시 동면,경상사고,0,0,2,0,차대차 - 측면충돌,신호위반,건조,맑음,교차로 - 교차로횡단보도내,승용,여,28세,상해없음,승용,여,51세,경상
2019112600100326,2019년 11월 26일 13시,화요일,강원도 홍천군 화촌면,경상사고,0,0,1,0,차대차 - 정면충돌,중앙선침범,건조,맑음,단일로 - 기타,승용,남,65세,기타불명,화물,남,57세,경상
2019112600100327,2019년 11월 26일 13시,화요일,강원도 홍천군 두촌면,중상사고,0,3,0,0,차대차 - 추돌,안전거리미확보,건조,맑음,교차로 - 교차로안,화물,남,62세,상해없음,승용,남,48세,중상
2019112600100359,2019년 11월 26일 14시,화요일,강원도 삼척시 갈천동,경상사고,0,0,1,0,차대차 - 후진중충돌,안전운전불이행,젖음/습기,맑음,기타 - 기타,건설기계,남,49세,상해없음,건설기계,남,44세,경상
2019112600100393,2019년 11월 26일 15시,화요일,강원도 춘천시 퇴계동,경상사고,0,0,2,0,차대차 - 측면충돌,안전운전불이행,건조,맑음,교차로 - 교차로안,화물,남,45세,경상,승용,남,54세,경상
2019112600100394,2019년 11월 26일 15시,화요일,강원도 원주시 일산동,경상사고,0,0,1,0,차대차 - 측면충돌,교차로운행방법위반,건조,맑음,교차로 - 교차로안,승용,남,26세,상해없음,승용,남,51세,경상
2019112600100435,2019년 11월 26일 16시,화요일,강원도 강릉시 홍제동,경상사고,0,0,1,0,차대차 - 측면충돌,안전운전불이행,건조,맑음,단일로 - 기타,승용,남,31세,상해없음,승용,남,40세,경상
2019112600100477,2019년 11월 26일 17시,화요일,강원도 원주시 개운동,경상사고,0,0,1,0,차대차 - 측면충돌,안전운전불이행,건조,맑음,단일로 - 기타,승용,여,55세,상해없음,승용,남,57세,상해없음
2019112600100478,2019년 11월 26일 17시,화요일,강원도 평창군 대화면,중상사고,0,1,1,0,차대차 - 측면충돌,중앙선침범,건조,맑음,단일로 - 기타,승용,여,52세,상해없음,승용,남,58세,경상
2019112600100529,2019년 11월 26일 18시,화요일,강원도 강릉시 교동,경상사고,0,0,1,0,차대차 - 측면충돌,중앙선침범,건조,맑음,단일로 - 기타,승용,남,47세,상해없음,원동기,남,21세,경상
2019112600100530,2019년 11월 26일 18시,화요일,강원도 속초시 청호동,중상사고,0,2,1,0,차대차 - 측면충돌,차로위반,건조,맑음,교차로 - 교차로부근,승용,남,63세,경상,승용,남,41세,중상
2019112600100531,2019년 11월 26일 18시,화요일,강원도 영월군 무릉도원면,사망사고,1,0,0,0,차대사람 - 기타,안전운전불이행,건조,맑음,단일로 - 기타,화물,남,44세,상해없음,보행자,남,70세,사망
2019112600100532,2019년 11월 26일 18시,화요일,강원도 태백시 통동,사망사고,1,0,1,0,차대차 - 정면충돌,중앙선침범,건조,흐림,단일로 - 기타,승용,여,52세,사망,승용,남,53세,경상
2019112600100586,2019년 11월 26일 19시,화요일,강원도 춘천시 소양로1가,경상사고,0,0,1,0,차대차 - 측면충돌,안전운전불이행,건조,맑음,교차로 - 교차로안,기타불명,기타불명,미분류,기타불명,승용,남,68세,경상
2019112600100587,2019년 11월 26일 19시,화요일,강원도 강릉시 교동,중상사고,0,1,0,0,차대사람 - 보도통행중,보행자보호의무위반,건조,맑음,교차로 - 교차로횡단보도내,승용,남,46세,상해없음,보행자,남,22세,중상
2019112600100620,2019년 11월 26일 20시,화요일,강원도 원주시 태장동,중상사고,0,1,0,0,차대사람 - 횡단중,신호위반,건조,맑음,교차로 - 교차로부근,승용,남,28세,상해없음,보행자,남,14세,중상
2019112700100096,2019년 11월 27일 07시,수요일,강원도 춘천시 석사동,중상사고,0,1,1,0,차대차 - 측면충돌,안전거리미확보,건조,맑음,단일로 - 기타,건설기계,남,53세,상해없음,승용,여,49세,중상
2019112700100134,2019년 11월 27일 08시,수요일,강원도 원주시 개운동,중상사고,0,1,1,0,차대차 - 측면충돌,중앙선침범,건조,맑음,교차로 - 교차로안,이륜,남,65세,상해없음,승용,남,21세,중상
2019112700100135,2019년 11월 27일 08시,수요일,강원도 삼척시 정상동,경상사고,0,0,1,0,차량단독 - 전도전복 - 전도,안전운전불이행,건조,맑음,교차로 - 교차로부근,건설기계,남,40세,경상,,,,
2019112700100136,2019년 11월 27일 08시,수요일,강원도 영월군 무릉도원면,경상사고,0,0,1,0,차대차 - 정면충돌,중앙선침범,건조,맑음,단일로 - 기타,승용,여,57세,상해없음,승용,여,57세,경상
2019112700100199,2019년 11월 27일 10시,수요일,강원도 원주시 관설동,경상사고,0,0,3,0,차대차 - 추돌,직진우회전진행방해,건조,맑음,교차로 - 교차로안,승용,남,61세,경상,승용,여,31세,경상
2019112700100229,2019년 11월 27일 11시,수요일,강원도 강릉시 교동,중상사고,0,1,0,0,차대차 - 측면충돌,안전운전불이행,건조,맑음,교차로 - 교차로안,승용,남,67세,상해없음,승용,여,22세,중상
2019112700100230,2019년 11월 27일 11시,수요일,강원도 원주시 단계동,경상사고,0,0,1,0,차대차 - 측면충돌,신호위반,건조,맑음,교차로 - 교차로안,승용,남,57세,상해없음,승용,여,62세,경상
2019112700100259,2019년 11월 27일 12시,수요일,강원도 원주시 개운동,경상사고,0,0,1,0,차대차 - 정면충돌,안전운전불이행,건조,맑음,교차로 - 교차로안,승용,남,43세,상해없음,승용,남,32세,경상
2019112700100338,2019년 11월 27일 14시,수요일,강원도 강릉시 포남동,중상사고,0,1,0,0,차대사람 - 횡단중,안전운전불이행,건조,맑음,단일로 - 기타,승용,남,74세,상해없음,보행자,여,49세,중상
2019112700100339,2019년 11월 27일 14시,수요일,강원도 양양군 손양면,경상사고,0,0,4,0,차대차 - 추돌,안전운전불이행,건조,맑음,단일로 - 지하차도(도로)내,화물,남,56세,기타불명,승용,남,25세,경상
2019112700100340,2019년 11월 27일 14시,수요일,강원도 홍천군 홍천읍,경상사고,0,0,1,0,차대사람 - 기타,교차로운행방법위반,건조,맑음,교차로 - 교차로안,승용,여,52세,상해없음,보행자,남,68세,경상
2019112700100380,2019년 11월 27일 15시,수요일,강원도 원주시 지정면,경상사고,0,0,4,0,차대차 - 측면충돌,안전운전불이행,건조,맑음,단일로 - 기타,승합,남,38세,경상,화물,남,24세,경상
2019112700100512,2019년 11월 27일 18시,수요일,강원도 강릉시 노암동,경상사고,0,0,1,0,차대사람 - 기타,안전운전불이행,젖음/습기,비,주차장 - 주차장,승용,남,30세,상해없음,보행자,남,8세,경상
2019112700100513,2019년 11월 27일 18시,수요일,강원도 속초시 동명동,중상사고,0,1,0,0,차대차 - 추돌,안전운전불이행,젖음/습기,비,단일로 - 기타,화물,남,62세,상해없음,이륜,여,53세,중상
2019112700100572,2019년 11월 27일 19시,수요일,강원도 춘천시 운교동,부상신고사고,0,0,0,1,차대차 - 측면충돌,안전운전불이행,건조,맑음,단일로 - 기타,승용,여,64세,상해없음,승합,남,49세,상해없음
2019112700100635,2019년 11월 27일 21시,수요일,강원도 영월군 주천면,경상사고,0,0,2,0,차대차 - 추돌,안전운전불이행,건조,맑음,교차로 - 교차로안,승용,남,59세,상해없음,승용,남,21세,경상
2019112800100052,2019년 11월 28일 04시,목요일,강원도 춘천시 우두동,경상사고,0,0,1,0,차대차 - 기타,안전운전불이행,건조,맑음,교차로 - 교차로안,승합,남,34세,상해없음,화물,여,58세,경상
2019112800100129,2019년 11월 28일 08시,목요일,강원도 원주시 단구동,경상사고,0,0,1,0,차대차 - 정면충돌,안전운전불이행,건조,맑음,교차로 - 교차로안,승용,남,58세,상해없음,자전거,남,14세,경상
2019112800100216,2019년 11월 28일 10시,목요일,강원도 강릉시 포남동,중상사고,0,1,0,0,차대사람 - 기타,안전운전불이행,젖음/습기,비,단일로 - 기타,승용,남,39세,상해없음,보행자,여,50세,중상
2019112800100217,2019년 11월 28일 10시,목요일,강원도 원주시 가현동,경상사고,0,0,5,1,차대차 - 측면충돌,안전운전불이행,건조,맑음,단일로 - 기타,승용,남,76세,상해없음,화물,남,54세,경상
2019112800100248,2019년 11월 28일 11시,목요일,강원도 인제군 기린면,경상사고,0,0,2,0,차대차 - 측면충돌,중앙선침범,건조,맑음,단일로 - 기타,승용,남,20세,상해없음,화물,남,79세,경상
2019112800100342,2019년 11월 28일 14시,목요일,강원도 강릉시 교동,경상사고,0,0,1,0,차대차 - 측면충돌,안전운전불이행,젖음/습기,흐림,교차로 - 교차로안,승용,남,36세,상해없음,승용,남,52세,경상
2019112800100343,2019년 11월 28일 14시,목요일,강원도 원주시 인동,경상사고,0,0,1,0,차대차 - 측면충돌,안전운전불이행,건조,맑음,교차로 - 교차로안,화물,남,74세,상해없음,승용,여,49세,경상
2019112800100373,2019년 11월 28일 15시,목요일,강원도 원주시 부론면,중상사고,0,1,0,0,차대사람 - 횡단중,안전운전불이행,건조,맑음,단일로 - 기타,화물,남,29세,상해없음,보행자,여,86세,중상
2019112800100458,2019년 11월 28일 17시,목요일,강원도 강릉시 홍제동,경상사고,0,0,1,0,차대차 - 측면충돌,안전운전불이행,건조,맑음,교차로 - 교차로안,승용,여,63세,상해없음,승용,남,43세,경상
2019112800100459,2019년 11월 28일 17시,목요일,강원도 속초시 교동,경상사고,0,0,1,0,차대차 - 측면충돌,교차로운행방법위반,젖음/습기,비,교차로 - 교차로안,화물,남,61세,상해없음,승용,여,46세,경상
2019112800100519,2019년 11월 28일 18시,목요일,강원도 강릉시 성산면,중상사고,0,1,6,0,차대차 - 측면충돌,안전운전불이행,건조,맑음,단일로 - 기타,승용,여,48세,상해없음,승합,남,49세,경상
2019112800100582,2019년 11월 28일 19시,목요일,강원도 춘천시 효자동,경상사고,0,0,1,0,차대차 - 측면충돌,안전운전불이행,건조,맑음,교차로 - 교차로안,승용,남,60세,상해없음,승용,남,29세,경상
2019112800100583,2019년 11월 28일 19시,목요일,강원도 원주시 단계동,경상사고,0,0,1,0,차대차 - 기타,안전운전불이행,건조,맑음,단일로 - 기타,승용,남,58세,상해없음,이륜,남,29세,경상
2019112800100584,2019년 11월 28일 19시,목요일,강원도 인제군 서화면,경상사고,0,0,2,0,차대차 - 측면충돌,과속,건조,맑음,교차로 - 교차로안,승용,남,23세,상해없음,승용,남,20세,경상
2019112800100619,2019년 11월 28일 20시,목요일,강원도 화천군 화천읍,경상사고,0,0,2,0,차대차 - 측면충돌,안전운전불이행,건조,맑음,교차로 - 교차로안,승용,여,49세,경상,승합,남,44세,상해없음
2019112800100620,2019년 11월 28일 20시,목요일,강원도 정선군 고한읍,경상사고,0,0,2,0,차대차 - 측면충돌,신호위반,젖음/습기,비,교차로 - 교차로안,승용,남,56세,기타불명,승용,남,38세,경상
2019112900100066,2019년 11월 29일 04시,금요일,강원도 강릉시 포남동,경상사고,0,0,1,0,차대사람 - 횡단중,안전운전불이행,건조,맑음,단일로 - 기타,승용,남,28세,상해없음,보행자,남,63세,경상
2019112900100081,2019년 11월 29일 06시,금요일,강원도 고성군 거진읍,부상신고사고,0,0,0,1,차대차 - 기타,안전운전불이행,서리/결빙,맑음,단일로 - 교량,화물,남,50세,상해없음,승용,여,52세,상해없음
2019112900100082,2019년 11월 29일 06시,금요일,강원도 고성군 거진읍,경상사고,0,0,1,0,차대차 - 측면충돌,안전운전불이행,서리/결빙,기타,단일로 - 교량,승용,여,52세,상해없음,화물,남,50세,경상
2019112900100083,2019년 11월 29일 06시,금요일,강원도 고성군 거진읍,경상사고,0,0,1,0,차대차 - 기타,안전운전불이행,서리/결빙,맑음,단일로 - 교량,승용,남,31세,상해없음,승합,남,42세,상해없음
2019112900100109,2019년 11월 29일 07시,금요일,강원도 원주시 문막읍,경상사고,0,0,1,1,차대차 - 측면충돌,안전거리미확보,건조,맑음,교차로 - 교차로부근,승용,여,40세,부상신고,승용,여,50세,경상
2019112900100110,2019년 11월 29일 07시,금요일,강원도 삼척시 미로면,중상사고,0,2,0,0,차량단독 - 전도전복 - 전도,안전운전불이행,젖음/습기,비,단일로 - 교량,화물,남,44세,상해없음,,,,
2019112900100147,2019년 11월 29일 08시,금요일,강원도 춘천시 신동면,경상사고,0,0,2,0,차대차 - 추돌,안전운전불이행,건조,맑음,단일로 - 기타,승용,남,39세,상해없음,승용,남,63세,경상
2019112900100148,2019년 11월 29일 08시,금요일,강원도 춘천시 소양로3가,경상사고,0,0,1,1,차대차 - 기타,안전운전불이행,건조,맑음,단일로 - 기타,승용,여,74세,부상신고,승용,여,25세,경상
2019112900100149,2019년 11월 29일 08시,금요일,강원도 양양군 서면,중상사고,0,2,0,0,차량단독 - 도로외이탈 - 기타,안전운전불이행,서리/결빙,맑음,단일로 - 교량,화물,남,61세,상해없음,,,,
2019112900100150,2019년 11월 29일 08시,금요일,강원도 속초시 조양동,경상사고,0,0,1,0,차대사람 - 횡단중,신호위반,건조,맑음,교차로 - 교차로횡단보도내,승용,여,62세,상해없음,보행자,남,12세,경상
2019112900100151,2019년 11월 29일 08시,금요일,강원도 삼척시 미로면,경상사고,0,0,2,0,차대차 - 추돌,안전거리미확보,건조,맑음,단일로 - 기타,화물,남,55세,상해없음,화물,남,62세,경상
2019112900100152,2019년 11월 29일 08시,금요일,강원도 고성군 토성면,경상사고,0,0,2,0,차대차 - 추돌,안전거리미확보,서리/결빙,흐림,단일로 - 고가도로위,화물,남,78세,상해없음,승용,남,55세,경상
2019112900100153,2019년 11월 29일 08시,금요일,강원도 동해시 평릉동,중상사고,0,1,0,0,차대차 - 추돌,안전운전불이행,건조,맑음,단일로 - 기타,승용,남,60세,상해없음,화물,남,47세,상해없음
2019112900100154,2019년 11월 29일 08시,금요일,강원도 동해시 북평동,경상사고,0,0,1,0,차대차 - 기타,안전운전불이행,건조,맑음,단일로 - 기타,승용,남,56세,상해없음,승합,남,39세,상해없음
2019112900100238,2019년 11월 29일 10시,금요일,강원도 원주시 개운동,경상사고,0,0,1,0,차대차 - 측면충돌,안전운전불이행,건조,맑음,교차로 - 교차로안,승용,여,63세,상해없음,승용,남,62세,경상
2019112900100239,2019년 11월 29일 10시,금요일,강원도 태백시 장성동,경상사고,0,0,2,0,차대차 - 측면충돌,중앙선침범,건조,맑음,교차로 - 교차로부근,승용,남,43세,상해없음,승용,남,59세,경상
2019112900100310,2019년 11월 29일 12시,금요일,강원도 삼척시 남양동,경상사고,0,0,1,0,차대사람 - 차도통행중,안전운전불이행,건조,맑음,단일로 - 기타,승용,여,61세,상해없음,보행자,남,70세,경상
2019112900100342,2019년 11월 29일 13시,금요일,강원도 강릉시 주문진읍,경상사고,0,0,2,0,차대차 - 정면충돌,중앙선침범,건조,맑음,교차로 - 교차로부근,승용,여,54세,상해없음,승용,남,29세,경상
2019112900100343,2019년 11월 29일 13시,금요일,강원도 원주시 단계동,경상사고,0,0,1,0,차대차 - 정면충돌,안전운전불이행,건조,맑음,교차로 - 교차로안,승용,남,45세,상해없음,이륜,남,68세,경상
2019112900100344,2019년 11월 29일 13시,금요일,강원도 횡성군 청일면,경상사고,0,0,1,1,차대차 - 기타,안전운전불이행,건조,맑음,교차로 - 교차로안,승용,여,47세,부상신고,승용,남,46세,경상
2019112900100386,2019년 11월 29일 14시,금요일,강원도 원주시 인동,부상신고사고,0,0,0,1,차대차 - 측면충돌,교차로운행방법위반,건조,맑음,교차로 - 교차로안,화물,남,32세,상해없음,승용,남,59세,부상신고
2019112900100387,2019년 11월 29일 14시,금요일,강원도 원주시 단계동,경상사고,0,0,1,0,차대차 - 기타,차로위반,건조,맑음,단일로 - 기타,승용,남,38세,상해없음,승합,남,46세,상해없음
2019112900100388,2019년 11월 29일 14시,금요일,강원도 원주시 일산동,경상사고,0,0,1,0,차대차 - 후진중충돌,안전운전불이행,건조,맑음,단일로 - 기타,승용,남,63세,상해없음,화물,남,26세,경상
2019112900100431,2019년 11월 29일 15시,금요일,강원도 춘천시 중앙로2가,경상사고,0,0,2,0,차대차 - 기타,교차로운행방법위반,건조,맑음,교차로 - 교차로안,승합,남,44세,상해없음,승합,남,55세,상해없음
2019112900100432,2019년 11월 29일 15시,금요일,강원도 원주시 개운동,중상사고,0,1,0,0,차대사람 - 기타,안전운전불이행,건조,맑음,주차장 - 주차장,승용,여,60세,상해없음,보행자,여,84세,중상
2019112900100433,2019년 11월 29일 15시,금요일,강원도 속초시 중앙동,중상사고,0,1,1,0,차대차 - 측면충돌,교차로운행방법위반,건조,맑음,교차로 - 교차로안,승용,여,61세,상해없음,승용,남,64세,경상
2019112900100434,2019년 11월 29일 15시,금요일,강원도 속초시 동명동,경상사고,0,0,2,0,차대차 - 후진중충돌,중앙선침범,건조,맑음,단일로 - 고가도로위,승합,남,39세,상해없음,승용,남,27세,경상
2019112900100435,2019년 11월 29일 15시,금요일,강원도 삼척시 정상동,경상사고,0,0,1,0,차대차 - 기타,안전운전불이행,건조,맑음,단일로 - 기타,승용,여,53세,상해없음,원동기,남,39세,경상
2019112900100547,2019년 11월 29일 17시,금요일,강원도 춘천시 동면,경상사고,0,0,1,0,차대차 - 측면충돌,안전거리미확보,건조,맑음,단일로 - 기타,건설기계,남,38세,상해없음,승용,여,47세,경상
2019112900100548,2019년 11월 29일 17시,금요일,강원도 춘천시 석사동,경상사고,0,0,3,0,차대차 - 측면충돌,교차로운행방법위반,건조,맑음,교차로 - 교차로안,승용,여,64세,상해없음,승용,여,50세,경상
2019112900100549,2019년 11월 29일 17시,금요일,강원도 속초시 조양동,경상사고,0,0,1,0,차대차 - 측면충돌,신호위반,건조,맑음,교차로 - 교차로안,승용,남,63세,상해없음,승용,여,53세,경상
2019112900100550,2019년 11월 29일 17시,금요일,강원도 홍천군 북방면,경상사고,0,0,1,0,차대차 - 측면충돌,안전운전불이행,건조,맑음,단일로 - 교량,화물,남,36세,상해없음,화물,남,55세,경상
2019112900100551,2019년 11월 29일 17시,금요일,강원도 홍천군 홍천읍,경상사고,0,0,1,0,차대차 - 추돌,안전거리미확보,건조,맑음,단일로 - 교량,승용,남,28세,상해없음,승합,남,47세,경상
2019112900100613,2019년 11월 29일 18시,금요일,강원도 원주시 단계동,경상사고,0,0,1,0,차대차 - 후진중충돌,안전운전불이행,건조,맑음,단일로 - 기타,승용,남,33세,상해없음,이륜,남,35세,경상
2019112900100614,2019년 11월 29일 18시,금요일,강원도 태백시 황지동,중상사고,0,1,0,0,차대차 - 측면충돌,차로위반,건조,맑음,단일로 - 기타,승용,남,70세,상해없음,승용,남,34세,중상
2019112900100615,2019년 11월 29일 18시,금요일,강원도 정선군 정선읍,경상사고,0,0,1,0,차대사람 - 횡단중,안전운전불이행,건조,맑음,교차로 - 교차로부근,승용,여,61세,상해없음,보행자,여,58세,경상
2019112900100731,2019년 11월 29일 20시,금요일,강원도 춘천시 동내면,경상사고,0,0,1,0,차대차 - 측면충돌,안전운전불이행,건조,맑음,단일로 - 기타,승용,여,60세,상해없음,승용,남,21세,경상
2019112900100732,2019년 11월 29일 20시,금요일,강원도 원주시 명륜동,경상사고,0,0,1,0,차대차 - 측면충돌,안전운전불이행,건조,맑음,교차로 - 교차로안,이륜,남,16세,상해없음,승용,여,28세,경상
2019112900100733,2019년 11월 29일 20시,금요일,강원도 동해시 효가동,경상사고,0,0,1,0,차대사람 - 횡단중,보행자보호의무위반,건조,맑음,교차로 - 교차로횡단보도내,승용,남,63세,상해없음,보행자,남,14세,경상
2019112900100791,2019년 11월 29일 22시,금요일,강원도 속초시 조양동,중상사고,0,1,0,0,차대사람 - 횡단중,안전운전불이행,건조,맑음,교차로 - 교차로안,승용,남,46세,상해없음,보행자,남,45세,중상
2019113000100034,2019년 11월 30일 00시,토요일,강원도 춘천시 후평동,경상사고,0,0,2,0,차대차 - 기타,신호위반,건조,맑음,교차로 - 교차로안,이륜,남,35세,상해없음,승용,남,57세,경상
2019113000100159,2019년 11월 30일 08시,토요일,강원도 화천군 사내면,경상사고,0,0,5,0,차대차 - 측면충돌,안전운전불이행,건조,맑음,단일로 - 기타,승용,남,26세,상해없음,승용,남,40세,경상
2019113000100188,2019년 11월 30일 09시,토요일,강원도 횡성군 우천면,경상사고,0,0,3,0,차대차 - 추돌,안전운전불이행,건조,맑음,단일로 - 기타,건설기계,남,63세,상해없음,승용,남,52세,경상
2019113000100189,2019년 11월 30일 09시,토요일,강원도 철원군 김화읍,중상사고,0,1,2,0,차대차 - 측면충돌,중앙선침범,건조,맑음,단일로 - 기타,승용,여,52세,경상,승용,여,64세,중상
2019113000100214,2019년 11월 30일 10시,토요일,강원도 원주시 단구동,중상사고,0,2,0,0,차대차 - 측면충돌,교차로운행방법위반,건조,맑음,교차로 - 교차로안,승용,여,58세,상해없음,승용,여,51세,중상
2019113000100215,2019년 11월 30일 10시,토요일,강원도 속초시 청학동,경상사고,0,0,1,0,차대사람 - 차도통행중,안전운전불이행,건조,맑음,교차로 - 교차로횡단보도내,화물,남,65세,상해없음,보행자,여,52세,경상
2019113000100297,2019년 11월 30일 12시,토요일,강원도 강릉시 사천면,경상사고,0,0,1,0,차대차 - 측면충돌,중앙선침범,건조,맑음,교차로 - 교차로안,건설기계,남,58세,기타불명,화물,남,39세,경상
2019113000100298,2019년 11월 30일 12시,토요일,강원도 화천군 사내면,경상사고,0,0,2,0,차대차 - 측면충돌,과속,건조,맑음,교차로 - 교차로안,화물,남,65세,경상,승용,남,62세,경상
2019113000100336,2019년 11월 30일 13시,토요일,강원도 강릉시 교동,경상사고,0,0,1,0,차대차 - 측면충돌,안전운전불이행,건조,맑음,교차로 - 교차로안,승용,남,54세,상해없음,승용,여,49세,경상
2019113000100337,2019년 11월 30일 13시,토요일,강원도 강릉시 성산면,경상사고,0,0,1,0,차대차 - 기타,안전운전불이행,건조,맑음,단일로 - 기타,승용,남,43세,상해없음,승용,여,31세,경상
2019113000100338,2019년 11월 30일 13시,토요일,강원도 고성군 거진읍,중상사고,0,1,0,0,차대사람 - 기타,안전운전불이행,건조,맑음,기타 - 기타,화물,남,64세,상해없음,보행자,남,75세,중상
2019113000100369,2019년 11월 30일 14시,토요일,강원도 동해시 망상동,중상사고,0,1,1,0,차대차 - 추돌,안전거리미확보,건조,맑음,단일로 - 기타,승합,남,60세,상해없음,승용,남,66세,중상
2019113000100554,2019년 11월 30일 18시,토요일,강원도 고성군 토성면,중상사고,0,2,0,0,차대차 - 측면충돌,안전운전불이행,건조,맑음,교차로 - 교차로부근,승용,남,64세,상해없음,승용,여,30세,중상
2019113000100607,2019년 11월 30일 19시,토요일,강원도 횡성군 우천면,경상사고,0,0,1,0,차대사람 - 차도통행중,안전운전불이행,건조,맑음,단일로 - 기타,승용,여,53세,상해없음,보행자,남,62세,경상
2019113000100646,2019년 11월 30일 20시,토요일,강원도 춘천시 후평동,중상사고,0,1,0,0,차대사람 - 횡단중,보행자보호의무위반,건조,맑음,교차로 - 교차로횡단보도내,승용,남,46세,상해없음,보행자,여,44세,중상
2019113000100664,2019년 11월 30일 21시,토요일,강원도 원주시 단구동,경상사고,0,0,2,0,차대차 - 측면충돌,교차로운행방법위반,건조,맑음,교차로 - 교차로안,승용,남,59세,상해없음,승용,남,63세,경상
2019113000100665,2019년 11월 30일 21시,토요일,강원도 속초시 교동,경상사고,0,0,1,0,차대차 - 측면충돌,중앙선침범,건조,맑음,기타 - 기타,승용,남,56세,상해없음,이륜,남,28세,경상
2019120100100052,2019년 12월 1일 01시,일요일,강원도 원주시 명륜동,경상사고,0,0,1,0,차대차 - 측면충돌,신호위반,젖음/습기,흐림,교차로 - 교차로안,승용,여,51세,기타불명,이륜,남,25세,경상
2019120100100084,2019년 12월 1일 03시,일요일,강원도 원주시 단계동,경상사고,0,0,1,0,차대차 - 추돌,과속,건조,기타,교차로 - 교차로부근,승용,남,24세,기타불명,승용,남,22세,경상
2019120100100117,2019년 12월 1일 06시,일요일,강원도 원주시 태장동,경상사고,0,0,1,0,차대차 - 측면충돌,신호위반,건조,맑음,교차로 - 교차로안,승용,남,34세,상해없음,승용,여,36세,경상
2019120100100172,2019년 12월 1일 10시,일요일,강원도 홍천군 남면,경상사고,0,0,1,0,차량단독 - 전도전복 - 전복,안전운전불이행,건조,맑음,단일로 - 기타,화물,남,51세,경상,,,,
2019120100100191,2019년 12월 1일 11시,일요일,강원도 춘천시 삼천동,경상사고,0,0,1,0,차대차 - 기타,안전운전불이행,건조,맑음,단일로 - 기타,승용,남,57세,상해없음,승용,남,55세,경상
2019120100100220,2019년 12월 1일 12시,일요일,강원도 강릉시 강문동,경상사고,0,0,2,0,차대차 - 측면충돌,안전운전불이행,건조,흐림,교차로 - 교차로안,승용,여,47세,상해없음,승용,남,45세,경상
2019120100100316,2019년 12월 1일 15시,일요일,강원도 강릉시 청량동,중상사고,0,1,0,0,차대차 - 측면충돌,중앙선침범,건조,맑음,단일로 - 기타,건설기계,남,48세,상해없음,승용,남,44세,중상
2019120100100350,2019년 12월 1일 16시,일요일,강원도 동해시 천곡동,경상사고,0,0,1,0,차대차 - 측면충돌,기타,건조,맑음,교차로 - 교차로안,승용,남,38세,상해없음,승용,여,24세,경상
2019120100100381,2019년 12월 1일 17시,일요일,강원도 춘천시 효자동,경상사고,0,0,2,0,차대차 - 측면충돌,교차로운행방법위반,젖음/습기,비,교차로 - 교차로안,승용,남,37세,기타불명,승용,남,24세,경상
2019120100100433,2019년 12월 1일 18시,일요일,강원도 원주시 학성동,경상사고,0,0,1,0,차대차 - 추돌,안전운전불이행,건조,맑음,교차로 - 교차로부근,승합,남,63세,상해없음,승용,여,48세,경상
2019120100100476,2019년 12월 1일 19시,일요일,강원도 동해시 천곡동,경상사고,0,0,1,0,차대사람 - 횡단중,안전운전불이행,젖음/습기,비,단일로 - 기타,승용,남,35세,상해없음,보행자,남,42세,경상
2019120100100551,2019년 12월 1일 21시,일요일,강원도 원주시 단계동,경상사고,0,0,1,0,차대사람 - 기타,안전운전불이행,건조,맑음,주차장 - 주차장,화물,남,63세,상해없음,보행자,남,20세,경상
2019120100100552,2019년 12월 1일 21시,일요일,강원도 철원군 갈말읍,중상사고,0,1,1,0,차량단독 - 전도전복 - 전도,안전운전불이행,건조,맑음,기타 - 기타,승용,남,27세,경상,,,,
2019120100100571,2019년 12월 1일 22시,일요일,강원도 춘천시 효자동,사망사고,1,0,0,0,차대사람 - 횡단중,안전운전불이행,젖음/습기,비,교차로 - 교차로부근,화물,남,57세,상해없음,보행자,남,63세,사망
2019120200100041,2019년 12월 2일 01시,월요일,강원도 원주시 단계동,경상사고,0,0,1,0,차대차 - 추돌,안전운전불이행,건조,맑음,단일로 - 기타,승용,남,44세,상해없음,승용,남,55세,경상
2019120200100042,2019년 12월 2일 01시,월요일,강원도 홍천군 홍천읍,경상사고,0,0,1,0,차량단독 - 공작물충돌,안전운전불이행,젖음/습기,비,단일로 - 기타,승용,여,54세,경상,,,,
2019120200100115,2019년 12월 2일 08시,월요일,강원도 원주시 문막읍,중상사고,0,1,3,0,차대차 - 측면충돌,신호위반,건조,맑음,교차로 - 교차로안,승합,남,66세,상해없음,승합,남,59세,중상
2019120200100156,2019년 12월 2일 09시,월요일,강원도 인제군 인제읍,경상사고,0,0,1,0,차대차 - 측면충돌,안전운전불이행,건조,맑음,교차로 - 교차로안,승용,여,52세,상해없음,승용,여,40세,경상