사고번호,사고일시,요일,시군구,사고내용,사망자수,중상자수,경상자수,부상신고자수,사고유형,법규위반,노면상태,기상상태,도로형태,가해운전자 차종,가해운전자 성별,가해운전자 연령,가해운전자 상해정도,피해운전자 차종,피해운전자 성별,피해운전자 연령,피해운전자 상해정도
2019121300100701,2019년 12월 13일 21시,금요일,강원도 춘천시 후평동,경상사고,0,0,1,0,차대사람 - 횡단중,보행자보호의무위반,건조,맑음,교차로 - 교차로횡단보도내,승용,여,62세,기타불명,보행자,여,46세,경상
2019121300100735,2019년 12월 13일 22시,금요일,강원도 태백시 황지동,중상사고,0,1,0,0,차대사람 - 기타,안전운전불이행,건조,맑음,단일로 - 기타,승용,여,44세,기타불명,보행자,남,53세,중상
2019121400100035,2019년 12월 14일 00시,토요일,강원도 춘천시 효자동,경상사고,0,0,4,0,차대차 - 추돌,안전운전불이행,젖음/습기,비,교차로 - 교차로부근,승용,남,60세,상해없음,승용,남,57세,경상
2019121400100056,2019년 12월 14일 01시,토요일,강원도 원주시 단구동,경상사고,0,0,2,0,차대차 - 추돌,신호위반,적설,눈,교차로 - 교차로안,승용,여,41세,상해없음,승용,여,26세,경상
2019121400100096,2019년 12월 14일 04시,토요일,강원도 춘천시 효자동,중상사고,0,1,0,0,차대사람 - 횡단중,안전운전불이행,건조,맑음,교차로 - 교차로횡단보도내,승용,여,65세,상해없음,보행자,남,38세,중상
2019121400100134,2019년 12월 14일 06시,토요일,강원도 정선군 사북읍,경상사고,0,0,1,0,차대사람 - 기타,안전운전불이행,젖음/습기,비,교차로 - 교차로안,승용,남,44세,상해없음,보행자,남,48세,경상
2019121400100171,2019년 12월 14일 07시,토요일,강원도 강릉시 옥계면,중상사고,0,1,0,0,차대사람 - 횡단중,안전운전불이행,건조,맑음,단일로 - 기타,승용,남,53세,상해없음,보행자,남,81세,중상
2019121400100172,2019년 12월 14일 07시,토요일,강원도 원주시 소초면,중상사고,0,1,0,0,차대차 - 측면충돌,중앙선침범,적설,맑음,단일로 - 기타,화물,남,53세,상해없음,승용,남,41세,중상
2019121400100206,2019년 12월 14일 08시,토요일,강원도 양양군 강현면,중상사고,0,1,0,0,차대차 - 측면충돌,안전운전불이행,건조,맑음,교차로 - 교차로안,건설기계,남,45세,상해없음,자전거,남,84세,중상
2019121400100238,2019년 12월 14일 09시,토요일,강원도 춘천시 효자동,경상사고,0,0,1,0,차대차 - 기타,안전거리미확보,젖음/습기,비,교차로 - 교차로안,화물,남,48세,상해없음,승용,여,59세,경상
2019121400100239,2019년 12월 14일 09시,토요일,강원도 태백시 장성동,경상사고,0,0,4,0,차대차 - 추돌,안전운전불이행,젖음/습기,눈,교차로 - 교차로부근,건설기계,남,53세,상해없음,승용,남,51세,경상
2019121400100240,2019년 12월 14일 09시,토요일,강원도 인제군 북면,중상사고,0,2,1,0,차대차 - 측면충돌,안전운전불이행,건조,맑음,교차로 - 교차로안,승용,남,58세,상해없음,승용,남,63세,상해없음
2019121400100275,2019년 12월 14일 10시,토요일,강원도 춘천시 남면,경상사고,0,0,2,0,차대차 - 측면충돌,안전운전불이행,젖음/습기,맑음,단일로 - 기타,화물,남,31세,경상,화물,남,52세,경상
2019121400100276,2019년 12월 14일 10시,토요일,강원도 속초시 청호동,중상사고,0,1,0,0,차대차 - 측면충돌,안전운전불이행,건조,맑음,교차로 - 교차로안,승용,남,29세,상해없음,이륜,남,48세,중상
2019121400100346,2019년 12월 14일 12시,토요일,강원도 춘천시 효자동,중상사고,0,1,0,0,차대사람 - 기타,안전운전불이행,건조,맑음,교차로 - 교차로부근,승용,여,53세,상해없음,보행자,남,77세,중상
2019121400100347,2019년 12월 14일 12시,토요일,강원도 춘천시 서면,경상사고,0,0,1,0,차대차 - 추돌,안전거리미확보,건조,맑음,단일로 - 기타,승용,남,52세,상해없음,승용,남,31세,상해없음
2019121400100348,2019년 12월 14일 12시,토요일,강원도 양양군 손양면,중상사고,0,1,0,0,차대차 - 기타,안전거리미확보,건조,맑음,단일로 - 기타,화물,남,51세,상해없음,승용,남,54세,중상
2019121400100429,2019년 12월 14일 14시,토요일,강원도 춘천시 남산면,중상사고,0,1,1,0,차대차 - 측면충돌,중앙선침범,서리/결빙,맑음,단일로 - 기타,승용,남,32세,상해없음,승용,남,54세,경상
2019121400100430,2019년 12월 14일 14시,토요일,강원도 춘천시 근화동,경상사고,0,0,3,0,차대차 - 측면충돌,안전운전불이행,건조,맑음,단일로 - 기타,승용,남,36세,상해없음,승용,여,59세,경상
2019121400100431,2019년 12월 14일 14시,토요일,강원도 춘천시 남산면,중상사고,0,1,0,0,차대차 - 측면충돌,중앙선침범,건조,맑음,단일로 - 기타,승용,여,45세,상해없음,자전거,남,72세,중상
2019121400100432,2019년 12월 14일 14시,토요일,강원도 원주시 부론면,중상사고,0,1,0,0,차대사람 - 차도통행중,안전운전불이행,건조,맑음,단일로 - 기타,승용,남,59세,상해없음,보행자,여,76세,중상
2019121400100473,2019년 12월 14일 15시,토요일,강원도 춘천시 온의동,경상사고,0,0,2,0,차대차 - 기타,중앙선침범,건조,맑음,단일로 - 기타,승용,남,25세,상해없음,승용,남,33세,경상
2019121400100474,2019년 12월 14일 15시,토요일,강원도 원주시 일산동,경상사고,0,0,2,0,차대차 - 추돌,안전운전불이행,건조,맑음,단일로 - 기타,화물,남,49세,상해없음,승용,남,64세,경상
2019121400100558,2019년 12월 14일 17시,토요일,강원도 홍천군 서면,경상사고,0,0,4,0,차대차 - 정면충돌,중앙선침범,건조,맑음,단일로 - 교량,승용,남,20세,상해없음,승용,남,30세,경상
2019121400100559,2019년 12월 14일 17시,토요일,강원도 철원군 갈말읍,중상사고,0,1,0,0,차량단독 - 도로외이탈 - 추락,안전운전불이행,건조,맑음,단일로 - 기타,승용,남,53세,중상,,,,
2019121400100560,2019년 12월 14일 17시,토요일,강원도 동해시 초구동,중상사고,0,1,0,0,차대차 - 기타,안전운전불이행,건조,맑음,교차로 - 교차로안,원동기,남,74세,중상,승용,남,27세,상해없음
2019121400100619,2019년 12월 14일 18시,토요일,강원도 강릉시 옥계면,경상사고,0,0,2,0,차대차 - 추돌,안전운전불이행,건조,맑음,주차장 - 주차장,화물,남,68세,상해없음,승용,남,53세,경상
2019121400100620,2019년 12월 14일 18시,토요일,강원도 원주시 단계동,경상사고,0,0,2,0,차대차 - 추돌,기타,건조,맑음,단일로 - 기타,승합,남,34세,기타불명,승용,여,21세,경상
2019121400100621,2019년 12월 14일 18시,토요일,강원도 삼척시 당저동,중상사고,0,1,0,0,차대차 - 측면충돌,직진우회전진행방해,건조,흐림,교차로 - 교차로안,이륜,남,58세,중상,승용,여,37세,상해없음
2019121400100673,2019년 12월 14일 19시,토요일,강원도 원주시 무실동,경상사고,0,0,1,0,차대차 - 기타,안전거리미확보,건조,맑음,교차로 - 교차로부근,승용,여,34세,상해없음,이륜,남,43세,경상
2019121400100674,2019년 12월 14일 19시,토요일,강원도 원주시 무실동,경상사고,0,0,1,0,차대차 - 기타,신호위반,건조,맑음,교차로 - 교차로안,승용,남,25세,상해없음,이륜,남,41세,경상
2019121400100704,2019년 12월 14일 20시,토요일,강원도 강릉시 포남동,경상사고,0,0,3,0,차대차 - 기타,안전운전불이행,건조,맑음,단일로 - 기타,승용,여,24세,상해없음,승용,남,20세,경상
2019121400100736,2019년 12월 14일 21시,토요일,강원도 원주시 태장동,경상사고,0,0,1,0,차대차 - 추돌,안전거리미확보,건조,맑음,단일로 - 기타,승용,남,44세,상해없음,이륜,남,16세,경상
2019121400100737,2019년 12월 14일 21시,토요일,강원도 원주시 단계동,부상신고사고,0,0,0,1,차대사람 - 횡단중,보행자보호의무위반,건조,기타,교차로 - 교차로부근,기타불명,기타불명,미분류,기타불명,보행자,여,16세,부상신고
2019121400100738,2019년 12월 14일 21시,토요일,강원도 동해시 천곡동,경상사고,0,0,1,0,차대사람 - 기타,안전운전불이행,건조,맑음,교차로 - 교차로안,승용,남,32세,상해없음,보행자,여,61세,경상
2019121400100802,2019년 12월 14일 23시,토요일,강원도 원주시 행구동,경상사고,0,0,1,0,차대차 - 측면충돌,안전거리미확보,건조,맑음,단일로 - 기타,승용,남,59세,상해없음,승용,남,40세,상해없음
2019121500100071,2019년 12월 15일 03시,일요일,강원도 양양군 서면,경상사고,0,0,1,0,차대차 - 추돌,안전운전불이행,건조,맑음,단일로 - 터널,승용,남,29세,상해없음,승용,남,55세,경상
2019121500100092,2019년 12월 15일 05시,일요일,강원도 강릉시 교동,중상사고,0,1,0,0,차대차 - 측면충돌,안전운전불이행,건조,맑음,교차로 - 교차로안,승용,남,40세,상해없음,화물,남,53세,중상
2019121500100111,2019년 12월 15일 06시,일요일,강원도 삼척시 정상동,경상사고,0,0,1,0,차대차 - 추돌,안전운전불이행,건조,흐림,단일로 - 기타,승용,남,26세,상해없음,화물,남,47세,경상
2019121500100152,2019년 12월 15일 09시,일요일,강원도 강릉시 강동면,경상사고,0,0,1,0,차대차 - 기타,안전운전불이행,건조,맑음,단일로 - 기타,승용,여,58세,상해없음,승용,남,43세,상해없음
2019121500100153,2019년 12월 15일 09시,일요일,강원도 원주시 소초면,중상사고,0,1,0,0,차대차 - 측면충돌,안전거리미확보,건조,맑음,교차로 - 교차로안,화물,남,58세,기타불명,화물,남,48세,중상
2019121500100179,2019년 12월 15일 10시,일요일,강원도 강릉시 주문진읍,중상사고,0,1,0,0,차대사람 - 기타,안전운전불이행,건조,맑음,기타 - 기타,승용,여,59세,상해없음,보행자,여,69세,중상
2019121500100180,2019년 12월 15일 10시,일요일,강원도 양양군 양양읍,경상사고,0,0,1,0,차대차 - 측면충돌,안전운전불이행,건조,맑음,교차로 - 교차로부근,화물,여,76세,상해없음,승용,남,78세,경상
2019121500100206,2019년 12월 15일 11시,일요일,강원도 원주시 단구동,경상사고,0,0,1,0,차대차 - 기타,안전거리미확보,건조,맑음,단일로 - 기타,이륜,남,35세,상해없음,승용,남,44세,경상
2019121500100225,2019년 12월 15일 12시,일요일,강원도 강릉시 용강동,경상사고,0,0,1,0,차대차 - 측면충돌,안전운전불이행,건조,맑음,교차로 - 교차로안,승용,남,60세,상해없음,원동기,남,19세,경상
2019121500100281,2019년 12월 15일 14시,일요일,강원도 원주시 행구동,경상사고,0,0,3,0,차대차 - 측면충돌,안전운전불이행,건조,맑음,단일로 - 기타,승용,남,54세,경상,승용,남,33세,경상
2019121500100414,2019년 12월 15일 18시,일요일,강원도 원주시 지정면,경상사고,0,0,1,0,차대차 - 정면충돌,신호위반,건조,맑음,교차로 - 교차로안,승용,여,57세,상해없음,승용,남,26세,경상
2019121500100415,2019년 12월 15일 18시,일요일,강원도 원주시 흥업면,중상사고,0,1,0,0,차대차 - 측면충돌,안전운전불이행,건조,맑음,교차로 - 교차로안,승용,남,47세,상해없음,이륜,남,53세,중상
2019121500100416,2019년 12월 15일 18시,일요일,강원도 원주시 중앙동,경상사고,0,0,2,0,차대차 - 측면충돌,안전운전불이행,건조,맑음,교차로 - 교차로안,승용,남,67세,상해없음,이륜,남,16세,경상
2019121500100417,2019년 12월 15일 18시,일요일,강원도 홍천군 서면,경상사고,0,0,1,0,차대사람 - 횡단중,안전운전불이행,건조,맑음,교차로 - 교차로부근,승용,남,36세,상해없음,보행자,남,65세,경상
2019121500100456,2019년 12월 15일 19시,일요일,강원도 속초시 동명동,경상사고,0,0,4,0,차대차 - 측면충돌,안전운전불이행,건조,맑음,교차로 - 교차로안,승합,남,58세,상해없음,승용,여,38세,경상
2019121500100457,2019년 12월 15일 19시,일요일,강원도 홍천군 북방면,경상사고,0,0,4,0,차대차 - 추돌,안전운전불이행,건조,맑음,교차로 - 교차로부근,승용,남,43세,상해없음,승용,남,52세,경상
2019121500100500,2019년 12월 15일 21시,일요일,강원도 춘천시 교동,경상사고,0,0,1,0,차대차 - 측면충돌,안전거리미확보,건조,맑음,교차로 - 교차로안,승용,남,49세,상해없음,이륜,남,21세,경상
2019121600100087,2019년 12월 16일 06시,월요일,강원도 원주시 단계동,경상사고,0,0,1,0,차대차 - 측면충돌,신호위반,건조,맑음,교차로 - 교차로안,승용,남,24세,상해없음,화물,남,43세,경상
2019121600100110,2019년 12월 16일 07시,월요일,강원도 횡성군 횡성읍,중상사고,0,1,1,0,차대차 - 측면충돌,안전운전불이행,건조,맑음,교차로 - 교차로안,승용,여,55세,경상,승용,남,46세,중상
2019121600100148,2019년 12월 16일 08시,월요일,강원도 인제군 북면,중상사고,0,1,0,0,차대차 - 추돌,안전운전불이행,젖음/습기,맑음,교차로 - 교차로부근,화물,남,21세,상해없음,승용,남,48세,중상
2019121600100149,2019년 12월 16일 08시,월요일,강원도 고성군 토성면,경상사고,0,0,2,0,차대차 - 추돌,안전운전불이행,건조,맑음,교차로 - 교차로부근,화물,남,58세,상해없음,승용,남,60세,경상
2019121600100150,2019년 12월 16일 08시,월요일,강원도 양구군 동면,경상사고,0,0,1,0,차대차 - 측면충돌,중앙선침범,건조,맑음,단일로 - 기타,승용,남,23세,상해없음,승용,여,32세,경상
2019121600100151,2019년 12월 16일 08시,월요일,강원도 동해시 천곡동,경상사고,0,0,3,0,차대차 - 측면충돌,신호위반,건조,맑음,교차로 - 교차로안,승용,남,49세,상해없음,승용,여,46세,경상
2019121600100187,2019년 12월 16일 09시,월요일,강원도 삼척시 근덕면,경상사고,0,0,1,0,차대차 - 측면충돌,안전운전불이행,건조,맑음,교차로 - 교차로안,건설기계,남,50세,상해없음,화물,남,81세,상해없음
2019121600100292,2019년 12월 16일 12시,월요일,강원도 강릉시 입암동,경상사고,0,0,1,0,차대차 - 측면충돌,안전운전불이행,건조,맑음,단일로 - 기타,화물,남,71세,기타불명,승용,여,43세,경상
2019121600100431,2019년 12월 16일 16시,월요일,강원도 춘천시 퇴계동,경상사고,0,0,1,0,차대차 - 기타,교차로운행방법위반,건조,맑음,교차로 - 교차로횡단보도내,화물,남,45세,상해없음,자전거,남,13세,경상
2019121600100478,2019년 12월 16일 17시,월요일,강원도 고성군 토성면,경상사고,0,0,1,0,차대차 - 추돌,안전운전불이행,건조,맑음,기타 - 기타,승합,남,48세,상해없음,승용,남,56세,경상
2019121600100529,2019년 12월 16일 18시,월요일,강원도 원주시 명륜동,중상사고,0,1,0,0,차대사람 - 횡단중,안전운전불이행,건조,맑음,교차로 - 교차로안,승용,여,66세,상해없음,보행자,남,77세,중상
2019121600100530,2019년 12월 16일 18시,월요일,강원도 원주시 반곡동,경상사고,0,0,1,0,차대차 - 측면충돌,안전거리미확보,건조,맑음,교차로 - 교차로부근,승용,여,65세,기타불명,승합,남,31세,경상
2019121600100531,2019년 12월 16일 18시,월요일,강원도 화천군 사내면,경상사고,0,0,1,0,차대사람 - 길가장자리구역통행중,안전운전불이행,건조,맑음,단일로 - 기타,승용,남,31세,상해없음,보행자,여,66세,경상
2019121600100532,2019년 12월 16일 18시,월요일,강원도 철원군 서면,경상사고,0,0,1,0,차대차 - 측면충돌,신호위반,건조,맑음,교차로 - 교차로안,화물,남,59세,상해없음,화물,남,26세,경상
2019121600100589,2019년 12월 16일 19시,월요일,강원도 정선군 고한읍,부상신고사고,0,0,0,1,차대차 - 정면충돌,중앙선침범,젖음/습기,맑음,단일로 - 기타,승용,남,28세,상해없음,승합,남,22세,부상신고
2019121700100021,2019년 12월 17일 00시,화요일,강원도 원주시 단구동,경상사고,0,0,1,0,차대차 - 측면충돌,교차로운행방법위반,건조,맑음,교차로 - 교차로안,승용,남,25세,상해없음,승용,남,36세,경상
2019121700100042,2019년 12월 17일 03시,화요일,강원도 강릉시 포남동,중상사고,0,1,0,0,차대차 - 측면충돌,안전운전불이행,건조,맑음,단일로 - 기타,승용,남,60세,상해없음,원동기,남,51세,중상
2019121700100067,2019년 12월 17일 06시,화요일,강원도 평창군 용평면,경상사고,0,0,1,0,차대차 - 추돌,안전운전불이행,서리/결빙,흐림,단일로 - 기타,화물,남,44세,상해없음,승용,여,39세,경상
2019121700100093,2019년 12월 17일 07시,화요일,강원도 원주시 단구동,경상사고,0,0,1,0,차대차 - 측면충돌,교차로운행방법위반,젖음/습기,맑음,교차로 - 교차로안,승합,남,67세,상해없음,승용,여,50세,경상
2019121700100169,2019년 12월 17일 09시,화요일,강원도 춘천시 퇴계동,경상사고,0,0,1,0,차대차 - 추돌,안전운전불이행,젖음/습기,비,교차로 - 교차로부근,승용,남,58세,상해없음,승용,여,34세,경상
2019121700100208,2019년 12월 17일 10시,화요일,강원도 원주시 우산동,경상사고,0,0,1,0,차대차 - 기타,안전운전불이행,젖음/습기,비,주차장 - 주차장,승용,남,55세,상해없음,승용,여,45세,경상
2019121700100288,2019년 12월 17일 13시,화요일,강원도 춘천시 중앙로2가,경상사고,0,0,1,0,차대사람 - 길가장자리구역통행중,안전운전불이행,젖음/습기,흐림,단일로 - 기타,승용,남,58세,상해없음,보행자,여,28세,경상
2019121700100289,2019년 12월 17일 13시,화요일,강원도 원주시 중앙동,경상사고,0,0,1,0,차대차 - 추돌,안전운전불이행,젖음/습기,비,단일로 - 기타,승용,여,30세,상해없음,승용,여,50세,상해없음
2019121700100317,2019년 12월 17일 14시,화요일,강원도 홍천군 화촌면,경상사고,0,0,1,0,차대차 - 추돌,안전운전불이행,젖음/습기,흐림,교차로 - 교차로부근,승합,남,20세,상해없음,화물,남,68세,경상
2019121700100318,2019년 12월 17일 14시,화요일,강원도 태백시 황지동,중상사고,0,1,0,0,차대사람 - 횡단중,보행자보호의무위반,젖음/습기,흐림,교차로 - 교차로부근,승용,여,55세,상해없음,보행자,남,76세,중상
2019121700100319,2019년 12월 17일 14시,화요일,강원도 태백시 동점동,경상사고,0,0,1,0,차대차 - 측면충돌,차로위반,건조,맑음,단일로 - 기타,화물,남,56세,상해없음,승용,여,42세,경상
2019121700100351,2019년 12월 17일 15시,화요일,강원도 원주시 소초면,중상사고,0,1,3,0,차대차 - 정면충돌,중앙선침범,건조,맑음,단일로 - 기타,승용,남,78세,상해없음,승용,남,27세,경상
2019121700100397,2019년 12월 17일 16시,화요일,강원도 춘천시 석사동,경상사고,0,0,1,0,차대차 - 추돌,안전운전불이행,건조,맑음,단일로 - 기타,승용,남,52세,상해없음,승용,남,62세,경상
2019121700100431,2019년 12월 17일 17시,화요일,강원도 춘천시 후평동,경상사고,0,0,1,0,차대차 - 기타,교차로운행방법위반,젖음/습기,흐림,교차로 - 교차로안,승합,남,48세,상해없음,이륜,남,46세,경상
2019121700100432,2019년 12월 17일 17시,화요일,강원도 원주시 단구동,경상사고,0,0,4,0,차대차 - 측면충돌,안전운전불이행,건조,맑음,교차로 - 교차로안,승용,여,56세,경상,승용,남,24세,경상
2019121700100470,2019년 12월 17일 18시,화요일,강원도 춘천시 후평동,부상신고사고,0,0,0,1,차대차 - 기타,기타,젖음/습기,흐림,교차로 - 교차로안,승용,여,56세,상해없음,이륜,남,17세,부상신고
2019121700100471,2019년 12월 17일 18시,화요일,강원도 속초시 교동,경상사고,0,0,1,0,차대차 - 정면충돌,직진우회전진행방해,건조,맑음,교차로 - 교차로안,승용,남,72세,상해없음,이륜,남,31세,경상
2019121700100472,2019년 12월 17일 18시,화요일,강원도 홍천군 홍천읍,경상사고,0,0,1,0,차대차 - 측면충돌,교차로운행방법위반,젖음/습기,안개,교차로 - 교차로안,승용,남,17세,경상,승용,남,42세,상해없음
2019121700100523,2019년 12월 17일 19시,화요일,강원도 춘천시 석사동,경상사고,0,0,1,0,차대사람 - 기타,안전운전불이행,건조,맑음,교차로 - 교차로부근,승용,남,45세,상해없음,보행자,여,18세,경상
2019121700100524,2019년 12월 17일 19시,화요일,강원도 원주시 단구동,중상사고,0,1,1,0,차대차 - 추돌,안전운전불이행,젖음/습기,비,단일로 - 기타,승용,남,24세,상해없음,이륜,남,20세,경상
2019121700100611,2019년 12월 17일 22시,화요일,강원도 춘천시 온의동,경상사고,0,0,1,0,차대차 - 측면충돌,신호위반,건조,맑음,교차로 - 교차로안,승용,여,45세,상해없음,승용,남,26세,경상
2019121700100612,2019년 12월 17일 22시,화요일,강원도 원주시 소초면,경상사고,0,0,2,0,차대차 - 측면충돌,안전운전불이행,젖음/습기,흐림,단일로 - 기타,승용,남,59세,상해없음,승용,남,61세,상해없음
2019121700100640,2019년 12월 17일 23시,화요일,강원도 원주시 개운동,경상사고,0,0,1,0,차대차 - 측면충돌,교차로운행방법위반,건조,맑음,교차로 - 교차로안,승용,여,57세,상해없음,승용,남,35세,경상
2019121800100037,2019년 12월 18일 00시,수요일,강원도 강릉시 포남동,경상사고,0,0,1,0,차대차 - 측면충돌,안전운전불이행,건조,맑음,교차로 - 교차로안,승용,여,46세,상해없음,승합,남,33세,경상
2019121800100058,2019년 12월 18일 03시,수요일,강원도 원주시 단구동,경상사고,0,0,1,0,차대차 - 추돌,안전운전불이행,건조,맑음,교차로 - 교차로안,승용,남,22세,상해없음,승용,남,51세,경상
2019121800100071,2019년 12월 18일 05시,수요일,강원도 강릉시 성남동,사망사고,1,0,0,0,차대차 - 측면충돌,안전운전불이행,건조,흐림,교차로 - 교차로안,원동기,남,61세,사망,화물,남,62세,상해없음
2019121800100092,2019년 12월 18일 07시,수요일,강원도 삼척시 남양동,경상사고,0,0,1,0,차대사람 - 횡단중,보행자보호의무위반,젖음/습기,비,단일로 - 기타,화물,남,63세,상해없음,보행자,여,17세,경상
2019121800100146,2019년 12월 18일 09시,수요일,강원도 원주시 소초면,중상사고,0,1,0,0,차대사람 - 기타,기타,건조,맑음,단일로 - 기타,화물,남,49세,기타불명,보행자,남,37세,중상
2019121800100196,2019년 12월 18일 11시,수요일,강원도 원주시 문막읍,경상사고,0,0,1,0,차대차 - 후진중충돌,안전운전불이행,건조,맑음,교차로 - 교차로안,화물,남,52세,상해없음,승용,여,39세,경상
2019121800100295,2019년 12월 18일 14시,수요일,강원도 강릉시 포남동,경상사고,0,0,1,0,차대차 - 추돌,안전운전불이행,건조,맑음,주차장 - 주차장,승용,남,75세,상해없음,승용,여,41세,경상
2019121800100296,2019년 12월 18일 14시,수요일,강원도 삼척시 사직동,경상사고,0,0,2,0,차대차 - 추돌,안전거리미확보,건조,맑음,교차로 - 교차로부근,건설기계,남,50세,기타불명,승용,여,54세,경상
2019121800100352,2019년 12월 18일 16시,수요일,강원도 강릉시 입암동,경상사고,0,0,1,0,차대차 - 후진중충돌,안전운전불이행,건조,맑음,단일로 - 기타,승용,남,49세,상해없음,승용,남,53세,경상
2019121800100353,2019년 12월 18일 16시,수요일,강원도 원주시 행구동,경상사고,0,0,1,0,차대차 - 기타,안전운전불이행,건조,맑음,교차로 - 교차로안,기타불명,기타불명,미분류,기타불명,자전거,남,16세,경상
2019121800100380,2019년 12월 18일 17시,수요일,강원도 원주시 단계동,경상사고,0,0,1,0,차대차 - 측면충돌,안전거리미확보,건조,맑음,교차로 - 교차로안,승용,남,59세,상해없음,승용,남,37세,경상
2019121800100381,2019년 12월 18일 17시,수요일,강원도 평창군 대관령면,경상사고,0,0,1,0,차대차 - 측면충돌,안전운전불이행,건조,맑음,단일로 - 기타,승용,여,49세,상해없음,승용,남,46세,경상
2019121800100437,2019년 12월 18일 18시,수요일,강원도 춘천시 석사동,경상사고,0,0,1,0,차대차 - 추돌,안전운전불이행,건조,맑음,단일로 - 기타,화물,남,45세,상해없음,승용,남,31세,경상
2019121800100438,2019년 12월 18일 18시,수요일,강원도 원주시 단구동,경상사고,0,0,1,0,차량단독 - 공작물충돌,안전운전불이행,건조,맑음,교차로 - 교차로안,이륜,남,17세,경상,,,,
2019121800100490,2019년 12월 18일 19시,수요일,강원도 춘천시 효자동,중상사고,0,1,0,0,차대차 - 측면충돌,기타,건조,맑음,교차로 - 교차로부근,승용,남,47세,상해없음,이륜,남,62세,중상
2019121800100491,2019년 12월 18일 19시,수요일,강원도 동해시 천곡동,경상사고,0,0,3,0,차대차 - 측면충돌,직진우회전진행방해,건조,맑음,교차로 - 교차로안,승용,여,57세,경상,승용,남,27세,경상
2019121800100535,2019년 12월 18일 20시,수요일,강원도 강릉시 포남동,중상사고,0,1,0,0,차대사람 - 횡단중,안전운전불이행,건조,맑음,단일로 - 기타,승용,남,57세,상해없음,보행자,남,43세,중상
2019121800100587,2019년 12월 18일 22시,수요일,강원도 원주시 행구동,경상사고,0,0,2,0,차대사람 - 횡단중,보행자보호의무위반,건조,맑음,교차로 - 교차로횡단보도내,승용,여,41세,상해없음,보행자,여,25세,경상
2019121800100588,2019년 12월 18일 22시,수요일,강원도 원주시 봉산동,경상사고,0,0,1,0,차대차 - 추돌,안전운전불이행,건조,맑음,교차로 - 교차로부근,승용,남,25세,상해없음,승용,남,48세,경상
2019121800100589,2019년 12월 18일 22시,수요일,강원도 철원군 서면,중상사고,0,1,0,0,차대차 - 측면충돌,기타,건조,맑음,교차로 - 교차로안,이륜,남,25세,중상,승용,남,61세,상해없음
2019121900100050,2019년 12월 19일 01시,목요일,강원도 춘천시 효자동,경상사고,0,0,1,0,차대차 - 기타,안전거리미확보,건조,맑음,단일로 - 기타,승용,남,29세,상해없음,승용,남,65세,경상
2019121900100051,2019년 12월 19일 01시,목요일,강원도 원주시 무실동,경상사고,0,0,1,0,차대차 - 기타,신호위반,건조,맑음,교차로 - 교차로안,승용,남,27세,상해없음,승용,남,34세,경상
2019121900100064,2019년 12월 19일 02시,목요일,강원도 원주시 우산동,사망사고,1,0,0,0,차대차 - 측면충돌,안전운전불이행,건조,맑음,교차로 - 교차로안,승용,남,68세,사망,화물,남,41세,기타불명
2019121900100094,2019년 12월 19일 06시,목요일,강원도 원주시 태장동,경상사고,0,0,2,0,차대차 - 측면충돌,교차로운행방법위반,건조,맑음,교차로 - 교차로안,승용,남,59세,상해없음,승합,남,24세,경상
2019121900100095,2019년 12월 19일 06시,목요일,강원도 고성군 토성면,경상사고,0,0,1,0,차대차 - 기타,안전운전불이행,건조,맑음,교차로 - 교차로안,승용,남,53세,상해없음,자전거,남,68세,경상
2019121900100096,2019년 12월 19일 06시,목요일,강원도 동해시 부곡동,사망사고,1,0,0,0,차대사람 - 횡단중,안전운전불이행,건조,맑음,단일로 - 기타,승용,여,64세,상해없음,보행자,여,74세,사망
2019121900100180,2019년 12월 19일 09시,목요일,강원도 춘천시 후평동,경상사고,0,0,1,0,차대사람 - 기타,안전운전불이행,건조,맑음,기타 - 기타,승용,여,38세,상해없음,보행자,남,59세,경상
2019121900100204,2019년 12월 19일 10시,목요일,강원도 원주시 명륜동,경상사고,0,0,2,0,차대차 - 측면충돌,직진우회전진행방해,건조,맑음,교차로 - 교차로안,승용,여,52세,상해없음,승용,여,45세,경상
2019121900100228,2019년 12월 19일 11시,목요일,강원도 원주시 지정면,경상사고,0,0,1,0,차대차 - 측면충돌,교차로운행방법위반,건조,맑음,교차로 - 교차로안,화물,남,46세,상해없음,승용,남,56세,경상
2019121900100229,2019년 12월 19일 11시,목요일,강원도 영월군 영월읍,중상사고,0,1,0,0,차대차 - 측면충돌,교차로운행방법위반,건조,맑음,교차로 - 교차로안,승용,남,55세,상해없음,승용,남,35세,중상
2019121900100277,2019년 12월 19일 12시,목요일,강원도 강릉시 강문동,경상사고,0,0,1,0,차대차 - 측면충돌,안전운전불이행,건조,맑음,교차로 - 교차로안,승용,남,39세,상해없음,사륜오토바이(ATV),남,38세,경상
2019121900100315,2019년 12월 19일 13시,목요일,강원도 춘천시 동면,경상사고,0,0,1,1,차대차 - 기타,안전운전불이행,건조,맑음,단일로 - 기타,승용,남,47세,상해없음,승용,남,54세,부상신고